zip,path,uncompressed_size,crc,sha256_extracted
Cocolon_前提資料(180).zip,Cocolon_前提資料/00_karen_read_first.md,167381,cfefe3c8,3b7611bc711b8cc7bca5f30106af29a34e4442c2937680c500a0f0d75d93f6d0
Cocolon_前提資料(180).zip,Cocolon_前提資料/01A_cocolon_overall_structure_app_foundation_home.md,182729,32ba4c09,07946b578f1b0cf854d7e16a2a8678a870a97b9ee501082db18de186fd3deb85
Cocolon_前提資料(180).zip,Cocolon_前提資料/01B_cocolon_overall_structure_analysis_piece_emotionlog_ranking.md,181826,77ffb912,8d14cb804f606a089e84761a17e1f9be028e003b99a57f65c01e6d6b7b014ab7
Cocolon_前提資料(180).zip,Cocolon_前提資料/01C_cocolon_overall_structure_account_subscription_backend_support.md,260480,7002469a,2a9f4ad396b2d21e719c552e524345da454b5315a35809159416e9409d2a6259
Cocolon_前提資料(180).zip,Cocolon_前提資料/01_cocolon_overall_structure.md,238068,be74d91e,1ef73e6ce88c73813d9c154e8b0e874cc34e39433c65e7c945f8160609d6d308
Cocolon_前提資料(180).zip,Cocolon_前提資料/02A_cocolon_national_system_input_save_dispatch.md,132940,0011b4cc,2e149ad2cc69e80cc424198812eae206e3ce521ce8d2dc41c58cc97956c6e397
Cocolon_前提資料(180).zip,Cocolon_前提資料/02B_cocolon_national_system_snapshot_worker_publish_read.md,192810,67c56d30,ff34c5d8f9b5692529a46b2a788a8b9e6d24b52e95000bb4acdc40e96fd36f12
Cocolon_前提資料(180).zip,Cocolon_前提資料/02C_cocolon_contract_boundary_validation.md,190095,a7009848,2eb2172e5abaccbc2d25529074d891e7b64b301e114bc9601dd67d7e601de5d1
Cocolon_前提資料(180).zip,Cocolon_前提資料/02_cocolon_national_system.md,152679,9e27f569,5f5f0a6a3aed2ffc4bd1e9461f3e6e8b32598a98d41a46fc66316f58bdfe92fb
Cocolon_前提資料(180).zip,Cocolon_前提資料/03_cocolon_naming_system.md,75144,e19fc3b3,cb9f969c48aaab374428db2936bb9e29bf9fa9827632232d1100d3a1996a6c22
Cocolon_前提資料(180).zip,Cocolon_前提資料/04_cocolon_change_theme_checklist.md,43976,c25f856c,86cd69f4d06a7471855b8991b3a0b91007816166691f23f280bf9865079be7bc
Cocolon_前提資料(180).zip,Cocolon_前提資料/05_cocolon_rule_file_index.md,115595,abdc938b,f172adca6e361fbe012a0fc2de9b3667039bcecf6fd59a850e8cdb6315baccf4
Cocolon_前提資料(180).zip,Cocolon_前提資料/06_cocolon_filename_change_hold_ledger.md,14339,d6ea5aaa,266a5fba52154c404a118628a945b202d28d5d04ccb5e4a5092cab19cc0af37a
Cocolon_前提資料(180).zip,Cocolon_前提資料/07_latest_snapshot_diff.md,340196,d538a1b5,0c45b31308fe1892e854333efe95c3d6b61ebd6db5b9f425ca9ab4edb38180ca
Cocolon_前提資料(180).zip,Cocolon_前提資料/08_cocolon_db_rename_boundary.md,79150,04d1fe8a,e38bae62ccf47cdef7f4b801e6755d13a24bbc748b6edaf1a8c826d187d36723
Cocolon_前提資料(180).zip,Cocolon_前提資料/09_naming_boundary.md,69599,6b53e2a3,be62bd861a57698094a44f72a91a5a9570c11b46d549d08c6d0f46f5c3f5e521
Cocolon_前提資料(180).zip,Cocolon_前提資料/10_cocolon_joint_development_karen_thought_boundary_2026_05_24.md,7356,312767a6,852099d57992600b1a73264f422049254c234d44aa0fb559ebe22cc65b93d226
Cocolon_前提資料(180).zip,Cocolon_前提資料/Cocolon_EmlisAI_NormalObservation_PublicRecovery_ImplementationStatus_2026-06-06.md,3896,0f97b0a2,dd18b8d9fc6612e2b0620cb43cd38d57dbc976753036352456ca7adcabb1d0bc
Cocolon_前提資料(180).zip,Cocolon_前提資料/Cocolon_EmlisAI_UserLabelConnectionObservation_v1_Design_2026-06-03.md,88333,f45cdc92,bf2ae2f147e0d5045e67477fd09bdedfcf3f857ceca913db54935995501438c6
Cocolon_前提資料(180).zip,Cocolon_前提資料/cocolon_environment_state_output_observation_structure_design_2026_05_25.md,55234,d352d42c,924b709b940957b0a2b1e76bcf37c0f36ebdc1720ba16998058cae19c5b9eca8
Cocolon_前提資料(180).zip,Cocolon_前提資料/cocolon_local_file_inventory_20260605.csv,176603,7c8932e0,98d8952844a3fb3a1e28282e7a60b45e882638d95a25dd55beceee48473c3694
Cocolon_前提資料(180).zip,Cocolon_前提資料/cocolon_local_file_inventory_20260606.csv,178752,b23f3944,0470e07aff5197281c45274738de1df4e5582651475715e69657a8eacc590f88
Cocolon_前提資料(180).zip,Cocolon_前提資料/cocolon_local_file_inventory_diff_20260606.csv,5249,a5aab035,9a20e0b4b66d11267a26ed487ad4b383a2733ac628dab0fcbb4166ba2fc8b794
Cocolon_前提資料(180).zip,Cocolon_前提資料/cocolon_thought_material_for_karen.md,56295,c39187c0,f769cbc3d61fbcdfdb83afac7bbf984c8953ee6686ab4d64f82bcfd63c3170cf
Cocolon_前提資料(180).zip,Cocolon_前提資料/emlisai_local_review_evidence_20260605.md,27033,e043e150,0e677b47aa02436f5580ebd9fc54be8b54fb917e4c44c6928207f1e3bef21b20
Cocolon_前提資料(180).zip,Cocolon_前提資料/emlis_ai_correction_policy_withdrawal_retention_redesign_2026_05_31.md,65933,792d963c,ed6d298a55add7dd7d8b0a7c276052a27828ac019b53a80114b34094abf70744
Cocolon_前提資料(180).zip,Cocolon_前提資料/emlis_ai_state_answer_human_follow_definition_2026_05_26.md,78266,15ec6505,c09a79ac700d668d0bc875df899978a4d251affa9980f6c16a5cbb6a889a3b93
Cocolon_前提資料(180).zip,Cocolon_前提資料/manifest.json,343570,6a60ead6,f3e02380fbb9d9ed4cfe83087493bcf2e319c7cc73dd4a4db75d27d81f8038cc
Cocolon_前提資料(180).zip,Cocolon_前提資料/work_attitude_rules_for_karen/00_read_first.txt,6405,5bb6d312,ae3269d8acd4ce44099e9641c17fe30a90092b21642df1484c7199cc9707b58e
Cocolon_前提資料(180).zip,Cocolon_前提資料/work_attitude_rules_for_karen/01_cocolon_business_life_funding_source.txt,2052,00a2d741,c774abcecac9f2f136a9b9062443ec87c1d472e68b983357d50368d4b1764362
Cocolon_前提資料(180).zip,Cocolon_前提資料/work_attitude_rules_for_karen/02_forbidden_assumed_understanding_unverified_assertion.txt,2006,bd9463df,30caaa3c0cc144e16fe7107254fc089b44f50f90e3b685ee28906a4bafe22aed
Cocolon_前提資料(180).zip,Cocolon_前提資料/work_attitude_rules_for_karen/03_forbidden_insufficient_premise_and_actual_file_check.txt,2314,9acaaa62,837a918ba261027fe1444a47c6a848011a0614a7b83808b9b5446a8fbc0040bd
Cocolon_前提資料(180).zip,Cocolon_前提資料/work_attitude_rules_for_karen/04_forbidden_mixing_design_and_implementation.txt,1855,f74cb46f,36618e2ef5ae3005d5ec549653efdec46c4133ff8b6616ed5502df8e09a2cecb
Cocolon_前提資料(180).zip,Cocolon_前提資料/work_attitude_rules_for_karen/05_forbidden_unrequested_completion_and_structure_addition.txt,3870,c4784a4e,27d73dc4c19e6143d0e2f8ef377d0ac061189465cf2af050a03a284d17dd7940
Cocolon_前提資料(180).zip,Cocolon_前提資料/work_attitude_rules_for_karen/06_forbidden_mentalization_and_template_apology.txt,2082,625e138d,cdb546bb15a81b99423707bb851f3106535226815ecf753fb1f0c95cb73eb101
Cocolon_前提資料(180).zip,Cocolon_前提資料/work_attitude_rules_for_karen/07_forbidden_shifting_burden_to_user.txt,1912,cf8f6121,9452ed77a8d604daf5858fa5c8c20073811ea3533cf43f5019847c09a152cfe3
Cocolon_前提資料(180).zip,Cocolon_前提資料/work_attitude_rules_for_karen/08_artifact_delivery_rules.txt,1838,9b547b83,e1a69e5d384a3b05d493d0f950d5238949c556df5b5524b78c663f0eb1a51b61
Cocolon_前提資料(180).zip,Cocolon_前提資料/work_attitude_rules_for_karen/09_work_start_checklist.txt,5929,761c91cd,d0a069cbe0853264f80d14565e44b956b2596aa41a691d78c0858c5a2db89d89
Cocolon_前提資料(180).zip,Cocolon_前提資料/work_attitude_rules_for_karen/10_stop_judgment_and_unwritten_rules.txt,2971,deb92def,76d597648040a69e8abe3b69eedece9f67929da6de4dd90a788811a13c6881f9
Cocolon_前提資料(180).zip,Cocolon_前提資料/work_attitude_rules_for_karen/11_cocolon_area_specific_do_not_break.txt,2687,6658237f,5d96cb87ce9b3f59ce85efaaec09ddc8c6689dbf9da944c45616dd2d3ee56055
Cocolon_前提資料(180).zip,Cocolon_前提資料/work_attitude_rules_for_karen/12_check_items_not_short_oath.txt,1195,8e7f0c65,42f91f6237834f210cd24cc4d14643cdd665e673e70cfa0ab34dcdb4e0eaaa40
Cocolon_前提資料(180).zip,Cocolon_前提資料/work_attitude_rules_for_karen/13_forbidden_reasking_existing_design_and_design_term_escape.txt,6939,c75d3136,2bc7be5d445763a38a757011d3b71bb126272039e17260f4b6f8a6b2b20dadc1
Cocolon_前提資料(180).zip,Cocolon_前提資料/work_attitude_rules_for_karen/14_cocolon_joint_development_and_karen_thought_boundary.txt,3568,83e9438a,2247af3363a5be6cf38f91c2a7f70c8bc9b4a2c1999741d23c284ae0dd7c9946
Cocolon_前提資料(180).zip,Cocolon_前提資料/work_attitude_rules_for_karen/15_trust_based_joint_development_boundary_2026_06_05.txt,10032,68721c4c,6051a8a4a6d985538bae008655d19dc5daf9059d77e6bcee619b5804f7c927fc
Cocolon_前提資料(180).zip,Cocolon_前提資料/work_attitude_rules_for_karen/99_integrated_paste_each_time.txt,7399,2a53d8da,092cf507826ad154e13c020df907cbf13bfd7024a4299976546ef4e4ecbcc493
Cocolon_前提資料(180).zip,Cocolon_前提資料/work_attitude_rules_for_karen/manifest.json,4397,e36f263f,da4d49e8a09065fb65efb5a865bcb0315b964b36e9d5e20aba755d4f4ffb6b04
Cocolon_前提資料(180).zip,EmlisAIの実装済み資料/Cocolon_EmlisAI_EnvironmentStateOutput_SurfaceContractCompletion_詳細設計書_実装順_華恋用_2026-05-25.md,32369,06977e9f,82db9c955a799cb9d8bd97fbebe557778b700cee8f840616366ad1655ccab18e
Cocolon_前提資料(180).zip,EmlisAIの実装済み資料/Cocolon_EmlisAI_GateRecovery_PublicSurfaceLeakRepair_Design_ImplementationOrder_2026-06-05.md,53138,2c6372ca,c6f99209760cf948394044448794328dd7a442d138a368f247dc2b1a12431e6f
Cocolon_前提資料(180).zip,EmlisAIの実装済み資料/Cocolon_EmlisAI_NormalObservation_PublicRecovery_Design_ImplementationOrder_2026-06-05.md,52436,155c76a5,44e8839de207177431f6519a9ecc38f88eedad55ce43bb9de0fbf82b060ef81a
Cocolon_前提資料(180).zip,EmlisAIの実装済み資料/Cocolon_EmlisAI_Observation_Diagnostic_Lockdown_診断実装_詳細設計書_実装順_2026-05-17.docx,56384,901e559a,2f12c6a93bb2e3df06f8e6da6ae0b7334f127757cd86ce8eeee45beb04740937
Cocolon_前提資料(180).zip,EmlisAIの実装済み資料/Cocolon_EmlisAI_Phase20_DisplayReliability_FinalGateRecovery_詳細設計書_実装順_華恋用_2026-06-01.md,43040,a52d9b5b,0870e30f8ab24195eb15041f4747177ca37d1fa604b3445220588eb34ffc6261
Cocolon_前提資料(180).zip,EmlisAIの実装済み資料/Cocolon_EmlisAI_PostProductGateMeasurement_RuntimeSurfaceQuality_Design_ImplementationOrder_2026-05-18.docx,248718,1aee9fc9,a4b42f7f7d7f57e418a748746dbd2f6729994760c412c0bf8cabc99e19228b46
Cocolon_前提資料(180).zip,EmlisAIの実装済み資料/Cocolon_EmlisAI_ProductGateMeasurement_Design_ImplementationOrder_2026-05-17_final.docx,55995,b88f449b,1310e1210cdcfd1f53e92a8edebf2f70b2453f8fee125e324313b30bc75df3e0
Cocolon_前提資料(180).zip,EmlisAIの実装済み資料/Cocolon_EmlisAI_ProductQualityMeasurement_BlockerRepair_Design_2026-06-04.md,45784,44bd434f,573666af5a63e90959849e7c2d8855b1552743b88a243091e6c1927813d58331
Cocolon_前提資料(180).zip,EmlisAIの実装済み資料/Cocolon_EmlisAI_ProductQualityStabilization_Phase18_詳細設計書_実装順_華恋用_2026-05-30.md,55411,51028e3d,f7c06eb771ce304561c3c003e7ac89b252e27373d5cbde0cdf22d683132ebd67
Cocolon_前提資料(180).zip,EmlisAIの実装済み資料/Cocolon_EmlisAI_ProductVisibleSurfaceReliability_KotoSpliceRepair_詳細設計書_実装順_2026-05-24.md,52895,3d9881ac,b099bfce760b87c4dc08c231f0f4fc7455e672f5042abe33f0a0bb1bf44e6635
Cocolon_前提資料(180).zip,EmlisAIの実装済み資料/Cocolon_EmlisAI_PublicFeedbackMetaBoundary_TimeoutRecovery_LowInfoPrompt_詳細設計書_実装順_2026-05-23.md,49367,adeebdc7,9beb709eb6a9fbda2621b4cfe927a2471d1f60928f67945b7d4474b43f35f6ad
Cocolon_前提資料(180).zip,EmlisAIの実装済み資料/Cocolon_EmlisAI_Reader_RelationSurface_修正設計書_実装順_2026-05-17.docx,49038,0aad488c,066c6f4580498fae93b0efb405e12da59a0980a449ea79f82ecc0d5b5820196f
Cocolon_前提資料(180).zip,EmlisAIの実装済み資料/Cocolon_EmlisAI_RealDevice_ABCD_PublicFeedbackRecovery_Phase19_詳細設計書_実装順_華恋用_2026-05-30.md,52395,3479a173,8a60471e821e17e18d3cf8ec0b8d46326b7ff771bad987a27d914f457a149fd7
Cocolon_前提資料(180).zip,EmlisAIの実装済み資料/Cocolon_EmlisAI_RuntimeSurfaceGate_ShallowSurfaceRealizerV2_詳細設計書_実装順_2026-05-23.md,46460,3c723e58,09b45c799a89f2ea5641183ad9dcf7ca8b28b0de8f923e6b79a08312da2eaf9e
Cocolon_前提資料(180).zip,EmlisAIの実装済み資料/Cocolon_EmlisAI_Step10_RolloutBlock_RepairBoundary_設計書_華恋用_2026-05-21.md,33742,d9c2ba28,4a6e62866e2da1b26c4ff4548a70ebd44d7af381ac52d2a6fa64aae063dca740
Cocolon_前提資料(180).zip,EmlisAIの実装済み資料/Cocolon_EmlisAI_TwoStage_ComposerSurfaceConnection_詳細設計書_実装順_華恋用_2026-05-28.md,40146,d10de67a,176490db3e9bec8223baeabbb692565eca8b16d143f3595781a0e83fe23f9ecf
Cocolon_前提資料(180).zip,EmlisAIの実装済み資料/Cocolon_EmlisAI_TwoStage_ProductVisibleFixtureCompletion_詳細設計書_実装順_華恋用_2026-05-29.md,55653,ee528635,5411d7b2a9e6aa7cea368a1eb436fc11e9dae7d67ae52a402afa82ac78151bbe
Cocolon_前提資料(180).zip,EmlisAIの実装済み資料/Cocolon_EmlisAI_UserLabelConnectionObservation_v1_Design_2026-06-03.md,83052,35a79298,991d86a573af8d2d1027271e2b3792f42b704379e11942f0fb6a84b73b3f1bb2
Cocolon_前提資料(180).zip,EmlisAIの実装済み資料/Cocolon_EmlisAI_VisibleSurfaceAcceptanceQA_表示文品質受け入れ基準_詳細設計書_実装順_2026-05-24.md,55714,68f3d7dc,6047a9a38cb08a24d2391bdd82113aa4ef7a11ccfb0c09d14ed379bdaec04edf
Cocolon_前提資料(180).zip,EmlisAIの実装済み資料/Cocolon_EmlisAI_二段受け取り構造_DailyReception_受け取り補助辞書_詳細設計書_実装順_華恋用_2026-05-26.md,73731,aa30f821,081018805465bb269c32f9134da9a410af5b18e378d44b92e766519007ca9011
Cocolon_前提資料(180).zip,EmlisAIの実装済み資料/Cocolon_EmlisAI_商品品質版接続_詳細設計書_実装順_2026-05-16.docx,65604,d63b56eb,62bc7fec791d1a1d140bebe84c7d90d53075c3657088d2d10878378e51e5b419
Cocolon_前提資料(180).zip,EmlisAIの実装済み資料/Cocolon_EmlisAI_商品読感評価基準_構造気づき到達点_詳細設計書_実装順_華恋用_2026-06-01.md,55971,de051739,9b990e7cb79d4e58f61c63aa2acf55c68e8ea3b13592bbabb42bf4975e5115f7
Cocolon_前提資料(180).zip,EmlisAIの実装済み資料/Cocolon_EmlisAI_完全Composer初期版_E2E表示開通設計書_実装順_2026-05-16.docx,58101,970a252e,846fb5fb28f0c4d4ddd8a0cf369407f814c4c42cce5e9fae985de715afdea192
Cocolon_前提資料(180).zip,EmlisAIの実装済み資料/Cocolon_EmlisAI_完全Composer初期版_実装設計書_2026-05-15.docx,66424,c4caeb8e,051821d822dd2fc799c77b2fe2e5888870b0d65192da418801241f8a433b47ee
Cocolon_前提資料(180).zip,EmlisAIの実装済み資料/Cocolon_EmlisAI_是正方針_撤回保持再設計_華恋用_2026-05-31.md,63400,05af55c9,7704b8b829883ca30269021094f0cd317523ca3d01f729ce4b2bf41ef0cd34cd
Cocolon_前提資料(180).zip,EmlisAIの実装済み資料/Cocolon_EmlisAI_状態回答と人間的フォロー_設計定義_華恋用_2026-05-26.md,49489,b26c59f7,2b1355df02588f139969015f9c498b933b40aa9b5a2f98a472d6d1ce39e74b74
Cocolon_前提資料(180).zip,EmlisAIの実装済み資料/Cocolon_EmlisAI_観測専用辞書_UpdateDesign_ActionConversion_UnformedSelfInsight_華恋用_2026-05-22.md,51139,385956f2,0f3e9b2a9d9484b5d9f37522037466b9ba3971cb3c4714a57b39cf62d3d4e020
Cocolon_前提資料(180).zip,EmlisAIの実装済み資料/Cocolon_EmlisAI_観測専用辞書_UpdateDesign_ImplementationOrder_ActionConversion_UnformedSelfInsight_華恋用_2026-05-22.md,31960,e858d697,793e9eb9f6c2d5f24d265df0b730f43e57f8feb0c991a4b992b299a1f6c995e0
Cocolon_前提資料(180).zip,EmlisAIの実装済み資料/Cocolon_EmlisAI_観測返答_商品品質実装設計書_実装順_2026-05-20.docx,64159,b83ee080,030d392ead12c8c4bb388c0f77f98eeaa0fce29b00f494e15dc388446d3209d1
Cocolon_前提資料(180).zip,EmlisAIの実装済み資料/Cocolon_EmlisAI_限定Composer拡張完了_設計書_実装順_2026-05-15.docx,49120,27506b42,6100e02b584ac6b1c7b56af5a75c10b3504d80955be72a43676f589dbe776a54
Cocolon_前提資料(180).zip,EmlisAIの実装済み資料/Cocolon_Emlis観測専用辞書_設計定義_華恋用_2026-05-21.md,58657,d73b938e,624b8ece4000f41d4d13679417450043af32a8740b3b4fe7bcba31dd30b4d2b6
Cocolon_前提資料(180).zip,EmlisAIの実装済み資料/Cocolon_基盤構造辞書_専用辞書_作成方針_華恋用_2026-05-21.docx,52035,689d07e9,b420c40e1ce0a95edd1f60453a1812159475596cb29b6dcd42d085004da049d8
Cocolon_前提資料(180).zip,EmlisAIの実装済み資料/Cocolon_環境状態出力観測構造_設計定義_華恋用_2026-05-25.md,52280,e4059791,d84cc33d1b912d59397b7405fe5a5c33ff4f7b196b2bdfbef8fb71912b9dfcc0
Cocolon_前提資料(180).zip,EmlisAIの実装済み資料.zip,1079829,5ca52a0f,ed93bf7368080b5d6592c0f9cd7486456108e5bbc4327fdd69ea22b89b247dc8
Cocolon_前提資料(180).zip,emlis-web - ショートカット.lnk,1187,0f23bf78,1d6eec30097509c805b0d8604f74452f15d049daf3c7cec319e5241de07e0287
Cocolon_前提資料(180).zip,引き継ぎ資料/Cocolon_core_strengthening_design_2026-05-07.md,34778,f01f6e1b,a6c63ebdcc54b5a2fef5026599dda334aa1753552748cebb56410b180623461b
Cocolon_前提資料(180).zip,引き継ぎ資料/Cocolon_core_structure_integration_design_v1.0.docx,46311,31cdd052,da99b7f95ec3b0779e6c6b762c7a0437b73cfaa90c2e87664acb56b969a363e3
Cocolon_前提資料(180).zip,引き継ぎ資料/Cocolon_チュートリアル再設計書_実生成物_既存UI.md,35557,495cf973,6d8c53f858e61020b8ebcf8fdced56ef75396836c445ea320354839d6f3a827c
Cocolon_前提資料(180).zip,引き継ぎ資料/Cocolon_前提資料/00_華恋用_READ_FIRST.md,139792,69552217,4b9610da21c9f1664cee7300d3e0e9f2f5d87c44e737fdd151606a20a5f320ba
Cocolon_前提資料(180).zip,引き継ぎ資料/Cocolon_前提資料/01A_Cocolon_全体構造資料_アプリ基盤とHome系.md,179060,b894df85,8fc8b59ea3b495a8cac3ecd38a169dd60bc8763200cee51af0cc5a9c2a475678
Cocolon_前提資料(180).zip,引き継ぎ資料/Cocolon_前提資料/01B_Cocolon_全体構造資料_Analysis_Piece_EmotionLog_Ranking系.md,181826,77ffb912,8d14cb804f606a089e84761a17e1f9be028e003b99a57f65c01e6d6b7b014ab7
Cocolon_前提資料(180).zip,引き継ぎ資料/Cocolon_前提資料/01C_Cocolon_全体構造資料_Account_Subscription_Backend支援系.md,252956,a928c5d4,59961311ceff496d5e9d85baeceeb20d99791efb86a7ada47a9f520f9b8e23f1
Cocolon_前提資料(180).zip,引き継ぎ資料/Cocolon_前提資料/01_Cocolon_全体構造資料.md,222911,68130cfc,b26fa71c316381292855e9bac7168f42f32990308a9f2d5d5c7616aa1bde125c
Cocolon_前提資料(180).zip,引き継ぎ資料/Cocolon_前提資料/02A_Cocolon_国家システム資料_Input_Save_Dispatch系.md,125387,e1f53946,1782a4c9c8c25232251e4ca233a86d668a5f2265d78ad3f34747105a91b093c8
Cocolon_前提資料(180).zip,引き継ぎ資料/Cocolon_前提資料/02B_Cocolon_国家システム資料_Snapshot_Worker_Publish_Read系.md,192810,67c56d30,ff34c5d8f9b5692529a46b2a788a8b9e6d24b52e95000bb4acdc40e96fd36f12
Cocolon_前提資料(180).zip,引き継ぎ資料/Cocolon_前提資料/02C_Cocolon_国家システム資料_契約_境界_検証系.md,175331,556ed8c1,80656209da567384089720744ca0c06f8b5a49bb333d5cda52da8b5d2e4ef034
Cocolon_前提資料(180).zip,引き継ぎ資料/Cocolon_前提資料/02_Cocolon_国家システム資料.md,145438,13acd4e2,4a6401dae6376f9b3a54bd461a163c033f2953762614103b55bb1de901bee8a7
Cocolon_前提資料(180).zip,引き継ぎ資料/Cocolon_前提資料/03_Cocolon_命名体系.md,71079,a7de025c,6e9204b4843eccf6d2ff91bc00ded3319545a71de57c6ecec73603df652b32d1
Cocolon_前提資料(180).zip,引き継ぎ資料/Cocolon_前提資料/04_Cocolon_変更テーマ別チェックリスト,41090,fbe6ddd7,0633f4e6c73d7da99de2dc7c85be5f1b57e0d345d5fba0d073d8ceb7608db920
Cocolon_前提資料(180).zip,引き継ぎ資料/Cocolon_前提資料/05_Cocolon_ルールファイル索引,99471,8fed4059,1156d55d8f64a6cae398ac42d04d90564c73d6c470870bef260a566260055886
Cocolon_前提資料(180).zip,引き継ぎ資料/Cocolon_前提資料/06_Cocolon_ファイル名変更保留台帳.md,14348,57b36418,d9d6ec8faa227b385c26e44e0a9f09b9f9a38cf3d71e07e83873a3e5694e252f
Cocolon_前提資料(180).zip,引き継ぎ資料/Cocolon_前提資料/07_Cocolon_最新スナップショット差分,307641,bf36dee2,dc92ab7ee8cc5df5346aa7d0a3c51d453ebf56500cf394116151a8af363db576
Cocolon_前提資料(180).zip,引き継ぎ資料/Cocolon_前提資料/08_Cocolon_DB_rename_boundary.md,79150,04d1fe8a,e38bae62ccf47cdef7f4b801e6755d13a24bbc748b6edaf1a8c826d187d36723
Cocolon_前提資料(180).zip,引き継ぎ資料/Cocolon_前提資料/09_Cocolon_名称混在保管と構造境界.md,62909,e7ad95c9,baa0bae6263d5d572825745ccba4bc3d432babaff98c62223bb2cd03b8924ccd
Cocolon_前提資料(180).zip,引き継ぎ資料/Cocolon_前提資料/10_Cocolon_共同開発と華恋思想境界_2026-05-24.md,7356,312767a6,852099d57992600b1a73264f422049254c234d44aa0fb559ebe22cc65b93d226
Cocolon_前提資料(180).zip,引き継ぎ資料/Cocolon_前提資料/Cocolon_EmlisAI_是正方針_撤回保持再設計_華恋用_2026-05-31.md,63400,05af55c9,7704b8b829883ca30269021094f0cd317523ca3d01f729ce4b2bf41ef0cd34cd
Cocolon_前提資料(180).zip,引き継ぎ資料/Cocolon_前提資料/Cocolon_EmlisAI_状態回答と人間的フォロー_設計定義_華恋用_2026-05-26.md,72678,5518d1d4,a8a7b6df8aa0f97c43f7932e6905c7d85b93f0f6c9527a5141fa0935539fbcad
Cocolon_前提資料(180).zip,引き継ぎ資料/Cocolon_前提資料/Cocolon_作業姿勢とルール_華恋用/00_READ_FIRST_最初に読む.txt,5005,2fd68d82,3e4d271711ce3939157d3e9d998b5175c45fc74d6bbca7ce7fa3acd0b27f4596
Cocolon_前提資料(180).zip,引き継ぎ資料/Cocolon_前提資料/Cocolon_作業姿勢とルール_華恋用/01_Cocolonは商売で生活資金源.txt,2055,99373104,7f98779f27e9780cf4f8a2f48e1cf370bd33edd45eaccad158643ce5a54f4bc6
Cocolon_前提資料(180).zip,引き継ぎ資料/Cocolon_前提資料/Cocolon_作業姿勢とルール_華恋用/02_禁止事項_わかったふり未確認断定.txt,2009,a39890ba,5de419d8e1fa92f3c2464c7c42d3772aa7da713f264b6b3c8542ca6676588cf9
Cocolon_前提資料(180).zip,引き継ぎ資料/Cocolon_前提資料/Cocolon_作業姿勢とルール_華恋用/03_禁止事項_前提資料と実ファイル確認不足.txt,2360,bca116f2,179b1ae83d71cf0149e2f654a9891b8c06e8e91d39b3b4213b2fa18869bd2161
Cocolon_前提資料(180).zip,引き継ぎ資料/Cocolon_前提資料/Cocolon_作業姿勢とルール_華恋用/04_禁止事項_設計と実装の混同.txt,1858,48ac6bd2,402f7d989e127ab4d995938dbbca91796f57a3034de2bb1131f5191aba92c7e3
Cocolon_前提資料(180).zip,引き継ぎ資料/Cocolon_前提資料/Cocolon_作業姿勢とルール_華恋用/05_禁止事項_勝手な補完と構造追加.txt,3877,25a5b444,77b065418bf3806d93b408ad667a4a4b5696aabb257240ab65d4aaf7716d5149
Cocolon_前提資料(180).zip,引き継ぎ資料/Cocolon_前提資料/Cocolon_作業姿勢とルール_華恋用/06_禁止事項_メンタル化とテンプレ謝罪.txt,2085,c1a1658b,89011b008d965e964285c5db30f6dc8b94e2c980c88798cb9d3b0458cbc91020
Cocolon_前提資料(180).zip,引き継ぎ資料/Cocolon_前提資料/Cocolon_作業姿勢とルール_華恋用/07_禁止事項_ユーザー負担押し付け.txt,1915,4511c5df,5e18e9a5aeb596542f638756262998b5e1addc891629e39317f67ce88f7adc8c
Cocolon_前提資料(180).zip,引き継ぎ資料/Cocolon_前提資料/Cocolon_作業姿勢とルール_華恋用/08_成果物提出ルール.txt,1841,1b9abec3,38edabffc18d0294da856fd2a7032c6794cae9dfcd939f456e529061066391f8
Cocolon_前提資料(180).zip,引き継ぎ資料/Cocolon_前提資料/Cocolon_作業姿勢とルール_華恋用/09_作業開始チェックリスト.txt,4890,0503ee2b,3b443939a54162ad183df0cf956a59632a8fefcd82fbfb087b3b759fa63073dd
Cocolon_前提資料(180).zip,引き継ぎ資料/Cocolon_前提資料/Cocolon_作業姿勢とルール_華恋用/10_停止判定と書かれていないルール.txt,2978,a15e4f9d,1aba88573479e0ae25f6c8f55f3af576a779e24f95249ac2e47b0b452bf9de5d
Cocolon_前提資料(180).zip,引き継ぎ資料/Cocolon_前提資料/Cocolon_作業姿勢とルール_華恋用/11_Cocolon領域別_特に壊してはいけないもの.txt,2690,d6b73558,b12c2865082e70e24368105c4ea8bd105f5f831fbcd8d2ce192eb352cd7b30df
Cocolon_前提資料(180).zip,引き継ぎ資料/Cocolon_前提資料/Cocolon_作業姿勢とルール_華恋用/12_毎回の短い宣誓ではなく確認項目.txt,1198,b77149d4,fee23f8f9fe8d8b8de85a7f128c82f31efdcc768859c8b1e346423acde4a673a
Cocolon_前提資料(180).zip,引き継ぎ資料/Cocolon_前提資料/Cocolon_作業姿勢とルール_華恋用/13_禁止事項_既出設計の再質問と設計用語への逃げ禁止.txt,6955,c3144ad6,caf06face38e105ef4599e771cf407ddc3c43df8bb2cddada678e7f47f866f4a
Cocolon_前提資料(180).zip,引き継ぎ資料/Cocolon_前提資料/Cocolon_作業姿勢とルール_華恋用/14_Cocolon共同開発と華恋思想の扱い.txt,3584,99ae76bf,cca7752749ad2d716c50942b60a7275b6bceabba57fb62f48e23e11033bbb2f2
Cocolon_前提資料(180).zip,引き継ぎ資料/Cocolon_前提資料/Cocolon_作業姿勢とルール_華恋用/99_統合版_毎回貼る用.txt,5841,8020cf41,1a5a4df6e02ca99e802f5d6fc3ddfa808de730a06e84d05c95ebcd47eb8b4fe6
Cocolon_前提資料(180).zip,引き継ぎ資料/Cocolon_前提資料/Cocolon_作業姿勢とルール_華恋用/manifest.json,3543,fc79a789,2e4121cabd33324e14736485f9da7f063b24e5e9ddbf8e4a63a4b7b3ad376cec
Cocolon_前提資料(180).zip,引き継ぎ資料/Cocolon_前提資料/Cocolon_思想資料_華恋用.md,56354,684732ca,ed8a8483a459a646b3e856805bd502a607918b01444fce224d53b972980c5593
Cocolon_前提資料(180).zip,引き継ぎ資料/Cocolon_前提資料/Cocolon_環境状態出力観測構造_設計定義_華恋用_2026-05-25.md,55376,5a552153,e97384b54152ca3552306f1c27fa1baf08b527a408744b0cae181aee21012ad7
Cocolon_前提資料(180).zip,引き継ぎ資料/Cocolon_前提資料/manifest.json,316042,01005242,58226e2282bdab389de5e7549b4656a879e53c1613ae2877f043303f20d7bc6e
Cocolon_前提資料(180).zip,引き継ぎ資料/EmlisAI/Cocolon_EmlisAI_A案到達_実装順資料_2026-05-14.docx,59104,7fdc2095,6bc2c5ce2175aaeacde97e513826c510f3e096eb4f19051c1843365c3cb8a569
Cocolon_前提資料(180).zip,引き継ぎ資料/EmlisAI/Cocolon_EmlisAI_A案到達_実装順資料_2026-05-14.pdf,728344,00ea0b73,85a3f205d5c53b37e50ff79e6b4bdd7625d8f278e21bd6424bff9e6a5c39a1cf
Cocolon_前提資料(180).zip,引き継ぎ資料/EmlisAI/Cocolon_EmlisAI_A案到達ロードマップ設計書_2026-05-13.docx,55991,2b090da1,4ca516dc66e79c29071d1645e21fe8d6a522524c1b8f7b95477debd31e5979b7
Cocolon_前提資料(180).zip,引き継ぎ資料/EmlisAI/Cocolon_EmlisAI_LimitedComposer_Implementation_Design_20260510.docx,49567,9396648c,17c6a49c9a800a9bdba77747fa3973b20b56dbe30e810f4ae42b2021f99d5027
Cocolon_前提資料(180).zip,引き継ぎ資料/EmlisAI/Cocolon_EmlisAI_LimitedComposer_Implementation_Design_20260510.pdf,396398,b70ea8ab,8bb3cc2da4de81d788e339a3f7946bfe94952a84c9dc07dbcbc4353df04e8eb5
Cocolon_前提資料(180).zip,引き継ぎ資料/EmlisAI/Cocolon_EmlisAI_MultiPerspective_Design_20260509_revised.docx,64255,670904a6,b39f0c88dadfe136432bbfebe997e2e21d7cfc8ca5813de4af7b59c97c88fd90
Cocolon_前提資料(180).zip,引き継ぎ資料/EmlisAI/Cocolon_EmlisAI_MultiPerspective_Design_20260509_revised.pdf,1604685,32d02201,1aae904f0171a1645d0bd0acd8b268480bc6577cb577c2b87cf2c572233867a7
Cocolon_前提資料(180).zip,引き継ぎ資料/EmlisAI/Cocolon_EmlisAI_Observation_Design_20260509.docx,52369,3ec8fc1c,7ec53142eb287dbe13bc3e384f72274dd411ef3e3af9ec80ca6d01f8f248e5bb
Cocolon_前提資料(180).zip,引き継ぎ資料/EmlisAI/Cocolon_EmlisAI_Phase8_RealInputQuality_Improvement_Design_20260510.docx,49475,88f587f1,1e752d2239b9c13c3b19d61064ee3ffbe687c2c90217c5cdaafd796e972f4400
Cocolon_前提資料(180).zip,引き継ぎ資料/EmlisAI/Cocolon_EmlisAI_Phase8_RealInputQuality_Improvement_Design_20260510.pdf,398931,0363ac44,bf2ce2ac116ba7e6e1568b4555eefea602607e5f1c6ed77a39db63f1bb4a5851
Cocolon_前提資料(180).zip,引き継ぎ資料/EmlisAI/Cocolon_EmlisAI_限定Composer拡張完了_設計書_実装順_2026-05-15.docx,49120,27506b42,6100e02b584ac6b1c7b56af5a75c10b3504d80955be72a43676f589dbe776a54
Cocolon_前提資料(180).zip,引き継ぎ資料/EmlisAI/Cocolon_EmlisAI_限定Composer拡張完了_設計書_実装順_2026-05-15.pdf,398182,fa0396a6,044350d6523ade3d924c25cc18a03b100fb853092974a975dd7802ed4b60263f
Cocolon_前提資料(180).zip,引き継ぎ資料/EmlisAI/完全自作Composer.txt,727,af076bb8,00af9cd86c0f3b46620517d51f56490695378f7927031557eb5880969c266ea7
Cocolon_前提資料(180).zip,引き継ぎ資料/EmlisAI_ResponseComposition_文章構成_vNext設計書_2026-05-05.md,41947,9da769d4,85b9c616fb87a195d309b15f40ccdf0b85e013ef4704a34aa8e93d86357eb105
Cocolon_前提資料(180).zip,引き継ぎ資料/EmlisAI_理解言語化応答_vNext設計書_2026-05-05.md,38562,478efaaf,832e1656452865f2188852d1ae4bcce15fb15883cbca793b37adf42c7a9bf7bc
Cocolon_前提資料(180).zip,引き継ぎ資料/EmlisAI_自然会話品質Gate_vNext設計書_2026-05-05.md,44077,e8781ff0,92f94bac1e8521302f06d4c4df33bd9bfb8d0b1a74f0a1e984eb20e590e56900
Cocolon_前提資料(180).zip,引き継ぎ資料/EmlisAI_自然理解応答_実装前設計書_2026-05-01.md,31533,f058cecf,40e87cdac2732d2bf5b8216a4f722a2fb56ba6335fb62be21f85903a2528dc0f
Cocolon_前提資料(180).zip,引き継ぎ資料/Piece/EmlisAI_Piece_全入力意味反応_他者伝達言語化_vNext設計書_2026-05-05.md,44080,fb2390b3,4b4e62409da94b2da318a118aef3b47825fd1d5ef07dde10de31b75114c3f8cd
Cocolon_前提資料(180).zip,引き継ぎ資料/Piece/EmlisAI_Piece_長文入力情報量比例_vNext設計書_2026-05-05.md,43899,94a3e7b5,5848a3867993e37f5d5d7070cc9838f61e9eea6ea077bb8ec382c00ff46117ba
Cocolon_前提資料(180).zip,引き継ぎ資料/こころ天気/Cocolon_こころ天気_感情分析導入設計書_2026-05-12.docx,58620,65938c3a,4c806cb82f83f038b41fb5d87b1443a88a8e3e6daaab799547e585816219a108
Cocolon_前提資料(180).zip,引き継ぎ資料/こころ天気/Cocolon_こころ天気_感情分析導入設計書_2026-05-12.pdf,1505009,5f532c46,406b28e32e177e43778e64eeabb72a8363796eb530b2f27144d4d61aac48dff4
Cocolon_前提資料(180).zip,引き継ぎ資料/こころ天気/Cocolon_こころ天気_旧感情分析レポート非表示移行設計書_2026-05-12.docx,51610,d0019a31,7f0cb402ba9074da069f1aadf96de827363d9257582d4083a6089c109f07df08
Cocolon_前提資料(180).zip,引き継ぎ資料/わたしマップ/Cocolon_わたしマップ_自己分析再設計書_2026-05-12.docx,65708,c054c85e,73c4b95b617d6253989ad90ec983a2ca4446ab171b70a93a2248d53298a16a12
Cocolon_前提資料(180).zip,引き継ぎ資料/わたしマップ/Cocolon_わたしマップ_自己分析再設計書_2026-05-12.pdf,857294,73656ac4,3ccf494f364e08c2355c3a64934949bf06ba903502a5e6f9820404eaf348ab45
Cocolon_前提資料(180).zip,引き継ぎ資料/三大中核構造_共通文章生成基盤/Cocolon_三大中核構造_共通文章生成基盤_設計資料_2026-05-11.docx,46893,f4c46dc9,c1a225ed80764a244559f6a0b298368b5ae80f537c67b3cd1123e7a7ea1216c6
Cocolon_前提資料(180).zip,引き継ぎ資料/三大中核構造_共通文章生成基盤/Cocolon_共通文章生成基盤_実装詳細フェーズ_2026-05-11.md,18157,61645e1e,bd8dafaeeea2d5600f9f559ac8ec1f6a852d93b59fba8a31e23f4810900579eb
Cocolon_前提資料(180).zip,引き継ぎ資料/今日の問い/Cocolon_今日の問い_vNext_パーソナル深掘り設計書_2026-05-08.docx,52002,48c934ce,518385c01027d782089ec11846d4fd87526126142e0db3383553256e5f7bf3f2
Cocolon_前提資料(180).zip,引き継ぎ資料/今日の問い/sql/today_question_personal_followup_v1.sql,5385,2bd859ec,98e142ceacac59dfc44e754bb2f1a91304a89571f84f0c416b27305314129be9
Cocolon_前提資料(180).zip,引き継ぎ資料/思想資料/Cocolon_思想資料_華恋用_2026-05-11.pdf,535638,4dbb71cc,f2365032a1fa9f5e741cacf9bf30f2790fe4f29c45880282a0e3f9a7ef5e6277
Cocolon_前提資料(180).zip,Mash思考メモ.txt,6994,906ec266,9172a3c7518268c8407c9c53c3c384b679841509c09918e82d17849242cafb18
Cocolon_前提資料(180).zip,新規 テキスト ドキュメント (2).txt,116,9de746e7,128f90e34934b8e46e15fcf533a2249447af0d263eaeb99e185c6b9344c954a3
Cocolon_11(8).zip,Cocolon/.env.subscription.public.example,1233,5933dc27,c2cc248fe157cb474f763ebec09fa51c0e8d55221cd3c361b3e6f9fdeac99843
Cocolon_11(8).zip,Cocolon/.github/workflows/ios-build.yml,12566,9747e3c6,00b72f2d25a8010f029559afe87eb5eb049fcb300067e4ed6bb1fa5fc3b97d8f
Cocolon_11(8).zip,Cocolon/.github/workflows/phase6_contract_guards.yml,2181,72bd6a72,32f3f9417816c9f1344762c4e2cfee0d9c9dde2624089a7cd4c71fa6c1983c13
Cocolon_11(8).zip,Cocolon/App.js,2664,d2a53b9f,f912e7cea0981bf141f0c8b70a530a50a898a42f51d80bf71b0a281752273c41
Cocolon_11(8).zip,Cocolon/app.json,52,af937f7a,2eb9d8e36c29369e9d6d58b7b831f4466b09e1b5d1d92656ae2cea058b0baafb
Cocolon_11(8).zip,Cocolon/AppRuntimeContext.js,5282,3e428054,887e0452ecf68dae3d641a75b651e6c4aa2602bdc3822d7d963d8ddaafe3c2a6
Cocolon_11(8).zip,Cocolon/AuthContext.js,13107,48d7d6f3,ccb90b46fc62408eaaca6a463c2bc92c2e252ed9a651d9cd61f0e467eb10a462
Cocolon_11(8).zip,Cocolon/AuthScreen.js,16429,c33e341c,a8b5c590a41d7a446f64d93cc0582393f9903db5d71cf21aeba6db3831af0f6b
Cocolon_11(8).zip,Cocolon/components/CocolonBackButton.js,2168,361c9da9,3311e63710b0aefb50724b8262c931c90e3650d69bf803978ce05b0f1f5d97b3
Cocolon_11(8).zip,Cocolon/components/CocolonButton.js,4309,bbd69c63,df6d5d34c97d87ee601925a4e522463e96c2b483d72a556fea119f179865f6d5
Cocolon_11(8).zip,Cocolon/components/CocolonPressable.js,2833,1bd975e0,e82c2c01f18e4f9283625c4f40667342498b15f68c502280461296e0d8731751
Cocolon_11(8).zip,Cocolon/components/CocolonSwitch.js,893,c98d6399,b3afb18dba8c5ef4e1d2f856d39e32fc20ca0242001e06ae48e977be7924e086
Cocolon_11(8).zip,Cocolon/components/Collapsible.tsx,1358,54f91839,87de996ef787a7a0debf21bccea4d369a1c70c44e4d82d24d73db0bf6432d313
Cocolon_11(8).zip,Cocolon/components/EmotionPiecePreviewModal.js,6775,ffedc23c,87edb52f96b7f9cdc755b6f370ddfa149fc196f4663aed0f65eb162bba0d0b8a
Cocolon_11(8).zip,Cocolon/components/ExternalLink.tsx,713,05a97d0c,4a0eca30571a7d351a1f362330718510e3073b6490306769ef9d12a2a6910ca3
Cocolon_11(8).zip,Cocolon/components/GlobalFrameLayout.js,2449,8d6e7dc0,e5c8905645ffa98f100a4942eb235ad1210735af80701fe48a1b1960ffe82dd2
Cocolon_11(8).zip,Cocolon/components/GuideRichText.js,4490,c55c218f,057844f3c82e1e6a89d99b75f26dec33aba6ddbfe72b2832563a76e864ce745d
Cocolon_11(8).zip,Cocolon/components/GuideTermModal.js,8222,4cbd68a9,40e30223873032b7abcb032f5b10f42081df22bccfa8e8d9b78bedb9b8db5649
Cocolon_11(8).zip,Cocolon/components/HapticTab.tsx,564,3c8262fb,eeb1860d6e4edb647e1ebeb116ff81393ec50e2d721560c1fe2d686716a518f8
Cocolon_11(8).zip,Cocolon/components/HelloWave.tsx,939,d2f42f7d,30e0935e63597ec8dcfa5cb2253a95a934102d121b2aaaefe0fd0e6514b14002
Cocolon_11(8).zip,Cocolon/components/NoticeModal.js,9033,53170bb9,2be319df9a674a726857b0fb601f6af51e2d1f443c8a3083cc3b95e1db7bf4ec
Cocolon_11(8).zip,Cocolon/components/NoticeRichText.js,1482,b3a63f69,a368b4a40407e5e4cfc349dc78f2db10f2c6054b4d93d3929a691108cfa67ef8
Cocolon_11(8).zip,Cocolon/components/ParallaxScrollView.tsx,2143,a279e38e,04d64939246394e74c366d993517dd66518cf20ca6e2c3929c56444c96844a19
Cocolon_11(8).zip,Cocolon/components/selfStructure/CrossroadCard.js,2027,2496d818,bd37b51845cb325ed1ac7eb58a33955cc835f3ed1a66428901a3b8469304330c
Cocolon_11(8).zip,Cocolon/components/selfStructure/RoleSwitchList.js,2254,c6c36381,70bdeb1562a619c2e356e540ac005a88cd457b7b6b6ca175bbee630e5caa57b7
Cocolon_11(8).zip,Cocolon/components/selfStructure/RoutePatternCard.js,1837,5d4d5330,785b3b4b1865987c6518ab50d4f1727c4699877eec372eb2bd4e4ffa88e2fb1b
Cocolon_11(8).zip,Cocolon/components/selfStructure/SelfStructureDeepRenderer.js,21319,76630ddd,e8ddb643e8d735c83b4175df971c1713318d1079748e3f8ce74549e9d627690b
Cocolon_11(8).zip,Cocolon/components/selfStructure/UnknownAreaCard.js,1355,dbe8a521,3a2253f0597d378d063ff2ff3b26c5b65334dcc32ec34f200830d84c213f70e9
Cocolon_11(8).zip,Cocolon/components/selfStructure/watashiMapAccessPolicy.js,3438,ac087191,4e16f7befddf9dd2f361a270a76d5fe4310d5311b315b8b375096d3d97a67eed
Cocolon_11(8).zip,Cocolon/components/selfStructure/watashiMapFormatters.js,21665,b5ad52b5,90ef4fa881135feaef6987401463726abbcd6625994e68f17a3161f96863dde4
Cocolon_11(8).zip,Cocolon/components/selfStructure/WatashiMapOverviewCard.js,2688,a8fcd52f,33f32df6b6de286e9267e983428fe813aafa73f5d91a0e298b68e2f74fcd5c5a
Cocolon_11(8).zip,Cocolon/components/selfStructure/WatashiMapRenderer.js,11413,6f6bde2f,5aa2fa42cfd23097bde33958ac7469d3ce11c959fe9f341423907c0af7ebab59
Cocolon_11(8).zip,Cocolon/components/ThemedText.tsx,1283,43824f3c,dfd5dbbf32bf9f78ecd03158c74c821962a1d9e98d334d23f87bf94ec0de493e
Cocolon_11(8).zip,Cocolon/components/ThemedView.tsx,468,84c4b882,9499a821958c7d33c345f56f598cdd174232a910a2528fd44e5d7b0dad4e9c70
Cocolon_11(8).zip,Cocolon/components/TodayQuestionCard.js,15810,bbf0abc6,10e9cd909802ace6c86fc9ae2d59607fa2a67d1fd2eff7ac953e481c84a54f3b
Cocolon_11(8).zip,Cocolon/components/TodayQuestionModal.js,2332,07ef78d8,a3fb6e0e4469bd945facb9c834fa2af47e4465e90dabc5387aebc7e2ae238751
Cocolon_11(8).zip,Cocolon/components/TutorialOverlay.js,33832,1bdb6f48,66548e50727abe8260ed48186ea4d440199bdeabcaeabf61b050779a6332deab
Cocolon_11(8).zip,Cocolon/components/TutorialStartModal.js,5600,aadfae5d,28ea12f3388664b8dedbd9a46bc5c1afb68fd92133fb8741064fab3211c5d721
Cocolon_11(8).zip,Cocolon/components/ui/IconSymbol.ios.tsx,598,91cf6ff6,c4e56fc2c481f0964d06ff0c9dda51eeba1ca7f6f554336dfdceb4a75c80eb2c
Cocolon_11(8).zip,Cocolon/components/ui/IconSymbol.tsx,1422,23cb6530,5cf33b25a381429479bb5f56e744111bcd8b81f99969e9cb56e14988293e338f
Cocolon_11(8).zip,Cocolon/components/ui/TabBarBackground.ios.tsx,547,33c0c5b3,83a565460175f66b2f5df5c44958e6d4f54f72963a743d996dd0a1331d5bc0ab
Cocolon_11(8).zip,Cocolon/components/ui/TabBarBackground.tsx,159,e7ce9d7a,924ee506c20225e23935fd9df94fa26c683fef46df5acbeaa39f4209907c04a9
Cocolon_11(8).zip,Cocolon/components/UnreadBadge.js,1843,d9c0a7ef,78793af4306352e25eae762351776afcb80c0aa7986c8dff1c319cec1b192c29
Cocolon_11(8).zip,Cocolon/components/watashiMapAccessPolicy.js,3438,ac087191,4e16f7befddf9dd2f361a270a76d5fe4310d5311b315b8b375096d3d97a67eed
Cocolon_11(8).zip,Cocolon/components/watashiMapFormatters.js,21665,b5ad52b5,90ef4fa881135feaef6987401463726abbcd6625994e68f17a3161f96863dde4
Cocolon_11(8).zip,Cocolon/components/WatashiMapRenderer.js,11391,3623afc4,98849769d4ecb2f4a725a38545427b1c6ae9d453ee18141779794b5b1b923b5d
Cocolon_11(8).zip,Cocolon/features/home/useHomeActions.js,3723,3e0879f6,f16f764cbc752394462f3c6843ee4ca9e4ada74cd256571d318c5fb53a5896be
Cocolon_11(8).zip,Cocolon/features/home/useHomeState.js,17643,99a12854,e267f79f5900dbafe9a752e744f053c2af65591c8221fb22619ef2bcb5791f69
Cocolon_11(8).zip,Cocolon/guide/guidesJa.js,12367,2ce9c0e5,3edd709bf4701c6b26a86fb477640f23e2bab00ffe2ba858be598eb057abc4c6
Cocolon_11(8).zip,Cocolon/guide/termsJa.js,16469,b41502d9,aa33d9a9534f61f151f464e875ebe200d517ae33aaa24bd7c6863a498dfad22c
Cocolon_11(8).zip,Cocolon/index.js,2239,bb52dc05,da18cd2951e8f396bd00bcd1ecc4ad8bf158bcd77171defda8d766fcd6ef1c27
Cocolon_11(8).zip,Cocolon/lib/accountLocalCleanup.js,2122,ce6cccaa,aef47f75d00ecc9a54f3d36391f770e03c412271b760e3460043dccce8dcb9a5
Cocolon_11(8).zip,Cocolon/lib/analysisHomeSummaryRefreshSignal.js,681,633f2e3f,dfd95d3b9612d516318b68950a5bdb103d188cbde8c1d17823466b23ae2bc42d
Cocolon_11(8).zip,Cocolon/lib/api/account/profileApi.js,2285,29f84cfc,38abc496b8a5c2b5be64c55970f8cf5b42508bed30ce065d243a59fdf5fd9e76
Cocolon_11(8).zip,Cocolon/lib/api/client.js,30,b18efabe,f0d7872d4f6422714fc3ff40a6671b1662335bf1e4e4d1352eeec383ea4cd85a
Cocolon_11(8).zip,Cocolon/lib/api/home/emotionPieceApi.js,616,8555cdf1,4713c00345ce48a454fe5b96b91b00148d1aad4252ce27cd78a8a8d24416541a
Cocolon_11(8).zip,Cocolon/lib/api/home/emotionSubmitApi.js,242,e29e46cb,b8e5bbd451cbd00f5b7a4be53e570d42d503cb47b20ac8e891111cf56039f440
Cocolon_11(8).zip,Cocolon/lib/api/home/homeStateApi.js,608,8ef90852,dd45e2242aa16fb5fc62f5322b498b677b2032639b2120c665173f844a891b94
Cocolon_11(8).zip,Cocolon/lib/api/home/noticeApi.js,851,c3c41c3c,3632e0bf1d01ac1f35f1704c2def06a3bb07d86c072c68777e4151e0d1534fc1
Cocolon_11(8).zip,Cocolon/lib/api/home/todayQuestionApi.js,1585,c63c65c3,006c20195328f9cde08d2f49b21fa2d55a992eada447267cfa737b5dc68aa3eb
Cocolon_11(8).zip,Cocolon/lib/apiClient.js,5113,874954c8,6931bc75566f4aa75159c59512793283ae4193d7ac851e43f1bc94bf556b3e87
Cocolon_11(8).zip,Cocolon/lib/compat/legacyWireContracts.js,12303,bca2c4fa,b416bcc6d524ba0a0651c62216e63a37cd1f4fe7fc639e26c5613ac05865f535
Cocolon_11(8).zip,Cocolon/lib/emotionPieceApi.js,44,288c6737,9a97a3bcf47be3ff19289c64145ba39ce0d8146df0b62b0242df1a1ce93c1f5b
Cocolon_11(8).zip,Cocolon/lib/historyRetentionLabel.js,1259,b281927a,6a68f90494f449a28ed43b168a904ae9e234aa067fec76441c2b0b3cf16065bc
Cocolon_11(8).zip,Cocolon/lib/iap/iapConfig.js,6511,23b14e9d,b731ca980f6caa3a9ffe6914084842bf1e81711d9438912c64da62dd0f954e51
Cocolon_11(8).zip,Cocolon/lib/iap/iapRuntimeCatalog.js,17491,9f9c549b,3ad36949223ea3462e35237f568aaf2d4c20e88a81915884bbb50acc4afee545
Cocolon_11(8).zip,Cocolon/lib/iap/iapService.js,26980,519d351c,980249a3f7f562818589e06242b38b87ac051ed5d6126ab02ce4fd6c80ead6aa
Cocolon_11(8).zip,Cocolon/lib/iap/index.js,219,1e8cd65e,cc34abf491b31ac21bb57a15b2dcee68e7b25fb05f56b66b3aa4eb4460c7390c
Cocolon_11(8).zip,Cocolon/lib/inputDraftStorage.js,4142,3aff7e36,bdfa9c76620d898dd95d9cdc8d61315cf007e5cadd6e65afdf3140e19555b639
Cocolon_11(8).zip,Cocolon/lib/monitoring.js,7964,f7834477,078fd4e0bd6df58a36ab9c9d6afddb9d5852d03e697e01f7ec289233397ced38
Cocolon_11(8).zip,Cocolon/lib/nexusApi.js,6036,cae2d5dd,54bf719182bdf1600ad11c7af754ef1cc5571c5cf53113fbc3ae20c81489af81
Cocolon_11(8).zip,Cocolon/lib/noticeActionRuntime.js,4014,50f8577f,3f1e13a92bc2370d7752c99bd4053df9fea31b84457deea88eefbd5a582baf46
Cocolon_11(8).zip,Cocolon/lib/noticeApi.js,38,118c2bec,09d5efd68350a2b497c197d81baf3cc4a5e98e09c7ac4b332e869f78d4e0be04
Cocolon_11(8).zip,Cocolon/lib/pushToken.js,5415,17ffefef,03663b92fa1534269e345c96e320a35403d11806297ffc0740c4fd0accc6407e
Cocolon_11(8).zip,Cocolon/lib/reportDistributionApi.js,661,e3e8ecbc,ea4f4a8ee35921a23f5bf2c3acb2e2aa48e986b98ec3ad45d5733af1d97acf19
Cocolon_11(8).zip,Cocolon/lib/subscriptionApi.js,394,e385f9d0,105b8fde00e2636899009942c19bf9ab4bbe1052944cf81d625026c0f012280f
Cocolon_11(8).zip,Cocolon/lib/supabase.ts,1178,4846e899,0e089519dde69054636d4f371066fcab1a6dfb5b85b06e787c88c639d25cd037
Cocolon_11(8).zip,Cocolon/lib/todayQuestionApi.js,45,1bee169e,f73bb6d1b9f1b154378e7d47c049ef5abd9adf64f1347a3305cf1ba9f46d6307
Cocolon_11(8).zip,Cocolon/lib/user.ts,585,ae3f8554,07181f84f2de5e1c02be4cc54cd050c6dfb1b5e66ba185819676734b46db2fd6
Cocolon_11(8).zip,Cocolon/navigation/AnalysisStackNavigator.js,1758,74a41395,d6c6886e465840cefe30fd77dc1b54dc03b62e9355d061c188254a784b6af80d
Cocolon_11(8).zip,Cocolon/navigation/InputStackNavigator.js,2646,e607975d,cec812d5606a8644fd891f2c6a4756f756acb7aa4b7fcce435b58888a94d39d1
Cocolon_11(8).zip,Cocolon/navigation/linkingRuntime.js,2723,75fd6deb,322b2088932dc675b859d0390a452057f25a4379cac6f373eeb6ebb38f3e8059
Cocolon_11(8).zip,Cocolon/navigation/MainTabs.js,42003,866bc0e2,bd6f6283a3a4e71f6b67d2aa1288e12aee79f6f043d9a0cbc6a069f380902888
Cocolon_11(8).zip,Cocolon/navigation/navigationConstants.js,1026,504bf08d,c63cdb8b1dc7dd01f892b791bbc87db89473fa265c788115efc6364f95960be6
Cocolon_11(8).zip,Cocolon/navigation/navigationRef.js,1445,f7c19fdb,f5fa607b65651b1cd3e016243d4da380e8c2022557665b8ed69156fe72e8e54d
Cocolon_11(8).zip,Cocolon/navigation/notificationRouting.js,2202,ff04ed93,dec32a9f27207b1d6db205fa7dc80d90461c441884cdfc94809b10fb53c9a85f
Cocolon_11(8).zip,Cocolon/navigation/PieceStackNavigator.js,2589,a6078149,856d81ed4502f69ae3722627e279f21e129c18d5c099c75d68c22236406d5a23
Cocolon_11(8).zip,Cocolon/navigation/RankingStackNavigator.js,1911,bcb5c407,1c1bc23b51af668c6ec486f4a571689e0c12f66c00f13cbae675104c5fd40b7c
Cocolon_11(8).zip,Cocolon/navigation/RootNavigator.js,2604,f15ef6f1,8aca50e03b60d9f69600e8a80613971dadd20e0e30fbf7770339ed05c4c6d7e2
Cocolon_11(8).zip,Cocolon/navigation/SettingsStackNavigator.js,1571,3d3a6255,16d9b57ee8f1e0830d9fc58fb88d2a3fa685f12399ee5d2089ced51a356daccd
Cocolon_11(8).zip,Cocolon/package-lock.json,761808,fcbb5ce0,0a78a482c930600310ca85d141eedcc8f4fbc72c6264a03d2eb1b0abf15f0d13
Cocolon_11(8).zip,Cocolon/package.json,2144,8d3d2352,cd5b382dafe341c4cad5700210ec57197262d061ea2349054632fa62da6d4f06
Cocolon_11(8).zip,Cocolon/REMOVE_RETIRED_COMPAT_FILES.txt,140,e27dbdd3,92137e8887fd1049f828517edf4fdcb213d17ba90e61c5948a1b1f0053cd9043
Cocolon_11(8).zip,Cocolon/runtime/AppRuntimeBlockingScreen.js,2469,6a77e3e1,1a24ad123dc70221ab7aacec5fe13043d343b4212eb117544dc32cac685d5591
Cocolon_11(8).zip,Cocolon/runtime/AppRuntimeBootstrapGate.js,2357,f09e3971,47bfc773e4083024e2e96128c9e4fbb1fe79e8eb48abc36fa4a02d7fe5fec67e
Cocolon_11(8).zip,Cocolon/screens/account/AccountIdSearchSection.js,2305,2bb18453,39a586e6562a0b840a84ead053ed2a03e61667a9b45591189265567e2bbfb694
Cocolon_11(8).zip,Cocolon/screens/account/accountModel.js,2038,b3da014b,998a3344d1a237fdf4ad379d9524c3d980d5b63c898783c47ff181060c4a19e2
Cocolon_11(8).zip,Cocolon/screens/account/AccountNameEditModal.js,3407,432d735a,402cf6ceba74a2eadd1a09e9005013d2b4a81bac01e8cf5eeca1f8003eda9437
Cocolon_11(8).zip,Cocolon/screens/account/AccountProfileSection.js,8375,a76fe780,b504534ac64ee00ea6eaa84e1ddb5830d6638bd7346071b98a8116e824e1c015
Cocolon_11(8).zip,Cocolon/screens/account/AccountStatusSection.js,2196,3be38b25,1bebc6878d12749e54c5b3277b7449af6763bc7be904d913d1337e2d1abdcd8a
Cocolon_11(8).zip,Cocolon/screens/account/AccountVisibilitySection.js,5171,3a66493b,f706ae07a927fbdd022654468ac0be16b4035cc06b633b60280ecfa26d12d465
Cocolon_11(8).zip,Cocolon/screens/account/useAccountFollowState.js,6505,ba4425b7,b84f01f9540ba95a96f84c92f273511d9a1dd6cd59401786ca584c4662894eea
Cocolon_11(8).zip,Cocolon/screens/account/useAccountIdSearch.js,2796,77047040,e281c42589dd61fdee7d14f1dabc1ea831a45b5515aa6ec188d62db91724b155
Cocolon_11(8).zip,Cocolon/screens/account/useAccountProfile.js,6069,4f5117da,42beeac981fd8dcc16a8f88eafc475aac2ed2fc959b06c82225d3301876a101c
Cocolon_11(8).zip,Cocolon/screens/account/useAccountSubscription.js,4183,34222e75,643910c69c83271437243339f946c12e19bed81c52a80f5c3dc056fdfe5fdea5
Cocolon_11(8).zip,Cocolon/screens/account/useAccountVisibility.js,5899,9a1d5f3d,ca29fedd53b06861ab205a4ec1576fbfed3656db62013a043055100cacb31160
Cocolon_11(8).zip,Cocolon/screens/AccountScreen.js,22374,0dafa20e,3dd65bbedd6f8c9b5153df1bd364ffbb9015d80b91cd090089fab31a66f15f95
Cocolon_11(8).zip,Cocolon/screens/analysis/analysisRouteModel.js,4210,ec34b096,2fd8fb1587c600a9bbeb403c0b073a4d0ed0dcf4358ab683480c51050f542685
Cocolon_11(8).zip,Cocolon/screens/analysis/useAnalysisReportActions.js,10004,716f1c39,3b591abcb4bc385d7931ac85f397c66e8254735e013952e82d44358013e26d97
Cocolon_11(8).zip,Cocolon/screens/analysis/useAnalysisRouteState.js,2155,8271c921,0fc1ca511325883d3ec297b487e3b77441fdcee2bf8be33e650db482d28a3ab0
Cocolon_11(8).zip,Cocolon/screens/analysis/useAnalysisSelfStructureActions.js,3549,ddd49231,abefd458f4f3468612050ffc8c91babbc25b5b569b034351c023d76b2ab143af
Cocolon_11(8).zip,Cocolon/screens/analysis/useAnalysisTutorialOverlay.js,7862,305c8ada,17acbc1761090ef16d4ba985c1a4b18a7818a1d2e1caa3b1ebd155df027fdf69
Cocolon_11(8).zip,Cocolon/screens/analysis/useAnalysisUnreadBadges.js,8495,4c8926a8,efb1548918825cc4c39ef7d5c5d2849a4409c55bbe48c1b943e9d3baea2649e5
Cocolon_11(8).zip,Cocolon/screens/AnalysisContentFirstScreen.js,16699,973ad26e,add7c5dcbf1c18ed1e64e4af2d3022bf9e568a226cda24ec0ac213ba1f7624fa
Cocolon_11(8).zip,Cocolon/screens/AnalysisCrossLinkSection.js,14621,d908bce4,fb9a7d6590e92f12d98a64a71139e004d77e6dad88f95b985de4698f66835a35
Cocolon_11(8).zip,Cocolon/screens/AnalysisEmotionScreen.js,3908,a0f8c524,9c2890b6af45b4d1c4d06901eb21f01c9f7f19c821b70a7f69aa9462a82e4a77
Cocolon_11(8).zip,Cocolon/screens/AnalysisEnsureClient.js,1871,259b1bce,5a3dc9a1e0697561e798e8ae58cd7067dedb151861f6c2da5d080164d633dc21
Cocolon_11(8).zip,Cocolon/screens/AnalysisHistoryScreen.js,40356,f48752b4,fe73c84957da7e6c1e39f3f4c8fa65eea52462b24cc5e687905f119234029314
Cocolon_11(8).zip,Cocolon/screens/AnalysisInputHistoryMenuScreen.js,1260,69e70ab7,669ab09d1c0419b7f7dcbca32a2e9fdfcb69fb50261c67802e717219fe5c6d1b
Cocolon_11(8).zip,Cocolon/screens/AnalysisMenuCommon.js,10861,d80b6c1c,b52783741c0a1b8adf6a95d5e6542a609e6d4f8ab8a0d7f67b477e313e688a77
Cocolon_11(8).zip,Cocolon/screens/analysisReport/analysisReportAccessPolicy.js,1317,48dc2616,8b72b13fa3f6f450eaf37209c8c588465a6ce5a4d6a71f7efe3a62d9eb4e28ce
Cocolon_11(8).zip,Cocolon/screens/analysisReport/AnalysisReportCharts.js,1699,3618c1a0,e86003243543b1bb4a45662de66cc5ff11e7caf23d6a08cf498f69d1b3b7ed3f
Cocolon_11(8).zip,Cocolon/screens/analysisReport/analysisReportConstants.js,977,9dba05d7,d75ae8a709207811a6ac74b137776a4d0d2777c2c24e3512cddde359460d9fbf
Cocolon_11(8).zip,Cocolon/screens/analysisReport/analysisReportFormatters.js,2299,402ce947,fa4159bdfe3c5e41066222f6f6cb0a106f18a57edc6b0fa45e99e22c73e7642a
Cocolon_11(8).zip,Cocolon/screens/analysisReport/analysisReportHtmlExport.js,3341,f64ce7a4,588d463dad8d97ca429c46d685a016ed92282f8f09edf16112ba46975424d005
Cocolon_11(8).zip,Cocolon/screens/analysisReport/analysisReportNormalize.js,15127,0a3a4501,f4aa29443d4dad46392d266c9922c15395399d1223a5f34ac540aaf38878e83f
Cocolon_11(8).zip,Cocolon/screens/analysisReport/AnalysisReportUpgradeCard.js,2669,1abd86b1,a1ee5ef3b9ac718342a15fa1ef1b1f48261abb3091b96edc4fe5ce7b6058b8f5
Cocolon_11(8).zip,Cocolon/screens/analysisReport/KokoroWeatherCurrentCard.js,10727,76cca2b9,ac53418cf8d66a553a964b4663e5c8031a0a6b31b9873825f50ab28158beb95f
Cocolon_11(8).zip,Cocolon/screens/analysisReport/KokoroWeatherDetailModal.js,9097,6ece855c,d9aef741d2d2b7c0a08591745a389b759e61206363e49d62329e87446215a8a1
Cocolon_11(8).zip,Cocolon/screens/analysisReport/KokoroWeatherForecastStrip.js,9378,2194b5db,932297df50ffbc885d53c72def0c1052d257c2c149f8ecb2dd14a046bb344838
Cocolon_11(8).zip,Cocolon/screens/analysisReport/kokoroWeatherFormatters.js,13495,78d489ac,8f829f61f6f6f2c230846191f59b2a6bd60ebfa281c4b70badd06ccf4e0c9263
Cocolon_11(8).zip,Cocolon/screens/AnalysisReportHistoryScreen.js,33227,23c08e09,deefc88318d5445679e87637ec92a70f4513d4474d0d0dda27930443fb9d4131
Cocolon_11(8).zip,Cocolon/screens/AnalysisReportScheduleUtils.js,1809,35e31d8e,63dcc8027674171025bbd5207492cebb047e45b9503ec374927cb24ac1568dec
Cocolon_11(8).zip,Cocolon/screens/AnalysisReportViewerScreen.js,57071,6cbc6f5f,3ff3aed5702c67976e8b278d279892be27f8e51c011526d4222590d52190bd7e
Cocolon_11(8).zip,Cocolon/screens/AnalysisScreen.js,42945,eba72883,1b5b55e3470318a9dddac6fdf74a2ed2dd9f9df77e66ab663c05b5fb822d4e3c
Cocolon_11(8).zip,Cocolon/screens/AnalysisSelfStructureScreen.js,1453,16bb7988,4801dccab12118a562a642e102076af3e93412084e69fa995e95d33dbb5de73d
Cocolon_11(8).zip,Cocolon/screens/AnalysisTopScreen.js,2515,28ef760d,5258dfde77abcabbf29dd781d0656fd8154d4661a4a174ad985362fa5f313e53
Cocolon_11(8).zip,Cocolon/screens/CocolonGuideScreen.js,8542,64858395,1b44464eeae6694326bc2bda1ee890226d47fe11c9cce97fbe5333dec02e6cb9
Cocolon_11(8).zip,Cocolon/screens/EmotionLogScreen.js,43318,25806ca7,88f01d5d553786d58c696fe64db221c4119dedddaddc93135dfba5375a119d2f
Cocolon_11(8).zip,Cocolon/screens/EmotionRankingScreen.js,10416,47adfd94,66b8401afdc957616e23dccb94c4ed84fe4d4123c9e753685fc854ebd41fdf74
Cocolon_11(8).zip,Cocolon/screens/FollowListScreen.js,40437,31268085,fd7562e2f674a730b29ce9f3c7ed5c639ef359bcc076d0f0c4c9b6a4f0a788e3
Cocolon_11(8).zip,Cocolon/screens/input/InputActionArea.js,2929,afe6d3ec,911fd09199d343ff201c7918d49d046ede6dc1d4c35a505854b7b5615658e403
Cocolon_11(8).zip,Cocolon/screens/input/InputCategorySection.js,2044,ed7a651e,1a805e8d01586cb501219f92dc7b7df00e79e0de1c2370601520e9f5459efa7f
Cocolon_11(8).zip,Cocolon/screens/input/inputDraftModel.js,4633,791423c4,c57a95de2351fea3bdfcb3b3848bc0036820090d23bb23096762a5d18941e15d
Cocolon_11(8).zip,Cocolon/screens/input/InputEmotionSection.js,3781,160fc5e7,0621aa08a3e4be728b06bb65792165661614b7d429bde947f3a91ae29bf54cbe
Cocolon_11(8).zip,Cocolon/screens/input/inputFeedbackModel.js,8635,01c16ef1,d8873321b97846114da796b19aada0a694bc23a0ae604e585da6bbea1c8a606b
Cocolon_11(8).zip,Cocolon/screens/input/inputFeedbackObservationDiagnostics.js,5415,861c3e4c,292c3c9a65d9e63f6abeadac75707864c1ed8603f88af136afb18272795deef5
Cocolon_11(8).zip,Cocolon/screens/input/InputFeedbackReplyModal.js,2657,9b4e96b4,3b0f54d104aa88411cb9be8a26c663dc789411d69e5fd84aa44356c39255916d
Cocolon_11(8).zip,Cocolon/screens/input/inputLayoutModel.js,710,47b532ef,b162e3c25ea933816c1967cc70a0d828c724a704a7bbc00e85796095c6da2883
Cocolon_11(8).zip,Cocolon/screens/input/InputMemoSection.js,6494,f2f748be,9f0663def2703e04be7259fa6a2d2fcb2f3f20238deb718c2d5bf56c9cbc700c
Cocolon_11(8).zip,Cocolon/screens/input/inputNoticeModel.js,634,57383d3f,8ba8d2282417083bfb6e40b5ee91865da73f5d767fbd080e0c76a659249e2b49
Cocolon_11(8).zip,Cocolon/screens/input/inputOptions.js,600,a13a0945,8463777a6d44eb7047cba18b80ceb15697d8815daf5d06f34b012b32271ac2a7
Cocolon_11(8).zip,Cocolon/screens/input/InputPiecePreviewController.js,607,2b1f954f,a6d2b657e7e9cfb4cda26f37ca7f6103a30d2b7d8e5f9cde0c3307e5b4a70954
Cocolon_11(8).zip,Cocolon/screens/input/InputStartupModals.js,5192,bbd41cd8,d30584491bf7d979595030b07d1b356395188a0c379018b9d23a9a2f18577a12
Cocolon_11(8).zip,Cocolon/screens/input/InputToastOverlay.js,632,2ac5a32a,9a13629c4e03c8501990b64a68dc7612220ecb2d82827129474909178240aa82
Cocolon_11(8).zip,Cocolon/screens/input/useInputDraftPersistence.js,7207,38b3407d,76c7140f5566bfd4d8e435f045a3b9116257a0276ef7c57d98d199d0e639af4f
Cocolon_11(8).zip,Cocolon/screens/input/useInputFeedbackModal.js,3054,d4931268,fa23691c58ba2a420134aa3edc32e79d5f132c55a186d4c3012b664547df143c
Cocolon_11(8).zip,Cocolon/screens/input/useInputKeyboardAwareMemo.js,5397,b36a34ad,03031dfe541a96674339760675f8b3cde859b50929d6475babd449ab9ff6a362
Cocolon_11(8).zip,Cocolon/screens/InputCountRankingScreen.js,11712,02684b06,4ef8f0f17355f20bac471214197ccab6045b2f2450cadae8cb7ce523dff11969
Cocolon_11(8).zip,Cocolon/screens/InputLengthRankingScreen.js,11696,746bc211,7a54ff1ec044c0ddc8a1706455f89cbad0ef3265afb0771e639c5c28fa29f76f
Cocolon_11(8).zip,Cocolon/screens/InputScreen.js,77670,da3ecdda,6c82c1ac5bdd9a8eef06f64986f3a054ed6971f01a5ed154f3ddc6d63874e04d
Cocolon_11(8).zip,Cocolon/screens/LoginStreakRankingScreen.js,12860,d7339075,42263a3298f36e24cd6bfadbde8f77824ba4e2e1ae66312cccf1e832125b0beb
Cocolon_11(8).zip,Cocolon/screens/MenuActionCardCommon.js,4934,b05d12ab,49246e34d8a17a7e36143456630937b58dc8c2ba989ff6254614f08eb9edffd2
Cocolon_11(8).zip,Cocolon/screens/nexus/nexusConstants.js,689,319161f1,e4107ff3d5151deb8b64954dc148012d71cbdfd029cdb99ff8a1f98384a53cfb
Cocolon_11(8).zip,Cocolon/screens/nexus/NexusEmotionLogSection.js,2382,226b5bbc,a7b357959f7547da92cfd5e9aa56995ab375a61cc5e0deb3ecb00f94756ddf46
Cocolon_11(8).zip,Cocolon/screens/nexus/NexusEmotionRankingCard.js,3309,4028c5ca,f470f62ad4e8fe5a480b5a75c984a00d05f85b2696f51e9c0203073c11507854
Cocolon_11(8).zip,Cocolon/screens/nexus/NexusHeader.js,1890,9b84a549,d19030d28f8840056ed1e68931a7eb798ab7b756b7792b03ba453526e05a5c10
Cocolon_11(8).zip,Cocolon/screens/nexus/nexusHistoryModel.js,3813,778f12c3,26fa046fb24913672b21f1ce32c804636e4a518d917fb5c23e8e25909328c262
Cocolon_11(8).zip,Cocolon/screens/nexus/NexusHistorySection.js,3190,be88e251,3b1b708ef809da0df0aa803145309752307278b4013d53b990750879ea496e8f
Cocolon_11(8).zip,Cocolon/screens/nexus/nexusNormalize.js,8934,6756d353,2d14730ce639af7721dfa7aa2e1dbe3722e6ed5ed46915eb0deaa5f68ae54d62
Cocolon_11(8).zip,Cocolon/screens/nexus/NexusOwnerPickerModal.js,2472,1bc12792,16a6acc4ff80a3b19e32a86a760603f71fc963224f7a055ce96fb538a9da4473
Cocolon_11(8).zip,Cocolon/screens/nexus/NexusPieceCard.js,10845,d67b6c06,1767c32802febbc927e454d253374b814166c95a637e0548295e2a808bd9ab23
Cocolon_11(8).zip,Cocolon/screens/nexus/NexusPieceFeedSection.js,6022,b776f81a,f2e57d2ac09e247d3f73a899b8f68289b720d05155ce88a9a52397bbafee0add
Cocolon_11(8).zip,Cocolon/screens/nexus/NexusRecommendSection.js,1206,b40a5444,54fe5f44e3563a76c79c8124ea577dd075823f0bcb12ae608402587b59351e5a
Cocolon_11(8).zip,Cocolon/screens/nexus/nexusRouteModel.js,1373,e0839332,2667fcf205cde000590518d750903b5b43a5cf6ae695b7081c68a949ab1bcb83
Cocolon_11(8).zip,Cocolon/screens/nexus/NexusTabBar.js,1920,90008640,9cf951dd6bdd8a5d1abc4b39b75fbafe9e3fa2ba09bc70dbfc4560521765eae2
Cocolon_11(8).zip,Cocolon/screens/nexus/NexusTodayEmotionSummary.js,1382,21803968,1d37980ac423eb4a647861bb0083e08bb9541ca8075069ac4df6858b9a968aec
Cocolon_11(8).zip,Cocolon/screens/NexusScreen.js,54333,a9d7db77,2d9fad408a80049ec86ba433f132e0d5864d282e04c211d19e9bbe96a6a5015f
Cocolon_11(8).zip,Cocolon/screens/NoticeHistoryScreen.js,17878,f0fd24d9,125dfe3a10c598fd145ba2ff69fd1e91dc346e56ce6a47d36bddbefafcf37c54
Cocolon_11(8).zip,Cocolon/screens/piece/PieceHomeActionCard.js,523,c60f456f,82e405032329fd5660dc2a0f6df629e03d7747c0d2403fd6cca558cc8066f2d9
Cocolon_11(8).zip,Cocolon/screens/piece/PieceHomeMainActions.js,6140,050e8162,5bcb4069268aa98f1259d171f5e87454b7d6bab329678699f7067a1a7e54dc05
Cocolon_11(8).zip,Cocolon/screens/piece/PieceRecommendModal.js,3135,7b7beb2f,855b7c057a1f39663492b98d8587127d2abfa2cae8cc1ed6e8c561e235c113a8
Cocolon_11(8).zip,Cocolon/screens/piece/PieceTutorialCreateModal.js,5412,b491c71d,1bfc8fc50c77ceccb92c00e7a6a507a278c973bcce224dc7b7f3c781e7d32e18
Cocolon_11(8).zip,Cocolon/screens/piece/usePieceHomeGlobalSummary.js,3537,00b42d98,56da993037230f4db8560e3feb34ae4a2c61f372a03df9babd3ac9ccd49c06c3
Cocolon_11(8).zip,Cocolon/screens/piece/usePieceHomeTutorial.js,15317,3beed85d,f6f9a6bac6cd44a81c297346dd3cfa9fddc5f5efded6519bef83c0b24575690a
Cocolon_11(8).zip,Cocolon/screens/piece/usePieceRecommendUsers.js,5853,ae1a9311,09900bb7b43b01a8c3af72c1f6ebcfcc4af7ddcc687eb700b499f4652509c8fb
Cocolon_11(8).zip,Cocolon/screens/PieceEntryScreen.js,316,79665a65,513d0e9c805894024d274c08f8b12f96bb08f3290fcf5d4b8000a057fdb8d12a
Cocolon_11(8).zip,Cocolon/screens/PieceHistoryMenuScreen.js,1773,ded09d57,1990588cd89b0e3544feccb8a87327a29e59f782514882937f14b27521eff0aa
Cocolon_11(8).zip,Cocolon/screens/PieceLibraryScreen.js,103592,e2a3dccf,94ec55740f32442e4b5089372966049b472f887f4d622c28dbddc0a5d340dd23
Cocolon_11(8).zip,Cocolon/screens/PieceMenuCommon.js,1414,17a55f3d,62281b5c4562407513c988ed84635347fd68039f947dfefe6e1610b7a1c1d371
Cocolon_11(8).zip,Cocolon/screens/PieceResonanceRankingScreen.js,11813,f62b9675,ad893c098b1ab8843f14dde3b981143ad8e3087edc0ae31e1f9eb166e9e42411
Cocolon_11(8).zip,Cocolon/screens/PieceScreen.js,22185,608c5e70,30d17e4a098d1a77f4b224d7249d78dac25cf7ca16d1a7ecb6396f0c8ad80b11
Cocolon_11(8).zip,Cocolon/screens/ProfileCreateScreen.js,32945,69c79dec,e0fe7539e859349929cc070d0b5a06a3e2942b2c0ed47e0e1bc35ef267bdff3f
Cocolon_11(8).zip,Cocolon/screens/RankingTopScreen.js,16027,5cdd16da,108de65a3b22e787c86259c343007b0058f9c4ba6ec043b4b853babfb97a3ed1
Cocolon_11(8).zip,Cocolon/screens/ResonanceHistoryDetailScreen.js,5031,c8a8f29f,b2e480e603127855632445fd23cc1a7b95cebee5b87c0f3b3adebfb329784718
Cocolon_11(8).zip,Cocolon/screens/ResonanceHistoryListScreen.js,15251,1067c6c2,37a8d32601fbb2e3d2b5f1d22fbaa8e81e4a72138a7aab180b963bcd2a3b59be
Cocolon_11(8).zip,Cocolon/screens/SelfStructureReportGenerateScreen.js,28626,e34c6839,caad0e3b9dfcc7bdb7eec73a703bd076dd2d367dd605c8fa075c8af8b3d01a0b
Cocolon_11(8).zip,Cocolon/screens/SelfStructureReportHistoryScreen.js,23895,f1be46dd,9da8bc3d846cf28a9975b09e2aea842e37b8331e2a1f2084b4e1a1034955d601
Cocolon_11(8).zip,Cocolon/screens/SelfStructureReportViewerScreen.js,15607,004a0957,fa98cbab585fef3f4592a724f1d5308c1450db88c064963240005dc006177607
Cocolon_11(8).zip,Cocolon/screens/SettingsAppSettingsScreen.js,20164,6ab307da,ea0f056242c5135b10902292331b81e0bc1957dc127b084285b48466e72052d8
Cocolon_11(8).zip,Cocolon/screens/SettingsOtherScreen.js,6647,877c2c88,f134507eab21875581dc176231fdb492d8c6e0e24520e21133e14c0b3ad76556
Cocolon_11(8).zip,Cocolon/screens/SettingsScreen.js,1567,367a24d8,29d54c64eafb08f473678bde3a56c36486e8e6e3af8ff2139613f7181307f931
Cocolon_11(8).zip,Cocolon/screens/SubscriptionSelectScreen.js,41055,5a66cc6a,4db88de454daab3e34a0dc4556ad4081cf5b3a6124b81774e7776de44d49c2a9
Cocolon_11(8).zip,Cocolon/screens/TodayQuestionHistoryScreen.js,26569,94e1be52,08fc548b07f8135e942fd0e43834da7b25281918b4e13fc7fda3578b76d60c72
Cocolon_11(8).zip,Cocolon/screens/TutorialFlowScreen.js,20218,5b3e4b55,8c8f7254b343b0c743ce106dc8dd8150bb0124f79d470b5c56cce3983851f632
Cocolon_11(8).zip,Cocolon/SubscriptionContext.js,11893,68a7f6c5,6b6c09810c1c7b0c4e0e8d33f5bc2aab7da87072dbb3eff9d59710180ceab996
Cocolon_11(8).zip,Cocolon/SUBSCRIPTION_RELEASE_PHASE3.md,2183,e7947a70,ca04c72be432056d56188cee42de88c8eeffe0b49d46ce132917bac144983495
Cocolon_11(8).zip,Cocolon/SUBSCRIPTION_RELEASE_PHASE4.md,1812,07333b27,7e3b3086c2503776464a42c00ba1741a41e3652e20a13680d3eda8fd6c48637e
Cocolon_11(8).zip,Cocolon/tests/rn-screen-contracts.test.js,182300,8c18655e,b879bda112a6e8e65188ba693ebc7256773ce41ed4fd929f5f9a487c4c4abbe0
Cocolon_11(8).zip,Cocolon/theme/ThemeContext.js,5012,a93ea72d,d33a853bd4e3ebc898478ca1dbed25ac7240741ceab4dc937b845ca002b612ce
Cocolon_11(8).zip,Cocolon/tutorial/generated/tutorialFixtures.generated.json,49975,04068d02,10d8f16a48d601040ad58426b2d620f23f520cd689638cc07851bb5d1ea3d771
Cocolon_11(8).zip,Cocolon/tutorial/tutorialScenarioData.js,16603,47812695,4140662bc9889aea5c95c5305ace94c09f52b67168cf9b812ced0b23aadd9c7a
Cocolon_11(8).zip,Cocolon/TutorialContext.js,11660,8c4111bd,e5e1ad8d2e777e045d55bbc16dc0fe5ad36b2e446f4c6dc9b92e112634f58f30
Cocolon_11(8).zip,Cocolon/TutorialOverlay.js,13123,3eb19c16,0f413d8d8cfcf90b48553210af23dd3a378f2682c87f8364ec3efc8306e40c09
Cocolon_11(8).zip,Cocolon/ui/applyTypographyTokens.js,3348,8d98be1b,7b66892fd27e823e7394476cb79fb5c0b8735a9e31cb277e928c2d0c01568b04
Cocolon_11(8).zip,Cocolon/ui/uiTokens.js,1724,024ffb73,388de10699f3d6e88dc9c293811de8fced11c9b786ed17efebca5edd2a4c97b1
Cocolon_11(8).zip,Cocolon/UnreadContext.js,20822,4aa271bf,1672f67c1bbe123a5f118eb8cb2656ef936a74dba9f2ea47980b144f2b2929ee
mashos-api_11(17).zip,mashos-api/ai/.env,518,0362d8cc,a76325c55f3dac4f21324ff144e6df47b756740be1b25dfba166d9c17eb58068
mashos-api_11(17).zip,mashos-api/ai/configs/app_ids.yaml,64,a4954d96,3e28c07e222b4adb9343b5950ed289d5fab0fb9eb7115ce58da00a8babc456d3
mashos-api_11(17).zip,mashos-api/ai/configs/model_train.yaml,362,7cf0107f,2ad2690fa82a034cfcdf622ad62d44efdfba700b89c20467c388e3bd222f0e40
mashos-api_11(17).zip,mashos-api/ai/configs/runtime.yaml,218,a51ba58c,c045a16d037b5b19eb033863d439cea0c7a2cad65295e46fa7189f491fe9b102
mashos-api_11(17).zip,mashos-api/ai/data/config/astor_structure_dict.json,4421,521b18c4,d590ab0e2d5225ffa63032b5d49b176d59c94be8d90a6668e9ecde10bbe214c6
mashos-api_11(17).zip,mashos-api/ai/data/processed/features.json,226,555c718b,54d7db6fe0f85fb58c6d2425a54937c50703de927e99ae68e18f4e1e4092c14a
mashos-api_11(17).zip,mashos-api/ai/data/processed/structure_dictionary.json,162484,302a599e,5e10f8162728223c30585f7c498710e18b10a59c0febf6c1e9d672b3fb9bb5d2
mashos-api_11(17).zip,mashos-api/ai/data/processed/summary.txt,279,460ed88d,3ff375cd38ff8982604e575656b4f53bcf822f40b184d4d7ff9025410bcd521b
mashos-api_11(17).zip,mashos-api/ai/data/raw/import_template.csv,295,066bb3e5,96d2b54167dfa1caef653c9c0c01d81e99bc6792892ced24fa4412b4e3a0ea43
mashos-api_11(17).zip,mashos-api/ai/data/raw/logs.jsonl,726,85d2f48c,0647a3f5991504d81f58a366fe2afe30f0cb416d54a71928dcabb826171dedbd
mashos-api_11(17).zip,mashos-api/ai/data/raw/README_ingest.txt,1260,520e078a,435c9e7c8bd4f46058f58fbe30a705a9f110b247b42b8d90df379b9457b42d7a
mashos-api_11(17).zip,mashos-api/ai/data/raw/schema.json,850,6c606390,bb3e760cdb9623601c6505e96a938f141ff33a0dcf2330267b2986bf000ded67
mashos-api_11(17).zip,mashos-api/ai/data/raw/template.csv,305,920ecde6,de4720159d0675dbf6b7e74137d0fccbf84eea7aacf434a1a9329bbcb0074f63
mashos-api_11(17).zip,mashos-api/ai/data/raw/template.json,304,b3c27de7,8d5fb49e8247902ccf217688ccf764846ebc97f4756fdc02d3ddae67a5084ce1
mashos-api_11(17).zip,mashos-api/ai/data/train/{{AI_NAME}}_interpret_train.jsonl,6116,52cab2dd,c2c9cde8dc5cfd5c509ff99d7e472a6fc85f5faa519bd05b53d05d226ec50758
mashos-api_11(17).zip,mashos-api/ai/docs/api_contract.txt,161,e93c8ee5,8a0de309a5b73406486cc33380eeb4656c8c6964500b6a5eba540e6ceccc1993
mashos-api_11(17).zip,mashos-api/ai/docs/API_CONTRACT_POLICY.md,2449,6f58d6db,2ce30febfb63adf77e4a010f079611ae0e9b4d1fdc78be01b942a9d7e0df5b2b
mashos-api_11(17).zip,mashos-api/ai/docs/Cocolon_EmlisAI_構造辞書更新運用_華恋用_2026-06-02.md,16325,117fb812,4235724417cb6b8168b3e58ebf9226ea89d2e26525feb1d5f6b2f834c8d00810
mashos-api_11(17).zip,mashos-api/ai/docs/COCOLON_STRUCTURE_UNIFICATION_ADDENDUM_2026_04_21.md,1925,e9962ba6,cde649bab42631d095b37b0a2a5e9648130d92202261ff3e52aa7fa9c1d1c186
mashos-api_11(17).zip,mashos-api/ai/docs/Cocolon_TextGenerationCore_Phase0_2_Work_Memo_2026_05_11.md,3438,8f44ac95,328269cdb700c380adf5aca1928ccac89695e4c0b893041c19d1f432939b3eb9
mashos-api_11(17).zip,mashos-api/ai/docs/Cocolon_TextGenerationCore_Phase14_FinalVerification_2026_05_11.md,9296,5e5e3b95,6a896bd9bcb9ffc5c88a5f57ee2ef67a56bd3e19c026ea350a9d6e8949adbfc1
mashos-api_11(17).zip,mashos-api/ai/docs/data_ingest_guide.txt,1647,c703a0b5,1989d35d9e43a0959ce0b7c0a74d8f3d18a917c20ccddf51046ce2ae4572e4af
mashos-api_11(17).zip,mashos-api/ai/docs/emlis_ai_user_models.sql,2943,c3da8386,00e8b6a7c554c68fe6268a25136997e0a3347f21bd805350d0b97fabae689a7d
mashos-api_11(17).zip,mashos-api/ai/docs/iap_subscription_update.md,3229,053d262c,02322faa9724a39585773c4100f81888d36f78fcacba2708ee4acfb1c74f4a12
mashos-api_11(17).zip,mashos-api/ai/docs/LOAD_TESTING.md,7219,e0ff722e,2f03dbf5a824a1c2a1c25bba758af419426f0f07d7ccee1f86337453da3a1884
mashos-api_11(17).zip,mashos-api/ai/docs/NATIONAL_ALIGNMENT_AUDIT_PHASE5.md,1790,287f82c8,702e58174233acfeff48cfd26bbb8096620daba11aa6cc3b6728ecbbec211bb3
mashos-api_11(17).zip,mashos-api/ai/docs/PUBLIC_API_REGISTRY.md,18156,a97045b2,9a0ca0d95a93bffddfd53c467b69ca35b6feddbacf1948970b944b18e2c507cc
mashos-api_11(17).zip,mashos-api/ai/docs/TUTORIAL_STABILITY_REDESIGN.md,5225,17e2c7d8,2d0605c396b0161c7aecd3625590c5ddf7cc9e97c8698c73240494f784a43786
mashos-api_11(17).zip,mashos-api/ai/docs/WORKER_OPERATIONS.md,8220,3245445d,2926850cb5f0dbeaf0ab9b690e77bc6c49286b1bc3bae6cf592f5e1b0ca233eb
mashos-api_11(17).zip,mashos-api/ai/docs/{{AI_NAME}}_spec.txt,145,5a134a67,dbd1c47603a88e5f3794d4cfa788cbde57684a560c6508ab165959ba7c5c83b2
mashos-api_11(17).zip,mashos-api/ai/ingestion/mapping_sample.yaml,321,bfc8d3a2,c68ba3fa0be56a4c77db7ef8329dc15faf1a1fcdfbd83be95d4763f42659034d
mashos-api_11(17).zip,mashos-api/ai/ingestion/user_logs_sample.csv,439,ad9eabb3,a9ca10bb9842f0d544534a28125a357f68fb95c18f94d70065ac1f9fed83ab27
mashos-api_11(17).zip,mashos-api/ai/Makefile,241,5c967b8b,13163d53658845994d7e2284c65074d8a3645a5631608d06638b7c986424e90b
mashos-api_11(17).zip,mashos-api/ai/POST_MIGRATION_CHECKLIST.md,503,38a5165c,529fd4363971d3b4ef83c61cda3c449761e6738c961bf8a260f016a53df1f21b
mashos-api_11(17).zip,mashos-api/ai/README_MIGRATION_QUICKSTART.md,1096,631ddd20,c128dc83ebff15bf97a33cd135ce4e6a945cd93a5f848c681911342abeaa9a60
mashos-api_11(17).zip,mashos-api/ai/services/ai_inference/.env.subscription.backend.example,3367,6482ce7c,ebfd41e25863d133861d6d24dbd831020e912b0ecdc87aad41743b365b844a9c
mashos-api_11(17).zip,mashos-api/ai/services/ai_inference/.env.worker.example,2203,b1d0f062,8fe117d2556007bab16412cc7de17cefdb215a0930354a353415182e84c522c1
mashos-api_11(17).zip,mashos-api/ai/services/ai_inference/access_policy/piece_access_policy.py,4457,2a53bd38,12c44e0c1def705a89102f368e439bb89590dfea56a018db6e8309545e5f88d8
mashos-api_11(17).zip,mashos-api/ai/services/ai_inference/access_policy/report_access_policy.py,1726,b422a12a,55cca5e8388c02fcdb0ef84c68e25fac48c5d5ab5c792cb4c84f70c83052038c
mashos-api_11(17).zip,mashos-api/ai/services/ai_inference/access_policy/subscription_context.py,1767,a620f3e9,1209af402bd2fad8d60f32e2c0d5a7577e2b33e45268e98760316756557c2483
mashos-api_11(17).zip,mashos-api/ai/services/ai_inference/access_policy/viewer_access_policy.py,3597,7edf0396,d784117571a91fa199285972794e0fbbe971906ce6bc81b2b11848123abe364c
mashos-api_11(17).zip,mashos-api/ai/services/ai_inference/access_policy/__init__.py,1946,c2a8c151,c7c668755cebf864cc48a97140877cd08c50b56e97b3234cc5de1029b6e9953c
mashos-api_11(17).zip,mashos-api/ai/services/ai_inference/account_delete_service.py,24778,2b081d2f,f7cca53ea47232fb2026c86a6396539a0dc3131f5d8a7f88411e89bb7ee2b83e
mashos-api_11(17).zip,mashos-api/ai/services/ai_inference/active_users_store.py,7662,31213e0c,b9037a711d0347cb9e5e3939370677a1528e53500eaf168de93f2d82627168d0
mashos-api_11(17).zip,mashos-api/ai/services/ai_inference/analysis_capability.py,2720,e038319c,0186f0043eb2f8c954af0451e366e8705795288c0a96e905993b026104bff6f6
mashos-api_11(17).zip,mashos-api/ai/services/ai_inference/analysis_engine_adapter.py,17043,94794c07,6fc680d2dc33b21e1b978cb0d58d2281f2a137f439a97d6b3a416316c3325eb1
mashos-api_11(17).zip,mashos-api/ai/services/ai_inference/analysis_report_schema.json,10602,ee4f09da,23162b4bd71577ce886b68b753eede8dc6c07fbfb5ea51f61a3df3a9382cd6cc
mashos-api_11(17).zip,mashos-api/ai/services/ai_inference/analysis_report_validity_gate.py,19868,c16f2190,327dbfa505a5bd8342d5854bf789c5f5baf0825fa7b226881e3f6900b7bf86a1
mashos-api_11(17).zip,mashos-api/ai/services/ai_inference/analysis_summary_reader.py,7274,beb7f604,c58829c4e539f4ed6a4beb30207ade6ff3586cdc8c3eef751879f2efede6e24b
mashos-api_11(17).zip,mashos-api/ai/services/ai_inference/api_account_lifecycle.py,14688,d4fdfad8,81c0b2b0552dfb48cf168094c2322de0c5d8c241817848bd9a852fd2160c28fc
mashos-api_11(17).zip,mashos-api/ai/services/ai_inference/api_account_status.py,12751,3a0aece1,1f543e6946fd1d717796ffad9f781c894660a1b69cd2878434139b4c46a4c985
mashos-api_11(17).zip,mashos-api/ai/services/ai_inference/api_account_visibility.py,14085,16ab739a,9b7929bfd04ada40fb4e7ea4630c4159a96b313f066046c7da5f51c456b6d107
mashos-api_11(17).zip,mashos-api/ai/services/ai_inference/api_activity_login.py,5522,d3d0717f,14c8712c6858f787fc728760e71664f713524e637455ca3d311cc9502b733677
mashos-api_11(17).zip,mashos-api/ai/services/ai_inference/api_analysis_compat.py,4493,8bd45a15,86c61b324d9a1f288f1cda433d2335243bb79123af1ae0357aa8e0056c696695
mashos-api_11(17).zip,mashos-api/ai/services/ai_inference/api_analysis_reads.py,20319,3f4410bf,7d85ca1d43760e3c92c0acddf312e1af1f9afd0c0c836f07a47b83e4e5d9c38e
mashos-api_11(17).zip,mashos-api/ai/services/ai_inference/api_analysis_reports.py,267487,41ea0bf4,185bc5e6a0f8ace08ef4cf346e28da7a4dfa06fe5e29aa0ef85e7d7ce1567913
mashos-api_11(17).zip,mashos-api/ai/services/ai_inference/api_app_bootstrap.py,6073,8ac31324,afb67851eb62f8bf50b7567829703c4cd316bd5babdc798036e0717c192719fe
mashos-api_11(17).zip,mashos-api/ai/services/ai_inference/api_client_events.py,8522,b02455f9,c5d5bc649b297ae900cc53ca6b8853d3ef4519e030683031dd2a0660d3db4160
mashos-api_11(17).zip,mashos-api/ai/services/ai_inference/api_connect.py,3604,ea68e90c,1ce8840e11d7bf0b6aca04eb6b1b6721b7728a4d5469f0d203fc085d84a871f4
mashos-api_11(17).zip,mashos-api/ai/services/ai_inference/api_contract_registry.py,35035,e82d1737,2e2043392f0ca1088c3442685203e0d1949714870e29c03d0f51f3de6d38205b
mashos-api_11(17).zip,mashos-api/ai/services/ai_inference/api_cron_distribution.py,94655,b167c956,a65d3d4da79314bebd0b991d2ec3659811833a696f9cdb612fc6b22fac9741d8
mashos-api_11(17).zip,mashos-api/ai/services/ai_inference/api_emotion_history_manage.py,2534,56d72dcd,9a4c9d60838b3ebf47370b8b103340f0015dab531dd3c33196cc21add4ff5b6a
mashos-api_11(17).zip,mashos-api/ai/services/ai_inference/api_emotion_history_search.py,18228,b400cae4,387e457513597831a652084be913fc6dbea281f9192c1485ecba6de88d88b984
mashos-api_11(17).zip,mashos-api/ai/services/ai_inference/api_emotion_log.py,5333,8b58dcdc,1f8a5b2848848125b7ca72a20a1ce3e05534bff1e90224d6e8365f5d1ae72125
mashos-api_11(17).zip,mashos-api/ai/services/ai_inference/api_emotion_notification_settings.py,7768,2c8d8937,69000ef0a8b2ece50bc551d1bda1c127eef218afcc643194ad11298ada4b2536
mashos-api_11(17).zip,mashos-api/ai/services/ai_inference/api_emotion_piece.py,13288,5718e387,367d67292ec9b15bef9c2bee1edf71daf35040ffa965c484ae048cf3b18e6c04
mashos-api_11(17).zip,mashos-api/ai/services/ai_inference/api_emotion_reflection.py,1367,cbd545b5,2adce68e11332b5e04800bfc68afb9871fdf94214191fe58cd8cae55e7a17214
mashos-api_11(17).zip,mashos-api/ai/services/ai_inference/api_emotion_secret.py,8304,268c5103,0b9f2352aff0f8600abbd3b4edcded04b2194ba6519b71152689be84ac5ac27c
mashos-api_11(17).zip,mashos-api/ai/services/ai_inference/api_emotion_submit.py,82224,f48105ec,0705dc5cd7d4a78a4b8f6de1721b80b1ea6ae70b1d48a064acff9a8277af1822
mashos-api_11(17).zip,mashos-api/ai/services/ai_inference/api_follow.py,58485,da8255a9,b17627b61a483fb2bf8f11582f8d247ba80e68f776f3253d56568feba18170d6
mashos-api_11(17).zip,mashos-api/ai/services/ai_inference/api_follow_graph.py,24868,32314eed,1b91e21e744c1fc04e7ce10af0578e893d21eda1a693fc898c590d47a0341bf4
mashos-api_11(17).zip,mashos-api/ai/services/ai_inference/api_friends.py,4086,609fdec4,88812735ba9d56d8619e4af969841a098c5e67add7b2e3c80df440f7042a4b9c
mashos-api_11(17).zip,mashos-api/ai/services/ai_inference/api_global_summary.py,18657,0c2641be,6d58beb4fc5c5673ccfac4034750c8c5eb7e24f429362dec23399d512cd8684f
mashos-api_11(17).zip,mashos-api/ai/services/ai_inference/api_home_state.py,2234,f4a2569d,f50617ec0a7b76a4abe6dbd1ec7f2c324d4ab1d774e4528928dd5d488fb47fa2
mashos-api_11(17).zip,mashos-api/ai/services/ai_inference/api_input_summary.py,11606,3bfd4710,58f677eba6618e7659148ccbd010acd1e1a1d16bcd041e43cc5c00a5f3179448
mashos-api_11(17).zip,mashos-api/ai/services/ai_inference/api_mymodel_qna.py,3698,b0edcd08,e39ce0739f1c4eb60b118cfc11426444d7cde1dc266fb4aa1b61e4073ba2ae80
mashos-api_11(17).zip,mashos-api/ai/services/ai_inference/api_myprofile.py,5014,bc81cf3b,6525a170a9f55c21ef1972dfc22db2ca6faf02ceb067ccca90b6292040fbd61c
mashos-api_11(17).zip,mashos-api/ai/services/ai_inference/api_myprofile_reports_read.py,917,4bee1fe5,2cf03cf6e175ff1893ea8e7686dfa2019b3f4c1bc56d3110a4175de9dcb7508f
mashos-api_11(17).zip,mashos-api/ai/services/ai_inference/api_myweb_reads.py,2596,6c3f0ba9,3c23e86f19f5139d50073e1466c1c3b6808bef81ab4dba00b4bb7cb2948cdce3
mashos-api_11(17).zip,mashos-api/ai/services/ai_inference/api_myweb_reports.py,2193,e615918b,649d4a7da2f9849f2b80ef644fc0978b977d28665544a86266b5e45167d81638
mashos-api_11(17).zip,mashos-api/ai/services/ai_inference/api_nexus.py,18483,57a8fb0d,8b82c08e55241a6d91c341e2f6c7cd563a85ea443b414a3ab77c1de0006f245e
mashos-api_11(17).zip,mashos-api/ai/services/ai_inference/api_nexus_compat.py,457,e17bb75a,4f35e8e543fe88d6bf91607a9f246c62700c8f9b1099bf4845be1a31c9de1c2c
mashos-api_11(17).zip,mashos-api/ai/services/ai_inference/api_notice.py,5994,33436860,f96262e1efae237363f0258154b7260fa664b9369882f230b73f37c357a76640
mashos-api_11(17).zip,mashos-api/ai/services/ai_inference/api_piece_compat.py,13666,2985de19,45b5a2ed6e910f671e855392f7dd3fd288ee058574786f7735d5ee49ea2aab21
mashos-api_11(17).zip,mashos-api/ai/services/ai_inference/api_piece_runtime.py,170327,9cdb9c35,5e7b4785fcc901741ca1f5e1b780e630a8c842c2a409fcfc80c8e23076530d32
mashos-api_11(17).zip,mashos-api/ai/services/ai_inference/api_profile_create.py,34273,0417dbb9,2863a17adbd1be7e36f1e10f79e2cd4b6f2b876f37f256ea2c0df891c0c70d9a
mashos-api_11(17).zip,mashos-api/ai/services/ai_inference/api_public_profile.py,5263,58ba6902,a3be70f7e41f5c8d80f1e28269afce2f786c14efdf788df13587828229fcf000
mashos-api_11(17).zip,mashos-api/ai/services/ai_inference/api_ranking.py,31746,b2e53a6a,63bdc7e21af15b035668d531b55d40200e35bceae019ae2fe4dd810e25ebd6e7
mashos-api_11(17).zip,mashos-api/ai/services/ai_inference/api_ranking_login_streak.py,17004,aecc6b87,09d30e7ae91206c08e22b787ba6932ee593fd037534ab967e89b3f05c699438d
mashos-api_11(17).zip,mashos-api/ai/services/ai_inference/api_ranking_mymodel_resonances.py,940,75926884,dd3ca42ec52db4a45413329ef4bb864e1f414f1477dc225ea3a8ea15e2470ff2
mashos-api_11(17).zip,mashos-api/ai/services/ai_inference/api_ranking_mymodel_views.py,875,cc7c119e,d16d1c214b6028334f6aea7f4c4fd1d208464bad0f0e4d51a7a0eab88aef3877
mashos-api_11(17).zip,mashos-api/ai/services/ai_inference/api_ranking_piece_resonances.py,5828,da1b0ffc,d7a11c47a13c63bfa80cd2bab001192a78fdedc3481ec0c36035beb694e39997
mashos-api_11(17).zip,mashos-api/ai/services/ai_inference/api_ranking_piece_views.py,5243,841607f8,fce48e3511a1da5fb0f68a0d0a845658a2bb60b8e7f43d4395288cc87d54597e
mashos-api_11(17).zip,mashos-api/ai/services/ai_inference/api_relationship_compat.py,19016,82784053,b558f791ae37a7ce8d5660401edecea6071ac123b833a552cc766de31ea6be52
mashos-api_11(17).zip,mashos-api/ai/services/ai_inference/api_report_distribution_settings.py,2690,f05a52cc,cf0986ec475303fec8c513d653d2fc453be6c080fb7c75d3f335bbfe6bcbb865
mashos-api_11(17).zip,mashos-api/ai/services/ai_inference/api_report_reads.py,20587,47401516,15e6894aaeb4ddbcfa42e3b3f2cf7450e879629daa38465d46cfbff1ae65c0db
mashos-api_11(17).zip,mashos-api/ai/services/ai_inference/api_retired_legacy_compat.py,1717,aa33a1dc,62655ba939e083483d1f76b88aff283246c2dccd39967a8bf39f603c2f1014e7
mashos-api_11(17).zip,mashos-api/ai/services/ai_inference/api_self_structure.py,91990,06c05b45,a16d1585d2e815c7b9636a2b8464386c5fd279a9ef3739dfb2a5295d98ee8843
mashos-api_11(17).zip,mashos-api/ai/services/ai_inference/api_self_structure_reports.py,3303,21a26e2e,d26cee5263702719da65545c687377d6d0bf56ebe40d4a7a25428ac644a5e22f
mashos-api_11(17).zip,mashos-api/ai/services/ai_inference/api_subscription.py,27813,81fe2dd2,6492ef3095d888bcdc7ef0230f1cf0a959b33db4e2ac3708c14a2f19306dc74d
mashos-api_11(17).zip,mashos-api/ai/services/ai_inference/api_today_question.py,23796,3940ce93,5da76360371e2b9a5f362b4fbd254dce80598187657ecd43e6c3100546f7080d
mashos-api_11(17).zip,mashos-api/ai/services/ai_inference/app.py,63803,cbb5cf9d,0e759c8e8f2fa1b20273dedeb2621c904a26b223b2858094255f782c90b9e2d4
mashos-api_11(17).zip,mashos-api/ai/services/ai_inference/astor_account_status_enqueue.py,7305,8d47617c,ac7369ca728d2bc7e1a994ea42e1c107c8edf02e037605c754d68fd432fee42b
mashos-api_11(17).zip,mashos-api/ai/services/ai_inference/astor_account_status_kernel.py,6106,91a3579b,eb3d44df2fff597c6327e3c71bc07a34578685c23a7c77e4f14087734c738114
mashos-api_11(17).zip,mashos-api/ai/services/ai_inference/astor_account_status_store.py,18489,04013f98,1f77c75ca32979ad45e84606a94ca0b2bc1ce05c9d87b67c8e5896a551013544
mashos-api_11(17).zip,mashos-api/ai/services/ai_inference/astor_analysis_insight.py,39216,571e394e,5a05de4fcb7f2a18171505b60b44e1068cc15d2baaf6e6c4b20fef9a6fdc39e1
mashos-api_11(17).zip,mashos-api/ai/services/ai_inference/astor_core.py,12256,58217417,a04f81dc79bcfa6be2ff5099ba330200e7a670a854809beb3579c01842e1697d
mashos-api_11(17).zip,mashos-api/ai/services/ai_inference/astor_emotion_log_feed_enqueue.py,9788,6db5ff89,8cc988a06e900b6cdb15a0fa853ed40134b00df00ca38e1563a1510aee43c437
mashos-api_11(17).zip,mashos-api/ai/services/ai_inference/astor_emotion_log_feed_kernel.py,8796,b50bc48d,04b958c7bc828fd84658fc7ffd560c95580fd9876a5689414cb19151aca8f754
mashos-api_11(17).zip,mashos-api/ai/services/ai_inference/astor_emotion_log_feed_store.py,21899,facd97b5,ddf670b91aad9c0bf66fdb646d68722c1abf8199d7bae45ae4b78e1c4e4e8ca9
mashos-api_11(17).zip,mashos-api/ai/services/ai_inference/astor_friend_feed_enqueue.py,1375,d8a97dbe,563e15f97c0e04c5ed05f4111672e2204512bc3b3f0aefce8090e7dbd9681297
mashos-api_11(17).zip,mashos-api/ai/services/ai_inference/astor_friend_feed_kernel.py,1088,4c61819b,6ee5ab7a48f923664590d7adf1ba885373774f08ac3cd44f4355b3f464e3f77a
mashos-api_11(17).zip,mashos-api/ai/services/ai_inference/astor_friend_feed_store.py,2128,cc9dbc21,30a5b7a96b242e32e9dc318fff0753c31a939a13e8caa165e0b549be9d456eeb
mashos-api_11(17).zip,mashos-api/ai/services/ai_inference/astor_global_summary_enqueue.py,9342,32fd23ff,a802428941d03d30ac83d059a936c8ff290d5cdb6c51fbaaee3c8533966df274
mashos-api_11(17).zip,mashos-api/ai/services/ai_inference/astor_global_summary_kernel.py,8668,1894f6f7,8dc6a40d22687a8936c23f82770671e5db23041aa0fb399ab607ce3db6d75b5e
mashos-api_11(17).zip,mashos-api/ai/services/ai_inference/astor_global_summary_store.py,20809,06c6b9b6,30ae3d6f18ad5f797336ac522db47e5a513458dce39012b083091ea230a4645a
mashos-api_11(17).zip,mashos-api/ai/services/ai_inference/astor_job_queue.py,20856,909e75e8,e69e66bded4a5ab805dd121819abf1c9e31a71f9b6c9ea03cf35d632c8573d29
mashos-api_11(17).zip,mashos-api/ai/services/ai_inference/astor_material_snapshots.py,86846,f36d2690,11ebc427f6c1ea327b9aa48d24aee97336cfe329793a7e6fa696c88fcae2c52b
mashos-api_11(17).zip,mashos-api/ai/services/ai_inference/astor_myprofile_persona.py,1390,b35af182,6abcd558dc5352d16ad03898e7323b143c948ecb2c07febb3de97e593b224d26
mashos-api_11(17).zip,mashos-api/ai/services/ai_inference/astor_myprofile_report.py,1387,7ce186ad,e24088afeaa5eb721a6d594a9cebc6f943b4b477512b1cd3630e6e6d539d48a1
mashos-api_11(17).zip,mashos-api/ai/services/ai_inference/astor_myweb_insight.py,1374,63238ea6,5f16a76f96521d2810d3740b544d704e5f6df4e29d38ff641edade7215b6598b
mashos-api_11(17).zip,mashos-api/ai/services/ai_inference/astor_patterns.py,15793,b22fa4f6,c06971d1d49919ccf6f4848e1dbc754ab95866f6e388ad40afb21b5a83f24427
mashos-api_11(17).zip,mashos-api/ai/services/ai_inference/astor_ranking_boards.py,17333,9350e692,c7ab6918b3eb5750dfc142a9f964662351c237be99e12838d7bb40cd407758bd
mashos-api_11(17).zip,mashos-api/ai/services/ai_inference/astor_ranking_enqueue.py,7100,3fb55084,6154c4ca6d005e5f6417f4a5f9b1ec73f63e95ff72886cda6d674d7dc8b75754
mashos-api_11(17).zip,mashos-api/ai/services/ai_inference/astor_ranking_kernel.py,13263,4f795de1,c2c4d0e011f4fe5f0eb185361e9a1701484605793a760d0d76bcd12bc26fb4c4
mashos-api_11(17).zip,mashos-api/ai/services/ai_inference/astor_reflection_engine.py,1380,dc2bdee2,772a6077c718619e4afd905d1502ac14387fe06e7c64ce7dcb723a846393f5c8
mashos-api_11(17).zip,mashos-api/ai/services/ai_inference/astor_reflection_store.py,1377,e6581206,96f2dde4f1ed5bfdc7effca12d80c42a4538ba3e503155eef9ae4e66a33d292a
mashos-api_11(17).zip,mashos-api/ai/services/ai_inference/astor_self_structure_persona.py,7722,79524211,2eed76e747e02bd97d8b728a8c495f6eb19c1d950ba7cdc000e59a85a7233461
mashos-api_11(17).zip,mashos-api/ai/services/ai_inference/astor_self_structure_report.py,145216,2a65d22b,7f2bd21e454d8bb0fe54f5af31ff14dfd3141d51c858dfc34dd8d0586780160b
mashos-api_11(17).zip,mashos-api/ai/services/ai_inference/astor_snapshot_enqueue.py,4753,ce9a221b,71a088d65be32030dde24fb99e362c3b04d0987c0b1361678968adba965e0ed7
mashos-api_11(17).zip,mashos-api/ai/services/ai_inference/astor_structure_matcher.py,6102,34deaf67,919b73cd8f384375b522e7284e7e47796ef06869d143dbd52ee4cbdf89517e20
mashos-api_11(17).zip,mashos-api/ai/services/ai_inference/astor_worker.py,202643,c4d67625,8caae5708462f9745886ffd9950464e32badccabc243bb8ed7506661166afb3e
mashos-api_11(17).zip,mashos-api/ai/services/ai_inference/client_compat.py,1512,74c7b2b1,b66fbb6c8120f24834e454b6d7adc487e1eae8d9d1e7443d9a814965bb510000
mashos-api_11(17).zip,mashos-api/ai/services/ai_inference/cocolon_environment_state_output_frame.py,17598,35462e51,1a27d8f07ecf95cf9d852dd8084a38b68d8127bab17f49d620e8584fe118c1a4
mashos-api_11(17).zip,mashos-api/ai/services/ai_inference/cocolon_text_generation_core/adapters/analysis_composer.py,28059,e15f7b5b,35e2b5c4e0a1b693b0a5278d33f10af5c1e0f40efd4eace8381e866d5d378125
mashos-api_11(17).zip,mashos-api/ai/services/ai_inference/cocolon_text_generation_core/adapters/analysis_composer_input_contract.py,32686,af68cf6c,24b77238933dba5726fec707791467654d4847f640a923b78a3d300adc0b46aa
mashos-api_11(17).zip,mashos-api/ai/services/ai_inference/cocolon_text_generation_core/adapters/analysis_environment_state_output_material.py,26182,a79d935b,fff3d7d8b58f8dd40213b52e80c334bf4e60969acaaec0b078b531974edded1b
mashos-api_11(17).zip,mashos-api/ai/services/ai_inference/cocolon_text_generation_core/adapters/analysis_environment_state_output_surface.py,18611,17636dcb,5182f6d3fef28d0a9677cc72a4cd8483c182bf4bae7b15b8375ad9fd7f8cf677
mashos-api_11(17).zip,mashos-api/ai/services/ai_inference/cocolon_text_generation_core/adapters/analysis_evidence_adapter.py,1242,eee7f1b6,ff7c4fe5fa8fc535d0824f17a25d53285a74330b98a1c164ae8b5bc64b1f7a9a
mashos-api_11(17).zip,mashos-api/ai/services/ai_inference/cocolon_text_generation_core/adapters/emlis_evidence_adapter.py,6057,90de5b9a,3161be710c19be2537a17edb450181b8411d9e42f1a8cfb310c66282fc03b1ec
mashos-api_11(17).zip,mashos-api/ai/services/ai_inference/cocolon_text_generation_core/adapters/emlis_observation_composer.py,25495,711f023d,3ca31fbcf0ad9c93bdd4d267a3ef2000ce79b8d702bd7188f020eb11d5bd593c
mashos-api_11(17).zip,mashos-api/ai/services/ai_inference/cocolon_text_generation_core/adapters/piece_composer.py,24123,dc4fb22e,09ea2b5812b882265848ae930e3d2725bfe0672802b7ea73b15029d831ec565f
mashos-api_11(17).zip,mashos-api/ai/services/ai_inference/cocolon_text_generation_core/adapters/piece_composer_input_contract.py,20720,47d8ddfc,d3f14ea6a24dd2f2a86f3948579546f2a86696cbf909bd42d9174534960305fe
mashos-api_11(17).zip,mashos-api/ai/services/ai_inference/cocolon_text_generation_core/adapters/piece_environment_state_output_guard.py,9187,e53deca2,d99e5ef09d23c43ad40bbd75f4a7dbe54a18bfb118eb4e02909ca177ae884351
mashos-api_11(17).zip,mashos-api/ai/services/ai_inference/cocolon_text_generation_core/adapters/piece_evidence_adapter.py,1206,dd9c89b7,c3260a26065c6baf8ec62359a1268f3e877a98ac3408c85694e2e45af6cb3960
mashos-api_11(17).zip,mashos-api/ai/services/ai_inference/cocolon_text_generation_core/adapters/__init__.py,8499,d000e83c,d01968dec068e68e019cfcfae512d480ab950685961c7e294f732d466d4a2f03
mashos-api_11(17).zip,mashos-api/ai/services/ai_inference/cocolon_text_generation_core/composer.py,8179,bc72a856,e524111597d75599b0550b271a3df464df4d468aec28e608ab4586b7840da1f0
mashos-api_11(17).zip,mashos-api/ai/services/ai_inference/cocolon_text_generation_core/evidence.py,11810,7e394c96,c70607e494558ed180adbd83d4d15cfef12d1a33ef69edb43d71681ee1a64c19
mashos-api_11(17).zip,mashos-api/ai/services/ai_inference/cocolon_text_generation_core/guards/base.py,8324,2a8fb9e4,347d633411f0f838200b29385552777fc5acee48dc86a40d29d3b5ebabb5ca9d
mashos-api_11(17).zip,mashos-api/ai/services/ai_inference/cocolon_text_generation_core/guards/grounding.py,22700,b60e4046,28b4934178e77ec75e3654841a660db3969e0b743b1a151fcbd3135eb44c4178
mashos-api_11(17).zip,mashos-api/ai/services/ai_inference/cocolon_text_generation_core/guards/japanese_coherence.py,9728,031d74ea,3f290b71566d99300a9b55c9bde3fe1df3518aa1aca6a033fcc1a487a882d682
mashos-api_11(17).zip,mashos-api/ai/services/ai_inference/cocolon_text_generation_core/guards/must_keep_coverage.py,9495,41656e24,25f7ef5d62c39a15f76671f19ab7720bdc5f10b0a9cec6906172947c560af4ff
mashos-api_11(17).zip,mashos-api/ai/services/ai_inference/cocolon_text_generation_core/guards/overclaim_diagnosis.py,7563,eef8f2dc,8999ba422fa41f6ae528aa603ccc6b20cffecbc84ff597a36110799bba386969
mashos-api_11(17).zip,mashos-api/ai/services/ai_inference/cocolon_text_generation_core/guards/template_echo.py,12892,74b0c68f,bf8278975adfaf43adf8a913c3167a41d2957eb5f7a753fb5b29c4a212b6aa82
mashos-api_11(17).zip,mashos-api/ai/services/ai_inference/cocolon_text_generation_core/guards/__init__.py,2045,95fb962b,6b9195bd1d154eb15ae9146b6bce450ca1d5e2d8c7a5568009a7900580cedcbc
mashos-api_11(17).zip,mashos-api/ai/services/ai_inference/cocolon_text_generation_core/phrase_units.py,13096,d56908d0,1734c73a210cf47fa2738b9cae79b506532d152cf7e1729cd48c0fa8b518a0fc
mashos-api_11(17).zip,mashos-api/ai/services/ai_inference/cocolon_text_generation_core/policies.py,2665,c5b7cc33,4de732b2aa9d639fd2d4aaaf0cbd819109f5514f23781f50489ba5fcfd013390
mashos-api_11(17).zip,mashos-api/ai/services/ai_inference/cocolon_text_generation_core/result.py,8943,491e9e07,998c3b3f12401bc5989bae1fe1cf1c78cddad642969ff531bcb3b165eab1d7ab
mashos-api_11(17).zip,mashos-api/ai/services/ai_inference/cocolon_text_generation_core/sentence_plan.py,9562,d7dd873b,6a74ecfb2ceb3935f09b5693e1bdb300652a734836c454c1926b6fc1ab7d9538
mashos-api_11(17).zip,mashos-api/ai/services/ai_inference/cocolon_text_generation_core/stabilization.py,13684,801e9598,d0bc23201d2a3ac0d87d71fcaa4c71fd70d54c6e238831012c51fb7720fa8cd3
mashos-api_11(17).zip,mashos-api/ai/services/ai_inference/cocolon_text_generation_core/types.py,23229,d4797f69,b8bd519b66e24cb64f50e73e0d71e96bb660c5d25489fb408a13e3e7ffe57080
mashos-api_11(17).zip,mashos-api/ai/services/ai_inference/cocolon_text_generation_core/__init__.py,13577,acd84857,ad19e38fdbf6ca78e4eadf82bb326b3af24fe9114df5d7b72102c513c82df6f2
mashos-api_11(17).zip,mashos-api/ai/services/ai_inference/cocolon_value_observation_service.py,16955,0f7ad4d0,042a66d651d7e38326a45904e73428eab63e8a5d6296f6d50493858ae9e1ff06
mashos-api_11(17).zip,mashos-api/ai/services/ai_inference/config/emlis_observation_dictionary.schema.json,3250,ee5577ea,856011bffa01a2f46ed99d339157686a7083c384288ee56f8e93fcc99f2834c4
mashos-api_11(17).zip,mashos-api/ai/services/ai_inference/config/emlis_observation_dictionary.v1.json,8194,cd4e4cf8,c40e757c98b687b0fd3940daf800e0d2faecdd19bf5174fa8f53e367993d7ec6
mashos-api_11(17).zip,mashos-api/ai/services/ai_inference/config/emlis_observation_structure_dictionary.schema.json,18147,58ef2521,58ead6f8a9ed361526dae6753972edea76283dfdb9141f593347dd4e61d1899e
mashos-api_11(17).zip,mashos-api/ai/services/ai_inference/config/emlis_observation_structure_dictionary.v1.json,55044,389855f2,5448d19bddb346d9fdc8cc4bc8403a4ee44b813b5063f842619c041c8a2d5c97
mashos-api_11(17).zip,mashos-api/ai/services/ai_inference/config/emlis_reception_assistance_dictionary.schema.json,8653,df47481c,1ce2bf2f491210741ae00e75a2ef8ce4b55221a16ef05b7eafdbca0e05a59b0f
mashos-api_11(17).zip,mashos-api/ai/services/ai_inference/config/emlis_reception_assistance_dictionary.v1.json,23803,74931187,85f76ea16db25d205dc84a7c2f55db40893c29e9053b50b269d8738e5bc57d9a
mashos-api_11(17).zip,mashos-api/ai/services/ai_inference/core_contract_registry.py,4419,7a2f2659,c64e3c0d46e2143ef4c2b7fbedcfabf3ffabba80f2f1d13b14ad33f2be837f17
mashos-api_11(17).zip,mashos-api/ai/services/ai_inference/cron_run_store.py,8433,a39c6832,746ef397ff4bda9e49b5153891fec51b1cdd7e0d07fef6139efd4b74aacc7e86
mashos-api_11(17).zip,mashos-api/ai/services/ai_inference/emlis_ai_ap0_migration_decision_service.py,47320,446dd46f,ffe92c59a26be7166b521b20c7aff6c4f4107c932c3d9f68ef9da694954142ed
mashos-api_11(17).zip,mashos-api/ai/services/ai_inference/emlis_ai_a_plan_equivalent_composer_service.py,20296,58deb323,75b39cece72d0dd453ba56063fe4e8d0dd74be96f782ce8f2a7f2d16a324b671
mashos-api_11(17).zip,mashos-api/ai/services/ai_inference/emlis_ai_bounded_repair_reroute.py,30774,7d53c0d3,5f9ab8286ba3339c892d919c5c6c6884786c8159eb4971cc4857e816c32c8ffc
mashos-api_11(17).zip,mashos-api/ai/services/ai_inference/emlis_ai_capability.py,4566,02021e37,6edba1c3a097c980b87d68a34f50a3666bc62eaeee8a872b9b456d630c53c311
mashos-api_11(17).zip,mashos-api/ai/services/ai_inference/emlis_ai_complete_composer_client.py,57158,69129f54,a27d50b191c5820c9a520fc351c18e074c158663f9cca4fabdae90073cee92ce
mashos-api_11(17).zip,mashos-api/ai/services/ai_inference/emlis_ai_complete_composer_initial_meta.py,12876,213e7f7b,be43b5ac7e59bc324f1fee41e0007b5fbc01beaa1b416c8459b668cca819e16b
mashos-api_11(17).zip,mashos-api/ai/services/ai_inference/emlis_ai_complete_composer_types.py,46778,89bd5367,cfc74f732bcc31723bb13e9ebeee1298c36434c189f25107e3443a31fac1a196
mashos-api_11(17).zip,mashos-api/ai/services/ai_inference/emlis_ai_complete_focus_selector.py,51140,9cd05c07,4a621acfbafba61d92da8628025e508684f0b7bf71c7ff6b811de7d3dcea3b3e
mashos-api_11(17).zip,mashos-api/ai/services/ai_inference/emlis_ai_complete_grounding_binding.py,28224,a5cb6031,3ae3546307048573b2e1587e301eb21d10504a1d225f7937f82d568925ae72b2
mashos-api_11(17).zip,mashos-api/ai/services/ai_inference/emlis_ai_complete_grounding_service.py,14890,ff4a635c,5acf33b348199286880fbd74507a9818e8e317652956342d6677289df94b1a8b
mashos-api_11(17).zip,mashos-api/ai/services/ai_inference/emlis_ai_complete_initial_fixture_qa_service.py,18629,66779a08,b3df8512ab4f3a7bb0b79335397f166a8688fcdf132c51f8c5183ae3dc6ec21b
mashos-api_11(17).zip,mashos-api/ai/services/ai_inference/emlis_ai_complete_initial_surface_availability.py,36575,78d5cfb9,570da6a4a215cf475b411d7dca8633bf87910d214019e24690a4302c4b111e29
mashos-api_11(17).zip,mashos-api/ai/services/ai_inference/emlis_ai_complete_initial_surface_recomposition.py,31536,000a1b49,3d821935e57123e9de1d29131e29466c2a2e0f27486bb106a4a63d9abcc2ef0f
mashos-api_11(17).zip,mashos-api/ai/services/ai_inference/emlis_ai_complete_material_service.py,61647,706d57fa,14e9841aebdaa24b693a0e981884ed7726e68827afb8ab632a7f3489b8350a4a
mashos-api_11(17).zip,mashos-api/ai/services/ai_inference/emlis_ai_complete_product_quality_measurement_connection.py,128682,ef207ac5,c0850777f66d70b016557dce6e8054f69c81929433715a6551194243157e5ac4
mashos-api_11(17).zip,mashos-api/ai/services/ai_inference/emlis_ai_complete_product_quality_measurement_contract_inventory.py,13534,3ef24aa2,ea859ea85376a9609666bd2fb8273a3e9763177aaa78570882445fc8d591fbde
mashos-api_11(17).zip,mashos-api/ai/services/ai_inference/emlis_ai_complete_product_quality_scorecard_service.py,118536,489f0f22,8cc950b5fe3ccfd2bca4d966385785da8f03ee142eebd97ae336e7ecd0059b23
mashos-api_11(17).zip,mashos-api/ai/services/ai_inference/emlis_ai_complete_relation_graph_service.py,46907,a0051ace,714db2e4092a7c66e295fd9cc7e8ae4a4ae37b3000581906d6be142890561511
mashos-api_11(17).zip,mashos-api/ai/services/ai_inference/emlis_ai_complete_release_ladder_service.py,37824,a2bcd57a,31d5b1c151d2912b70eae0207b68bb85bc6f5d2f4f584ef6100311c8351ef783
mashos-api_11(17).zip,mashos-api/ai/services/ai_inference/emlis_ai_complete_reply_diagnostics_service.py,113351,67859d34,fa926af78e2f0e5fad41c853e959b0ca2564d53f8bb3b6743a6d09beaf45f886
mashos-api_11(17).zip,mashos-api/ai/services/ai_inference/emlis_ai_complete_scorecard_service.py,62515,945b004e,9ddef5979b1a3c797bbdd8cc52843e7828141599f6b247c3de7c2bd6a15dc911
mashos-api_11(17).zip,mashos-api/ai/services/ai_inference/emlis_ai_complete_self_repair_service.py,129560,49f5e503,2d0d3cccaf084ed8b82aececd59669ffbbfd9d82d7aca1147e03886cc09004f6
mashos-api_11(17).zip,mashos-api/ai/services/ai_inference/emlis_ai_complete_sentence_planner.py,71598,e8f5d6e5,93ebc339fbfb662762f3800579dba523fbc99d3d45416f950c6fb120f96b2378
mashos-api_11(17).zip,mashos-api/ai/services/ai_inference/emlis_ai_complete_surface_quality_branching.py,43030,0475a7e3,f0f99278b1c221e3f21f17608a5cd0240963f5ef2ac9695cf0fd6df88bc48c14
mashos-api_11(17).zip,mashos-api/ai/services/ai_inference/emlis_ai_complete_surface_quality_signature.py,31224,21f9e62d,1c58ffa0357d8f3c02c9c1a384958f183c93c8d533df0cbf15b311bdea2f875c
mashos-api_11(17).zip,mashos-api/ai/services/ai_inference/emlis_ai_complete_surface_realizer.py,258509,9b3eed5a,c7295912dc026c6a8322c990ca8db00f4c128043a92f359088358dbe8b7bab47
mashos-api_11(17).zip,mashos-api/ai/services/ai_inference/emlis_ai_complete_surface_realizer_anti_template.py,15359,f4d0ae93,cafc631c94a881c766d87f2970af9e801a6b7b2d2996fb2256ed6088de8e2516
mashos-api_11(17).zip,mashos-api/ai/services/ai_inference/emlis_ai_complete_tone_policy.py,39113,e9bda575,8c70e462586dc884f0319e92812a0137648baa5ccb6fe6793f66031fd420c576
mashos-api_11(17).zip,mashos-api/ai/services/ai_inference/emlis_ai_composer_client_registry.py,30412,d0b9a3b0,271080411ef3a7124a9e704633042c0eed86c92aa78bc12990aeb23894ceb31a
mashos-api_11(17).zip,mashos-api/ai/services/ai_inference/emlis_ai_context_service.py,13509,5b9eb7c3,f72869bf5e456554550c9c2cb1b2c7e6c00d9fa08f969aa2ef06fa2dc1253573
mashos-api_11(17).zip,mashos-api/ai/services/ai_inference/emlis_ai_conversation_composer_service.py,39159,7dd54d18,de3d49d223cb16f5abf53eeaf426d11cb429e35b3bdb8d04618810baad27396c
mashos-api_11(17).zip,mashos-api/ai/services/ai_inference/emlis_ai_coverage_matrix_service.py,43227,4a504b0f,dca94e66ff710e885b576164cde0686c349a4fca72cb3625a32e2df3ce996348
mashos-api_11(17).zip,mashos-api/ai/services/ai_inference/emlis_ai_current_input_bundle.py,17551,54f3f27f,63ddb6bf3db472bdaddfd8c3fbef68034aeb3cf51188508c0ad8b8cd920271f8
mashos-api_11(17).zip,mashos-api/ai/services/ai_inference/emlis_ai_diagnostic_failure_taxonomy.py,24817,a5072e89,c5f9ebbafb96cd389cc51aad6ac13048f6c3c4c51161a461f3691e8581f61cdd
mashos-api_11(17).zip,mashos-api/ai/services/ai_inference/emlis_ai_display_gate.py,68955,c0377fa6,fa361bade8f93785c9845b33fdfd99643518c17b9cea40f9617afe94e86b663b
mashos-api_11(17).zip,mashos-api/ai/services/ai_inference/emlis_ai_environment_state_output_surface_contract_completion.py,21723,ffc2c133,c338364dee3e6d01914abf61e330430778366743a6befff1c36a4da0fb908c1d
mashos-api_11(17).zip,mashos-api/ai/services/ai_inference/emlis_ai_evidence_ledger_service.py,12112,54796f06,fb7d7376ba391ca045eb79a3bf08ac1fef8a547d6e156006beedc24515299483
mashos-api_11(17).zip,mashos-api/ai/services/ai_inference/emlis_ai_gate_recovery_loop.py,101013,c0611b16,465615603b55cb9c3e8b7fdd006c893708c7318f21ece60277f28b4b56b69dd5
mashos-api_11(17).zip,mashos-api/ai/services/ai_inference/emlis_ai_gate_recovery_public_boundary.py,24374,a91dfbcc,dbb2a78a391571c6641b091ed35078058e162e11aacba07047821b31721e7027
mashos-api_11(17).zip,mashos-api/ai/services/ai_inference/emlis_ai_gate_recovery_public_candidate_builder.py,102659,afd47fa9,8189357dbe24c1318750f2ee9b7f2e37c35a75970a4d4dc9dc9f6068d1f29f0e
mashos-api_11(17).zip,mashos-api/ai/services/ai_inference/emlis_ai_gate_recovery_public_constants.py,10015,a435c1f2,9e25149d7968f4cabb63bc4cad8b63538d33f29aba1605aedf8a6066f8162411
mashos-api_11(17).zip,mashos-api/ai/services/ai_inference/emlis_ai_gate_recovery_public_surface_validation_plan.py,45526,a9abe2d8,540025b4bd69fd4c6003f4b01bf173356901bfa231353e07db4265acc99410be
mashos-api_11(17).zip,mashos-api/ai/services/ai_inference/emlis_ai_greeting_state_store.py,5318,11f1ee73,96852c1a04e5fa138a1cbb72bdfe6f6095bbecf2d2b9b99fb6ea2ea25e02cf48
mashos-api_11(17).zip,mashos-api/ai/services/ai_inference/emlis_ai_grounding_judge.py,60314,f1e4cfac,d57271904eb32508f8fb431cb5d5fd3f7b0639aeef794e4984e710a3c3932465
mashos-api_11(17).zip,mashos-api/ai/services/ai_inference/emlis_ai_human_follow_selector.py,66642,2b632a6c,bede5fb2b0b089a7af6aa2e2f8960ab4dcdd93d6a49683e49e117c9e99a4b7a6
mashos-api_11(17).zip,mashos-api/ai/services/ai_inference/emlis_ai_input_material_bundle.py,26718,eab6d8de,6e660c94299a281be4e769c0493f435e3c02ee767f08c0feb28bc4d5f09181be
mashos-api_11(17).zip,mashos-api/ai/services/ai_inference/emlis_ai_input_meaning_block_service.py,26154,639aa753,1f0664ac235e7f2215b927803453b7981f04b9e9c9d1caf35e135cc07c44beee
mashos-api_11(17).zip,mashos-api/ai/services/ai_inference/emlis_ai_internal_question_service.py,39637,242d4795,d71ec3fe772e31bff3b596ab71458fb02f6fc766d0c4c0c01dd7b7dfeab6d4ab
mashos-api_11(17).zip,mashos-api/ai/services/ai_inference/emlis_ai_labelled_two_stage_surface_recomposition.py,32935,c6477c13,6f5156d8b557836995931a4a355ada69a80dba4ae0e8dfa8f829b95f58eeae57
mashos-api_11(17).zip,mashos-api/ai/services/ai_inference/emlis_ai_limited_composer_client.py,219672,ad01d8c0,17024022e915b5a5e182874c615d31324a0091259ab37310e338ead8cd74502a
mashos-api_11(17).zip,mashos-api/ai/services/ai_inference/emlis_ai_limited_composer_e2e_contract.py,6512,81429301,b724c82b7bce4d8d8f611cafa9aefff108d278feee256773397f8d43fd70a9a4
mashos-api_11(17).zip,mashos-api/ai/services/ai_inference/emlis_ai_limited_composer_extension_baseline.py,29653,a9336f82,7772cd5e0e50adc47a11af17d6b84ccf26ed5fd7d8144f8a3d304f4a695d63b9
mashos-api_11(17).zip,mashos-api/ai/services/ai_inference/emlis_ai_limited_composer_extension_exit_gate.py,15806,cb3cf337,0027cbcaefecc7a7c8f13171c8ca8b40e580a83d39f9c31cc9c3af6d4b31b500
mashos-api_11(17).zip,mashos-api/ai/services/ai_inference/emlis_ai_limited_observation_scope_service.py,29536,49a0a82e,4bb0da305eacf12493b0bcf74d83ffdf8524e1fe0661e5a28e209d787ee9c807
mashos-api_11(17).zip,mashos-api/ai/services/ai_inference/emlis_ai_limited_relation_taxonomy.py,20165,3d0e4494,7e0d19bd8c98942174bce68bfcef8ccc26980310cce9282afb53736c1e8c632c
mashos-api_11(17).zip,mashos-api/ai/services/ai_inference/emlis_ai_limited_release_service.py,13052,ff20d75d,baac78f0b8232a103ff66265828e73910314b59faa06ef8a5ec81058bff8710f
mashos-api_11(17).zip,mashos-api/ai/services/ai_inference/emlis_ai_limited_sentence_quality_guard.py,52543,40d8188b,f155c559fcfef4658550a6c07729729cdd7df99fb9735efc4b962398d8cd2e39
mashos-api_11(17).zip,mashos-api/ai/services/ai_inference/emlis_ai_limited_surface_realizer.py,13100,21855681,72234b76ceeeec15e01a6114c4277e014a208767dd1232d87fd7fc1caf15b599
mashos-api_11(17).zip,mashos-api/ai/services/ai_inference/emlis_ai_listener_reader_judge.py,7047,2adc3014,78f0c998a0714a95f4154de5901f459f877a1e1bb513533b5e96a72d526d6172
mashos-api_11(17).zip,mashos-api/ai/services/ai_inference/emlis_ai_long_term_quality_service.py,40743,d3b56457,ce0a831f0d80f64ed1af6d0faaab4eea153676ff3687e97c032ad32ec7f6f612
mashos-api_11(17).zip,mashos-api/ai/services/ai_inference/emlis_ai_low_information_observation_composer.py,92559,1fbd1ed0,3a17f5b0f85eae751d6617b0a055f361c92150979c93c6595c13934ed33e5f62
mashos-api_11(17).zip,mashos-api/ai/services/ai_inference/emlis_ai_mirror_only_surface_detector.py,47763,8fa0cfd1,40816dfbd734ef2c6e495bd809635397194fcfccda9e58cc98cf8c5a41fe3558
mashos-api_11(17).zip,mashos-api/ai/services/ai_inference/emlis_ai_observation_diagnostic_branching.py,26398,19a84bae,a0b29bbbb281daeb53759ef2317e11711b71e1c67323fca907c26d06c1859f15
mashos-api_11(17).zip,mashos-api/ai/services/ai_inference/emlis_ai_observation_diagnostic_compare.py,41800,469815aa,9667e8a214cc9c208734f5f03cf3151044714ee4b6670f3ef2b3cf6c2ede0aed
mashos-api_11(17).zip,mashos-api/ai/services/ai_inference/emlis_ai_observation_diagnostic_lockdown.py,67798,4d8a00aa,1a311d1dcdbc938a6088c80934897e724e5c1292dd77b848791c4ca3a5b97e99
mashos-api_11(17).zip,mashos-api/ai/services/ai_inference/emlis_ai_observation_dictionary_loader.py,26743,e885eec5,63d8f1638548a4cbc06a86481e1a56834b2d207f53ba05a817d56c1e1246589d
mashos-api_11(17).zip,mashos-api/ai/services/ai_inference/emlis_ai_observation_display_repair_integration.py,88220,eef61e28,e7c5cc8cd71aac620751443ad6f5a2578141ba9f0458aa5dcc1bd03523f028e0
mashos-api_11(17).zip,mashos-api/ai/services/ai_inference/emlis_ai_observation_eligibility_router.py,17551,b0c35f41,83de90ad33c36e4d2ad50b452dcdb42a9902e8a9adc3703ef887a5ea66d07ff5
mashos-api_11(17).zip,mashos-api/ai/services/ai_inference/emlis_ai_observation_eligibility_service.py,63132,0ab803da,a22eedf73de4b2517895a25723b0cee33dd87b54496b996315c116b2278062c8
mashos-api_11(17).zip,mashos-api/ai/services/ai_inference/emlis_ai_observation_exit_gate_handoff.py,30176,b3fca89d,939df70c18af630b332072ce4f63630c35922aa023ed2a206bfec807d471f14d
mashos-api_11(17).zip,mashos-api/ai/services/ai_inference/emlis_ai_observation_frame_service.py,6486,03ab9309,8a55b41245fd8a275125a5a84a522bbbd84b640b27f12e27eb697270de98bbf7
mashos-api_11(17).zip,mashos-api/ai/services/ai_inference/emlis_ai_observation_integrator_service.py,12170,cb7ee341,20aa4f793054844904084ee72c4bdc3b3198a7ad849c8a29fe526a655ce1bf21
mashos-api_11(17).zip,mashos-api/ai/services/ai_inference/emlis_ai_observation_kernel.py,14777,0f729263,5188bbcbab7755037abacedb7f34eb2fef7d14b4dfa9177212ed535e86ce9538
mashos-api_11(17).zip,mashos-api/ai/services/ai_inference/emlis_ai_observation_material_connector.py,31685,e12e95a9,309e3eb2e7a2fdf80de01e95fffdc86393dc93023538d58a99d4cc0ed4910112
mashos-api_11(17).zip,mashos-api/ai/services/ai_inference/emlis_ai_observation_regression_fixture_coverage.py,52076,f7fe1987,a2cb69ee46bf94ba46e74f5baf02aab3acdc492da1a725e001ab2917dc3d0261
mashos-api_11(17).zip,mashos-api/ai/services/ai_inference/emlis_ai_observation_reply_contract.py,20707,bc945741,84c58c6b0cf23ade91609aedd88b22c8497898dda24dcf2657d4bedb6cd537c0
mashos-api_11(17).zip,mashos-api/ai/services/ai_inference/emlis_ai_observation_reply_contract_inventory.py,6310,b17ca226,cd364c51a6be963a50dbd0e15069f21bf8a266a606e4c73a1aab9a38756f3a09
mashos-api_11(17).zip,mashos-api/ai/services/ai_inference/emlis_ai_observation_scorecard_blind_qa.py,64999,6073c530,52c3c48236231e652ad1e97179983be9ff47aa2ccc730d2a400ccc9f893ab90e
mashos-api_11(17).zip,mashos-api/ai/services/ai_inference/emlis_ai_observation_sentence_plan_roles.py,33446,d48e7c36,5585f2d8c6fb54d6a1e82a059abe23808dbd66531c2b5b353c66382bbe08b8cf
mashos-api_11(17).zip,mashos-api/ai/services/ai_inference/emlis_ai_observation_structure_connection_service.py,30911,1f648b0c,9ffec3135639e8677874aa181eab34dd4393375b877d706f0cbc59383e2acd69
mashos-api_11(17).zip,mashos-api/ai/services/ai_inference/emlis_ai_observation_structure_dictionary_loader.py,42176,be5f201a,bbda7d45ede010c68f175bfb8f925efc6c70d8fa5c092f6c88d8de7bd54bb805
mashos-api_11(17).zip,mashos-api/ai/services/ai_inference/emlis_ai_observation_structure_material_service.py,63435,58ff63b5,2897deadf2409757b8fc4c181d34c9a306629a1094f467aabf20a28e94c3b9ef
mashos-api_11(17).zip,mashos-api/ai/services/ai_inference/emlis_ai_observation_surface_realizer.py,2588,176dac23,2c23d082c7b009a6e35d9c9d1947ae8ea4254755a994e7f8f56bc0f88dcc49d5
mashos-api_11(17).zip,mashos-api/ai/services/ai_inference/emlis_ai_observation_surface_realizer_tone.py,61608,6389da24,abe1ca6b447d31831eefdbdca7613393611fbb079c67d6ad82c5cc11c9b3c2f4
mashos-api_11(17).zip,mashos-api/ai/services/ai_inference/emlis_ai_perspective_board.py,6552,50c23785,c4eabe4403c1cf98f4c645ca94cdf8164f69408d9027f7996f18965dc9c34e93
mashos-api_11(17).zip,mashos-api/ai/services/ai_inference/emlis_ai_perspective_observers.py,23757,d7295e67,cca669364efa7359bd08fcfe8bf5335519be76a81f6700254ed5d0be713ecb61
mashos-api_11(17).zip,mashos-api/ai/services/ai_inference/emlis_ai_phrase_shaping_service.py,10453,fa3901ec,2a9087b802a4b6871bbd223066250a28ee259e0470259fdc4ca979056d8d0589
mashos-api_11(17).zip,mashos-api/ai/services/ai_inference/emlis_ai_phrase_unit_grammar_normalizer.py,36820,e48aa6ec,a96d7a75b812d01ff1d3608bb62b4fe1e31d2e374bf2ac59c04c749e8429e787
mashos-api_11(17).zip,mashos-api/ai/services/ai_inference/emlis_ai_product_quality_blind_qa_integration.py,32487,550a6d65,ca5a2041e24d80fff2e7972ee670868d570ee9d6bfa31992e60e739a8a32fbe0
mashos-api_11(17).zip,mashos-api/ai/services/ai_inference/emlis_ai_product_quality_blocker_matrix.py,49497,ab6960d1,d4741ba38b2184dde74e8ebfd1d4a4eaf439a4880e5f526dde5df40002697044
mashos-api_11(17).zip,mashos-api/ai/services/ai_inference/emlis_ai_product_quality_contract_freeze.py,9311,83539d6f,1898b36301c244a19a0e8623dceb00c2f8a74562ab78dc02f0d54c53a1d3d24a
mashos-api_11(17).zip,mashos-api/ai/services/ai_inference/emlis_ai_product_quality_generation_repair_design.py,48915,8be7b553,90970da9d8bda93f0e42bddeeb51c378c729be3903ea1164fe8da06537ac430a
mashos-api_11(17).zip,mashos-api/ai/services/ai_inference/emlis_ai_product_quality_measurement_event.py,82848,a2861bbc,2fd06e6836d4edb81dd108f694a64161ea922e062bc50ba8fee5554e36e51ec7
mashos-api_11(17).zip,mashos-api/ai/services/ai_inference/emlis_ai_product_quality_measurement_runner.py,73706,69d66308,8f122e70a8e3618978b30defb3740a8b47a7c2ac73b3aa25882fc13f0de133dc
mashos-api_11(17).zip,mashos-api/ai/services/ai_inference/emlis_ai_product_quality_validation_plan.py,68060,a40e6d2c,352e842c1fa6943c8bba5a0f5ca038b12de9cf1143713d706e31f242ad5acde4
mashos-api_11(17).zip,mashos-api/ai/services/ai_inference/emlis_ai_product_readfeel_current_output_inventory.py,43438,b1d27184,d8f54dfa0055c54c0a060ec0a8bb7b967a0aa0d25bbdda9c6342e7695db42d43
mashos-api_11(17).zip,mashos-api/ai/services/ai_inference/emlis_ai_product_readfeel_long_run_product_gate.py,38671,25da06ad,87f1deb82cebcaf028d0e0cabd810260b88ce8cb09c58aa44be942b07da17b2e
mashos-api_11(17).zip,mashos-api/ai/services/ai_inference/emlis_ai_product_readfeel_rubric.py,52087,d7b1bc92,3f805a06ea6dec6cde45aa53efec19ff33b39965af5eb2bda68baeb1111164f1
mashos-api_11(17).zip,mashos-api/ai/services/ai_inference/emlis_ai_product_readfeel_scorecard.py,44443,51696621,a9ee97bac58cd4eee989f8c8c66385486446ef938ea724fdc5a73a413f039fe2
mashos-api_11(17).zip,mashos-api/ai/services/ai_inference/emlis_ai_product_release_decision.py,44162,328bb604,0e06cea2f81665b073257d014f6029ae9198c78f156ac5f29fa39f49f4a6cdb2
mashos-api_11(17).zip,mashos-api/ai/services/ai_inference/emlis_ai_product_surface_validation.py,47895,539bb2c8,020586899182cba5514c72e517207a6ea7716dccd551de81a998bab01f65252a
mashos-api_11(17).zip,mashos-api/ai/services/ai_inference/emlis_ai_prompt.py,3304,20066d23,aeb62de17b2b74c2835bbde140d88f70888760f03d852b18c6478e29bd273748
mashos-api_11(17).zip,mashos-api/ai/services/ai_inference/emlis_ai_public_feedback_meta.py,82913,31f59fff,b1935054034d6b2926b98733e2f5a1c4fcd29f3f09386613219fcb048e25c912
mashos-api_11(17).zip,mashos-api/ai/services/ai_inference/emlis_ai_public_observation_recovery_status.py,24209,e360eba1,06e2c4adc492d19a987231b5296bf4406d24ec83160539ca928a7e824011892e
mashos-api_11(17).zip,mashos-api/ai/services/ai_inference/emlis_ai_public_surface_requirement.py,37870,a985199f,b913ec179094a72c80e9b0e6f6091ec755c2c6d48216cdae487c5ff696eec46d
mashos-api_11(17).zip,mashos-api/ai/services/ai_inference/emlis_ai_quality_gate.py,37113,a6b395db,628dd9eafef3c47f94c9fe5d1d08a7a3b5cf650917f10f3253b7b4f701a50bf5
mashos-api_11(17).zip,mashos-api/ai/services/ai_inference/emlis_ai_readers.py,7771,01e36016,a5c1f85b6a0d1ba019a1f641342a8d15c7e2b3cee70783ca291b15213873dba3
mashos-api_11(17).zip,mashos-api/ai/services/ai_inference/emlis_ai_reception_assistance_dictionary_loader.py,32705,2decb341,82e5dc4c28132f1e295afd6dfb6a389cac579c0324e011ff046f986618e555c2
mashos-api_11(17).zip,mashos-api/ai/services/ai_inference/emlis_ai_reception_mode_resolver.py,43186,9411d7a3,1a55a52bd8ab7e3d3caf297e251c2b14363581150573e098d1fc111b3129dc8b
mashos-api_11(17).zip,mashos-api/ai/services/ai_inference/emlis_ai_relation_surface_contract.py,22119,f63fd457,f03c342ab139534bf820d8d2c686d08a71b35e66f2b4d68aa31813a36c15c412
mashos-api_11(17).zip,mashos-api/ai/services/ai_inference/emlis_ai_reply_final_review_service.py,15854,5a8a9650,8159faf24294c4a31b401c9329b53cbe781e5ca3292e6cb6595720066f3320b7
mashos-api_11(17).zip,mashos-api/ai/services/ai_inference/emlis_ai_reply_service.py,416623,d966cf1f,9253ab1eb631531651a8d82b39881188cdc2df8e6a04ccc25b4fcaf856493753
mashos-api_11(17).zip,mashos-api/ai/services/ai_inference/emlis_ai_response_composition_service.py,12688,9331810a,1569b4b3d36cafbb337ab46da781d2ec7338f24cb16d99fa1e8bf200b20ef8a6
mashos-api_11(17).zip,mashos-api/ai/services/ai_inference/emlis_ai_response_contract.py,29032,99542cdb,e2c0e7af36700865cb471ef598fa99afa0b775507172571d5a44946b2d71a4c7
mashos-api_11(17).zip,mashos-api/ai/services/ai_inference/emlis_ai_response_contract_qa_matrix.py,39682,e9f2292e,27e2335ed7509bea3ef58d04c1eb1844b13f8a6ede120e216f70fcec23d61c13
mashos-api_11(17).zip,mashos-api/ai/services/ai_inference/emlis_ai_rollout_metrics_service.py,26411,c23a91b7,a7b272817fa0bfe83e4c65ceea5c2c1dbc6d658e70edf583bc4db3cf205687c4
mashos-api_11(17).zip,mashos-api/ai/services/ai_inference/emlis_ai_runtime_surface_blind_qa_long_run.py,39398,c63f351e,0735bb754fb12480ac34da0cfb7a58e4c996a7182e22e1e2cd2fe5e18c5372ae
mashos-api_11(17).zip,mashos-api/ai/services/ai_inference/emlis_ai_runtime_surface_complete_activation_branch.py,22235,8eba7c6d,9539e76d939d64ab9f1cbe895c7b6bd734111cbb5ca4c37b178b50cca3f5c12c
mashos-api_11(17).zip,mashos-api/ai/services/ai_inference/emlis_ai_runtime_surface_coverage_baseline.py,28699,b370782f,ce3bf03057a6eea962c0f5df2accbc948d73bc345c3bd06f534c7bb20507831b
mashos-api_11(17).zip,mashos-api/ai/services/ai_inference/emlis_ai_runtime_surface_exit_criteria.py,21493,1ea7e886,5c2f1e6f5c107b0144ec647e3954935da9ab3ac0160386cece3755d9092aed24
mashos-api_11(17).zip,mashos-api/ai/services/ai_inference/emlis_ai_runtime_surface_exit_gate.py,25013,f5beb31e,ecec68c05dae75a304950930b0bb8f64c8b790e4aa6ea1003f381609fc10996e
mashos-api_11(17).zip,mashos-api/ai/services/ai_inference/emlis_ai_runtime_surface_pre_return_gate.py,39691,a96f96d1,f31402692c1b62e106e43e1678b868160ec145ade021ce1c4d837f73d4cf02e4
mashos-api_11(17).zip,mashos-api/ai/services/ai_inference/emlis_ai_runtime_surface_quality_contract_inventory.py,36743,525d7066,5a758d0f4622aaf02c8b5284532b35df8b4943484b9c1ba60b55766825bd7276
mashos-api_11(17).zip,mashos-api/ai/services/ai_inference/emlis_ai_runtime_surface_self_repair.py,31683,112e8850,1d95b4fb85377ec6d214474e14d1e5d8ad975284edab76b5c391deb58ec6242c
mashos-api_11(17).zip,mashos-api/ai/services/ai_inference/emlis_ai_runtime_surface_source_lock.py,22935,91cd1159,9998179c4cba730c9ca025ad34c30d24eb283099c6e4ab9902eab492bfa352c2
mashos-api_11(17).zip,mashos-api/ai/services/ai_inference/emlis_ai_runtime_surface_tone_engine_2_1.py,33940,8f83ee10,9d49fa70d15f92300f9aab16305c4c4e9992e48508b1bcba1081ad78172a3685
mashos-api_11(17).zip,mashos-api/ai/services/ai_inference/emlis_ai_safety_boundary_service.py,10572,3b5076cc,77c0317a5bcdf2a71e932f6bd9b53cec2beceb80ddf69f0f5bcb18a22a1c66b7
mashos-api_11(17).zip,mashos-api/ai/services/ai_inference/emlis_ai_safety_triage.py,18182,c121ee20,4e2c2d3baefb8fae9b5efdaf38beafe46966e93229b802e007b21f538a8a78b2
mashos-api_11(17).zip,mashos-api/ai/services/ai_inference/emlis_ai_safe_daily_metaphor_material.py,49816,45f0acde,4d8b9bc3ca097733aee040eed5268ad434e890ec6b94087e772739f0c3501447
mashos-api_11(17).zip,mashos-api/ai/services/ai_inference/emlis_ai_safe_reply_fallback_service.py,807,aed2a1ee,c9888371da60854c356706f9ae677b03967eccd82f5c2eb514c23139985a3da8
mashos-api_11(17).zip,mashos-api/ai/services/ai_inference/emlis_ai_self_denial_safe_state_answer.py,14619,6881ee7f,d7c5b9feab1c8e8db7c30a2aea89312dacfba3fcdd3ffac6c1437c39e5527e3f
mashos-api_11(17).zip,mashos-api/ai/services/ai_inference/emlis_ai_shared_reception_evidence.py,27832,9ffa296d,02687777e5a363812acdcaf088fa6069e422517ec398e7b83f9096f16ccd20ac
mashos-api_11(17).zip,mashos-api/ai/services/ai_inference/emlis_ai_state_answer_composer_contract.py,36764,bd408e40,3d2a85ed3663666822b9a3af97b9d386a43d4f6d5f426a5b1743ed654722a77b
mashos-api_11(17).zip,mashos-api/ai/services/ai_inference/emlis_ai_state_answer_gate_boundary.py,22524,de9ad488,f25d40394225491a2a4bfc8959813885cbe4b7e5f22dbdd0802713a5f98ceb5d
mashos-api_11(17).zip,mashos-api/ai/services/ai_inference/emlis_ai_state_answer_ratio_policy.py,55473,73865779,0ee3ca9c994a82e1806db3b10605b8ab9864154904b85a6ac851b4919f442f21
mashos-api_11(17).zip,mashos-api/ai/services/ai_inference/emlis_ai_state_answer_special_cases.py,42475,01c6277d,45e842e39e93cac90219d2f8d9b9df970693a1f874823508e0aa785acb1705f4
mashos-api_11(17).zip,mashos-api/ai/services/ai_inference/emlis_ai_state_answer_surface_contract.py,101300,a945a64e,ed7ff52e76dc7dcb49de131558f54cba58f1b1465300f4ab3dfe093e4bec3577
mashos-api_11(17).zip,mashos-api/ai/services/ai_inference/emlis_ai_structure_insight_candidate.py,36521,6a996597,b802d986c6d558f6b3e3c2e399e35ad938049abe4213c22a49ffc42e2257d8f7
mashos-api_11(17).zip,mashos-api/ai/services/ai_inference/emlis_ai_structure_insight_gate.py,32299,21d91e05,c39efdfd0d561c0322103ea4aede221771e7a8b3c85da56e8817323cdbac5eb7
mashos-api_11(17).zip,mashos-api/ai/services/ai_inference/emlis_ai_structure_insight_surface.py,20749,0f6d1d47,4bea28d8aa6505e261170833449c3a482a327095d63428dd66557840e03a282b
mashos-api_11(17).zip,mashos-api/ai/services/ai_inference/emlis_ai_style_profile_service.py,2965,e7325616,506b0ca366915d9fd1bb99ec77bbcaef26c436e20f3bd83458b75f961524a1cf
mashos-api_11(17).zip,mashos-api/ai/services/ai_inference/emlis_ai_template_echo_guard.py,31890,202b6a07,59738d022e1b4890f668aa1a24f50441055ab918aa6b20cee321e717deeb4aca
mashos-api_11(17).zip,mashos-api/ai/services/ai_inference/emlis_ai_two_stage_applicability.py,23016,bff309bf,42ed5d71cd7c0b6370407f36ffa1f5429ff0a2e19c9d6cde89df7a0b7c56b7bb
mashos-api_11(17).zip,mashos-api/ai/services/ai_inference/emlis_ai_two_stage_reception_gate.py,46667,a03459e2,d9cd0ba56cbf5e9432c1217bcc0bbbe36ec3ac02d297c17f7a8534744b25f948
mashos-api_11(17).zip,mashos-api/ai/services/ai_inference/emlis_ai_two_stage_section_surface_plan.py,38621,665ec834,fb78557c9ece88ecf628e8b684f891dd6561c9b6f84bdadbf297d0e8f81a2a0a
mashos-api_11(17).zip,mashos-api/ai/services/ai_inference/emlis_ai_types.py,55000,8a304eeb,3a0cfc7ee9c49cb0dd2b014493357ccd84924f455b22cc483272bf1872d80b17
mashos-api_11(17).zip,mashos-api/ai/services/ai_inference/emlis_ai_understanding_frame_service.py,5448,0af97572,69c74ff6c371020b4018e91088918686cc9ae6561735ddcbd145e0899c3dec5e
mashos-api_11(17).zip,mashos-api/ai/services/ai_inference/emlis_ai_user_address_service.py,2019,59a030cc,eecc778d6fc58204801617a4531ffff268346e5f683d9bccfdb45ec382cd3913
mashos-api_11(17).zip,mashos-api/ai/services/ai_inference/emlis_ai_user_fact_grounding_boundary.py,30960,ffe9314c,6514f28b26ee6ddd604d2f0446734b5a25e17dc617cdb5cb106342c044215218
mashos-api_11(17).zip,mashos-api/ai/services/ai_inference/emlis_ai_user_label_connection_candidate.py,27910,03fc33f0,d4a20b32e6b4955930426587553fb33bce49291431352ded58e2bb4f6e3e830f
mashos-api_11(17).zip,mashos-api/ai/services/ai_inference/emlis_ai_user_label_connection_contract_inventory.py,13693,c33e4e3b,5d72e0891bb4103039cf724976b293bbb1919f176a88b4ccb628509202fd8ece
mashos-api_11(17).zip,mashos-api/ai/services/ai_inference/emlis_ai_user_label_connection_derived_model_cache.py,25878,fe15eb45,b8c9a63b4856186be92d45b2eae6d5d4db832c9017d72a88a32fe64c870beaa7
mashos-api_11(17).zip,mashos-api/ai/services/ai_inference/emlis_ai_user_label_connection_gate.py,51226,e299a2b5,e786889512a133c2d7bf5bf75bb09c76861ab054b55381fd43678047d85d609b
mashos-api_11(17).zip,mashos-api/ai/services/ai_inference/emlis_ai_user_label_connection_material.py,45334,207ba2ea,541d7e81e144f9cbb322a0feb827fc1e3431a6d7ccc80997d13aa68d017ef02a
mashos-api_11(17).zip,mashos-api/ai/services/ai_inference/emlis_ai_user_label_connection_product_quality_qa.py,34194,cfff725c,9b2388065977c62d10789ad62aff607b7b8ac251c7d5c09fc166c885e12e1f1f
mashos-api_11(17).zip,mashos-api/ai/services/ai_inference/emlis_ai_user_label_connection_public_meta.py,27499,ca34216e,0dab60f3161525ea8a52d7a1c8a73bb989eb67aaa359d1181434eb54b4803aa5
mashos-api_11(17).zip,mashos-api/ai/services/ai_inference/emlis_ai_user_label_connection_surface.py,56469,33a1d833,863525231938e8869f0b90e1420052232c598b34e9bda665bbf19568fb48eec4
mashos-api_11(17).zip,mashos-api/ai/services/ai_inference/emlis_ai_user_label_connection_types.py,19070,d745d6df,dfe48f23f38cc767ec79718ef87390210f35b891ccf1dd42e27fa30a72fb4891
mashos-api_11(17).zip,mashos-api/ai/services/ai_inference/emlis_ai_user_model_store.py,15869,077353e5,2aacd80f09f458fef854bd20b6e8256e5b47af4c56f97223410cb81f2fcface1
mashos-api_11(17).zip,mashos-api/ai/services/ai_inference/emlis_ai_user_word_anchor_service.py,6721,296ed552,28777dd5e324d8a04b0c878708dc3b7a457e9a57c7c6129417a709899d50c679
mashos-api_11(17).zip,mashos-api/ai/services/ai_inference/emlis_ai_visible_readability_quality.py,14682,b588205e,6d4532e3c2fa9d913f3e74c732daf406c675115150ed2bf4d7ab02cf9ce2f337
mashos-api_11(17).zip,mashos-api/ai/services/ai_inference/emlis_ai_visible_surface_acceptance_gate.py,50748,d4dca551,c68e2ef9b16921ca49ca88269969bbb52795df0c9459a1eeb5e1dab2da461788
mashos-api_11(17).zip,mashos-api/ai/services/ai_inference/emlis_ai_world_model_service.py,23651,24d30c98,59153292f55012f0d9df08875b48e007603b5e589fb08a3380f2c1b38ea03789
mashos-api_11(17).zip,mashos-api/ai/services/ai_inference/emlis_context_anchor_service.py,18983,67a9ab64,570bbee47a016b3f681be40c55830f743399958c09b7d172a0fb17767e68166f
mashos-api_11(17).zip,mashos-api/ai/services/ai_inference/emotion_history_search_service.py,9489,062deb47,f11e04747b6e4767feb75b9e2412e6fc75a90585491a22e6c63deb1d03ecf1c2
mashos-api_11(17).zip,mashos-api/ai/services/ai_inference/emotion_piece_generation_service.py,55386,05587852,cec8a49e794f612e15703e6c8a3897a9aa11dbf33fed28455b8ff9abfb9264bd
mashos-api_11(17).zip,mashos-api/ai/services/ai_inference/emotion_piece_store.py,9404,95187970,876c58d57a2f2898a55836d6739fa7eb8eae8ace3fbfd627a0d0aee9c29cffd7
mashos-api_11(17).zip,mashos-api/ai/services/ai_inference/emotion_reflection_generation_service.py,1412,b654c769,c2407a9df754309589d4fb1a786e49d2ea4e51611ee812658fea74f23d986e3a
mashos-api_11(17).zip,mashos-api/ai/services/ai_inference/emotion_reflection_store.py,1373,2ba108c5,715d507c2fba67001ba7b10c7345546a7d477317eb7b3f5ad99bd8eec378e125
mashos-api_11(17).zip,mashos-api/ai/services/ai_inference/emotion_submit_service.py,62059,0c03dda6,0509612ed545124d8d8c9dfa3188ad47292888667c0106feada5ea59de827835
mashos-api_11(17).zip,mashos-api/ai/services/ai_inference/fcm_push_queue.py,6329,062d3fc1,7b3bc1ad0af3e808837417b1d8a54a9090e186545c6feb23c6cb1937850ab439
mashos-api_11(17).zip,mashos-api/ai/services/ai_inference/generated_reflection_display.py,1385,eab8367a,0ccaed0de3d772680a3ef217b9b0afc4c0fee233f1548264b8ad80c2935d0e76
mashos-api_11(17).zip,mashos-api/ai/services/ai_inference/generated_reflection_identity.py,1388,d8705a4c,9bc010ffa6b7106296662b398b2390c5bd5e2c7b8b0c83bf03f49a904611aa8b
mashos-api_11(17).zip,mashos-api/ai/services/ai_inference/generated_reflection_maintenance.py,1397,1bc8c14c,4b00ceb1a2628816ed4765b017ecb9f2bc523cc1f0cbb2a228a9436438012de0
mashos-api_11(17).zip,mashos-api/ai/services/ai_inference/generation_lock.py,13854,5eca3167,2c589663c7df71e1af3e16a09a262c124a0b4b8d44ea02c77391d12c9fb1cd11
mashos-api_11(17).zip,mashos-api/ai/services/ai_inference/guards/date_guard.py,1838,1b3dee75,fa4522b1d91d2fe9fbb254cb8d2efd0ba2b23d24768a125d71417d8b5bd3e2aa
mashos-api_11(17).zip,mashos-api/ai/services/ai_inference/home_gateway/cache_invalidator.py,3361,171ffecc,b23e8aa33160d63527900b2b8f527e92946afabb205626fa88427578c7049993
mashos-api_11(17).zip,mashos-api/ai/services/ai_inference/home_gateway/command_gateway.py,5469,793bf892,1c784281b19c32523fef558c6dbb3e212aa5754fd160a8c1f66bc86cfe348015
mashos-api_11(17).zip,mashos-api/ai/services/ai_inference/home_gateway/command_types.py,1401,ac840f47,d467c71878394410896fd47e9ff7454bcb266d63da6d636c3a2b2052e5f3b7dc
mashos-api_11(17).zip,mashos-api/ai/services/ai_inference/home_gateway/dispatch_planner.py,2835,baad42a1,93391ffc10ba34b8559a88b0e057b5e4fcfacb3e9c9d975c771b8618d59f8e77
mashos-api_11(17).zip,mashos-api/ai/services/ai_inference/home_gateway/emotion_reflection_publish_service.py,8549,b1cf5380,cc99a1310624dd9876084fdaf3fe0908873313d28faf82155e5e561416855eed
mashos-api_11(17).zip,mashos-api/ai/services/ai_inference/home_gateway/emotion_submit_service.py,608,22345ab9,ee666a7df979e72396544968cd4356c67aea44323782b915116163781c55a55d
mashos-api_11(17).zip,mashos-api/ai/services/ai_inference/home_gateway/notice_command_service.py,1423,63a429d9,73c1e040fb399ae03f4d43749717c0724970eaa57f6e4f595b232adf7b748974
mashos-api_11(17).zip,mashos-api/ai/services/ai_inference/home_gateway/read_model_service.py,10244,0170648d,88655fa9c641786dc5e09ffa2bfb97cb51e5a6a36341a37c0b7fc01dcebcadbb
mashos-api_11(17).zip,mashos-api/ai/services/ai_inference/home_gateway/today_question_command_service.py,2044,d2d7547d,106239e25b81e76a86dbf86d94eeebc840f408c904c05abe7f7fbc5d31e1af01
mashos-api_11(17).zip,mashos-api/ai/services/ai_inference/home_gateway/__init__.py,1089,ad96a1ba,7e9a16d0826d51071736e74497e45ebbf2a7304511716f1fdc69ad645b62c60b
mashos-api_11(17).zip,mashos-api/ai/services/ai_inference/input_feedback_text_templates.py,553,0e366317,f1619d09b92deb2482c5987f77f95a7402cef5776e47e13f012eb9e347de3c23
mashos-api_11(17).zip,mashos-api/ai/services/ai_inference/input_summary_reader.py,7805,d5637439,e3b7031c220c7fdd6b703dfd1bb7d452f958ab266c90155309859f06b2bd5a79
mashos-api_11(17).zip,mashos-api/ai/services/ai_inference/kokoro_weather_service.py,36384,e530f8d6,25078999796bd1c78b94861c3cdd2288d70a8cf9b6896d65db2242ab916c7cd3
mashos-api_11(17).zip,mashos-api/ai/services/ai_inference/mashlogic_profile_enhancer.py,3812,01a6e7a0,24bde5d5cae4fdc06f3ae07d7d889669df53016ddc15dbeb7e86af0f528e8815
mashos-api_11(17).zip,mashos-api/ai/services/ai_inference/mashlogic_qa_enhancer.py,4685,8002ea07,1c94e392c7d55b664174bffe412003c91970b1cd7ad63e112ea8cfe62620b0dd
mashos-api_11(17).zip,mashos-api/ai/services/ai_inference/middleware_active_user_touch.py,19823,9bddb258,55eb4e79e2b367b7d3b94a4ea9954b37ba8717bb0c8d69082f91c3c0858823fe
mashos-api_11(17).zip,mashos-api/ai/services/ai_inference/middleware_api_contract.py,1326,13ef0327,f9b5b7f65a3d8d1d37d8e7dd1f8e43cc7f97e33422154f7224cc4fa780eea331
mashos-api_11(17).zip,mashos-api/ai/services/ai_inference/middleware_request_perf.py,2304,3663485b,ec0a93823cc8ba2ca9b131888442d984dc9a2e481aed8b30c3f4df172558e778
mashos-api_11(17).zip,mashos-api/ai/services/ai_inference/mymodel_entitlements.py,1385,2fb3cc89,e7f07c91266bdac3779f9f434476480b01416888c7fe0ff242a81180bfbba196
mashos-api_11(17).zip,mashos-api/ai/services/ai_inference/myprofile_section_text_templates.py,1417,90b7a5d9,1113bcf64d60df9886dd608ac87c40dba3ff6caab108b9f5f6891f9e5784be5f
mashos-api_11(17).zip,mashos-api/ai/services/ai_inference/myweb_report_schema.json,10593,41e86e8f,556356488cc8a7448b18a76f75fe5740182c800788a112be96e2e1c8f13f1900
mashos-api_11(17).zip,mashos-api/ai/services/ai_inference/notice_store.py,29826,1b612c14,9aa7b771412c854f8d9cb00c72bf9e0ab96df244200ac49a22e52dfab50fa536
mashos-api_11(17).zip,mashos-api/ai/services/ai_inference/observability.py,8341,cd8e1893,48d634b404aaff52fa02ce35b98ec419ff0c9662ae87bd865d7ff8dafbe96690
mashos-api_11(17).zip,mashos-api/ai/services/ai_inference/persona_engine.py,1700,5a94751f,c3fe4c6c291132052f85de73a4c04a356799b2f94941e2225e66815b40a56936
mashos-api_11(17).zip,mashos-api/ai/services/ai_inference/piece_generated_access.py,6425,c30c4d55,5cf022ac85769fad3603411c8f943131752de1130485b227c4132fe68e0e0478
mashos-api_11(17).zip,mashos-api/ai/services/ai_inference/piece_generated_display.py,85239,74f9dbd8,865cc11531c4adb3ebb0fe5f6901b3e098682a2b034f87252e8a7d43841b1d4b
mashos-api_11(17).zip,mashos-api/ai/services/ai_inference/piece_generated_identity.py,1268,d49e6771,2f102b3cdcce5f6597e5b7d5bf2f0401f41bfff3d7c44f89a801dfbe8e2ee0fa
mashos-api_11(17).zip,mashos-api/ai/services/ai_inference/piece_generated_maintenance.py,23882,864cc030,47caf4eeee324981c4832e66b452e457701a1570445a3c0da6a594d3b2923aec
mashos-api_11(17).zip,mashos-api/ai/services/ai_inference/piece_generated_metrics.py,6237,79bf0e02,a91c80d33c0d365d44b3d6b90d459b2fc482526d1a1dc3ddbee3e088e8e91c81
mashos-api_11(17).zip,mashos-api/ai/services/ai_inference/piece_generated_reflection_access.py,1388,caa04d5c,7827ca58918f3ed09d376fa04cef285c0cf53f675d2bcc5497b1d4db9a63b7b5
mashos-api_11(17).zip,mashos-api/ai/services/ai_inference/piece_generation_engine.py,49719,533cebb7,295f73a435a19ad09d72c0b7c3e61099f956b0b9d487ea21776147f6d7bd8d9f
mashos-api_11(17).zip,mashos-api/ai/services/ai_inference/piece_generation_policy.py,24598,3b1fc674,538061dab6b9f995d76cbe3b9cce6f1f42da2b3c25dc16d5ba57aeb853840f14
mashos-api_11(17).zip,mashos-api/ai/services/ai_inference/piece_generation_store.py,39985,68737e92,182e12eef8f8d5a34ca58ccfb765bb7701a7b90d42cd33dacd0f51a68cea70c7
mashos-api_11(17).zip,mashos-api/ai/services/ai_inference/piece_public_read_service.py,21535,98e0d551,0bcae3ec9b59e31c7c2a74f5fc1f643da35ad2f0cdb4c739d3e781459b2fe420
mashos-api_11(17).zip,mashos-api/ai/services/ai_inference/piece_public_read_store.py,16691,c300a4bc,c73876d0c2a5d0b467799b4c454bce1c072c3d2d7a8d74bc8c5d3d3451f49ebf
mashos-api_11(17).zip,mashos-api/ai/services/ai_inference/piece_publish_entitlements.py,2183,0e486c66,63b6f16ed0387932bfaa5ad3d1f8172142adecd2ce3d4f7e2e7c76744cd2fb2e
mashos-api_11(17).zip,mashos-api/ai/services/ai_inference/piece_text_formatter.py,14696,ed23e8ab,74fc6fea0bb613a0fbec9cd59d602c8a02b1f40161f0000e5576f63e41ab85e9
mashos-api_11(17).zip,mashos-api/ai/services/ai_inference/profile_create_entitlements.py,4504,abb652c1,332f8f897b5286a9af382d1474316d9c002a665371f6b9f9cefbc0d75273dc50
mashos-api_11(17).zip,mashos-api/ai/services/ai_inference/prompts/interpret.en.txt,523,b0f71edd,9733cc1ca05f58541a4f0ed75c69e855478e220f93f6805f1336ed16d5d9b62f
mashos-api_11(17).zip,mashos-api/ai/services/ai_inference/prompts/interpret.ja.txt,724,8fe4ff2f,2b72872bb6aeb22ba394718b3247c4f9b27148e90da7e486f1799f88c18fbc40
mashos-api_11(17).zip,mashos-api/ai/services/ai_inference/prompt_templates.py,6513,22403859,fa9e3a40c9ed7c3f4a8f1aa03bd0c2d6275dc3ad5294595892c21d1bd8bc8b95
mashos-api_11(17).zip,mashos-api/ai/services/ai_inference/publish_governance.py,10813,f9157f10,02009a8aa1a82f7d30ddd88dd9c85b989efd24d21b54d4d3ca2a41d5d15b6e9a
mashos-api_11(17).zip,mashos-api/ai/services/ai_inference/reflection_publish_entitlements.py,1394,93cfddad,c09233d1996289b4e1ba6cfa3e1f13be459456594adb5c3c18fefb9c9b284ead
mashos-api_11(17).zip,mashos-api/ai/services/ai_inference/reflection_text_formatter.py,1376,ab5408ed,22644ce60d79f66f52621b5d02cb5bea7d06215de5345048c7383568e49538f4
mashos-api_11(17).zip,mashos-api/ai/services/ai_inference/report_artifact_read_service.py,8795,44b72458,6f8b1fa3200e45f43c8b24ec659d02a0321ec7b51e54254a14ef4ae61228b693
mashos-api_11(17).zip,mashos-api/ai/services/ai_inference/report_distribution_push_store.py,7245,962525e3,a8681f27c54bceb345169db70f8837f9e7d2ce171a481eb62258df240e79ce17
mashos-api_11(17).zip,mashos-api/ai/services/ai_inference/report_distribution_settings_store.py,8939,1634b29c,8080fce2e2d4ca57c476ad9d0d01e2c8c525e8eb0b6043d2cc57a902264f10aa
mashos-api_11(17).zip,mashos-api/ai/services/ai_inference/report_text_templates.py,10967,79fdaf71,d57f50be9303ea90dff43e2bb6d3b86743ff6d924d1393dac5e4d9788c05a8f8
mashos-api_11(17).zip,mashos-api/ai/services/ai_inference/request_metrics.py,3079,4681c712,bef416af4e3aa7870db1401755a6abd24b320a6e71c8a0d507c314f8edf30ff2
mashos-api_11(17).zip,mashos-api/ai/services/ai_inference/requirements.txt,66,ca119d87,f3597b7eac9770777bf36797561265edbdc125bac38ca0e3205f022df4dd6bdd
mashos-api_11(17).zip,mashos-api/ai/services/ai_inference/response_microcache.py,4573,40c5c456,75a047db0683cd0d1a1db480812a73c29bbfe7c08e383d0e5079598724f1982f
mashos-api_11(17).zip,mashos-api/ai/services/ai_inference/route_compat_delegate.py,2298,345b8a76,497748803302af9dcc1409c198cfadab683dc249c35976d7049d5067583dd65c
mashos-api_11(17).zip,mashos-api/ai/services/ai_inference/self_structure_section_text_templates.py,13515,5773fe01,2d3b02af5881c2be2cde375682e63ff38e12710a954ad75f16b530ad6f5f22b8
mashos-api_11(17).zip,mashos-api/ai/services/ai_inference/startup_snapshot_store.py,15160,61cc4925,6049255c9daa25b77f14f44ebe61a54719aaf9a687fee7f715995ffc244a583d
mashos-api_11(17).zip,mashos-api/ai/services/ai_inference/structure_dict.py,5195,e8abaafc,2c8bb152502ecc87360b64d24ded90dae2f8f85320cda417f749904b9d7eccac
mashos-api_11(17).zip,mashos-api/ai/services/ai_inference/subscription.py,6290,d9f4415b,9cf2a0b6c7aa4e9a7d79ab9497c8ab26b293b38f245c900259933c5dca743713
mashos-api_11(17).zip,mashos-api/ai/services/ai_inference/subscription_bootstrap_store.py,35606,03aaa8de,5ff0544f7d7bf5e35e08614da6b613a06262f269abe00ddfd30acb524d377805
mashos-api_11(17).zip,mashos-api/ai/services/ai_inference/subscription_config.py,16501,66ea9ae5,ec9d1d46053419dcf2214876c1d6d47b3c73c3ba61f35fd2d2c21b01a1545409
mashos-api_11(17).zip,mashos-api/ai/services/ai_inference/subscription_live_console_check.py,24269,7c6cd54a,693a3b4ece1fe4e69a8875e0928cd03a4889f454bab52b7aacc66106e35add12
mashos-api_11(17).zip,mashos-api/ai/services/ai_inference/subscription_projection.py,24303,d3dfda84,a84a62bf0ec1b1a5a8e8472fbacbd03983d1466c0dfdf61d83ad8af59b33ab93
mashos-api_11(17).zip,mashos-api/ai/services/ai_inference/subscription_release_config.py,17655,750fad91,f14fb3ea238ec0040bcaca465e18145b9e80d0d015c295fd9c5ac6f2ee2736fb
mashos-api_11(17).zip,mashos-api/ai/services/ai_inference/subscription_runtime_config.py,1816,0c45f273,90c263e80f1b8d8d4923072409bf762b48a8e007522d1275ac9c68abc405ec03
mashos-api_11(17).zip,mashos-api/ai/services/ai_inference/subscription_store.py,9277,32bca4da,f941ad0d8df40f4ee90dc50ec1c854dd08634dcd3076181ac7a50f9ea6162e67
mashos-api_11(17).zip,mashos-api/ai/services/ai_inference/subscription_trial_store.py,5427,8037c5dc,1b78f648b57867c564ba9366dab54b41fe9402065f181a18c2cc8375730ab385
mashos-api_11(17).zip,mashos-api/ai/services/ai_inference/subscription_verifier_android.py,12002,9e62b4d8,25739b5adeea491ff4f65d8f8d8b1333ab1061e87eb1bc0939685cddd968d3a6
mashos-api_11(17).zip,mashos-api/ai/services/ai_inference/subscription_verifier_ios.py,11823,268b9ff5,1057b9133f0cfcc8b9024b5be6f54cf3aecf08f11c15450db079ff492f09bec6
mashos-api_11(17).zip,mashos-api/ai/services/ai_inference/subscription_webhooks.py,9733,5daf9b1f,2b202410da09ea2efaf1da923fdbb59e83394d57a04f6ddcd1a647d435954fa3
mashos-api_11(17).zip,mashos-api/ai/services/ai_inference/supabase_auth_token_cache.py,5601,fc4f1ec4,0fd296b983024429084af2370a07cde19f57eb5100e83a4bd91b2fba3bfb0cfd
mashos-api_11(17).zip,mashos-api/ai/services/ai_inference/supabase_client.py,10928,16118769,95c886f3c31b43464788dd21d6b973a61054e01ce422b84eff4274e31064e94e
mashos-api_11(17).zip,mashos-api/ai/services/ai_inference/templates/response_template.en.json,701,e1d87334,daaabceb74e848be244a94eba718adfdce64e4ac2bf1206f3210e3f716121948
mashos-api_11(17).zip,mashos-api/ai/services/ai_inference/templates/response_template.ja.json,753,258aae6c,981d72b373b13ed859c8f27794a87af6436df7f314efed6758455538b734a424
mashos-api_11(17).zip,mashos-api/ai/services/ai_inference/today_question_personal_candidate_service.py,12263,2df71597,e6ee570984220d059fa643a39e241531befed4fc7cd5899c51562c9ae1202867
mashos-api_11(17).zip,mashos-api/ai/services/ai_inference/today_question_personal_question_service.py,1528,fe1b3765,58222dd476f6528149d37ee8384af73c629c730fd38671552f6ce1bc03428925
mashos-api_11(17).zip,mashos-api/ai/services/ai_inference/today_question_personal_templates.py,16090,e644c2ab,ee5586e3e78a264ed0cd4ebc4c5e6f121868a3ed62fbf4bc68af68da5f63d649
mashos-api_11(17).zip,mashos-api/ai/services/ai_inference/today_question_store.py,97123,a96101f5,76f214a77e5f48112df74ac3aa0cb0cf9689ceedf77f2bf4184a87f14ee0a379
mashos-api_11(17).zip,mashos-api/ai/services/ai_inference/value_observation_types.py,3408,da6af663,4e24dab6ebb7270b6bab88b9b473611f5926ca1cfc84534dcfb905e76ec2f18a
mashos-api_11(17).zip,mashos-api/ai/services/ai_inference/watashi_map_service.py,40836,148f0223,22874aa3f8569aab59e9bdfbc44d356b0cad5680b5abcaa9e433dae2566bff1b
mashos-api_11(17).zip,mashos-api/ai/services/ai_inference/_samples/lora_load_example.py,1291,16db3ec7,66b9361494f397a54ff68e2da9509d11e8e8519d3ae0477bbe0b632631bfa1a6
mashos-api_11(17).zip,mashos-api/ai/services/analysis_engine/baseline.py,2206,08b5c9cd,22568716fd2692870913e6dc24d272218400d4c36f90398eeb4549b11b61fa9b
mashos-api_11(17).zip,mashos-api/ai/services/analysis_engine/emotion_structure_engine/daily.py,4372,bc748fa9,8e87e42e85293c238f33197013b35f8a4462aa049abb9169023734d3c28a1f53
mashos-api_11(17).zip,mashos-api/ai/services/analysis_engine/emotion_structure_engine/monthly.py,7333,645a85eb,57021c29dedbbe6ecddb18734250aac66bf16fc198e61a28103bede014be4f23
mashos-api_11(17).zip,mashos-api/ai/services/analysis_engine/emotion_structure_engine/weekly.py,20404,cc19772b,2dfaddd1e0e1f68aa745419d85f241ca67f8b9114ea99813a06b80c83e69d1da
mashos-api_11(17).zip,mashos-api/ai/services/analysis_engine/models.py,11188,e9410065,cd9ff7674d0908524a16b14b3ad9a7f6775ffa747b61e160aa4f1f820f64e4c0
mashos-api_11(17).zip,mashos-api/ai/services/analysis_engine/self_structure_engine/builders.py,20821,1c857a72,d7b090612f5faea33617c309fd6d2fd2b619a65d579f771d990e4f8dc9c8a5b3
mashos-api_11(17).zip,mashos-api/ai/services/analysis_engine/self_structure_engine/fusion.py,27771,d932cc72,175cb8c2d72e399e55485a49c2a75d50e23b8956ea482caf85d17d22a62f79ee
mashos-api_11(17).zip,mashos-api/ai/services/analysis_engine/self_structure_engine/rules.py,43187,ded339a8,94aa10be7e4ec169f39bcc26bc8c58280d37b0cc3e7e40ec5032d1a6e2b1dd85
mashos-api_11(17).zip,mashos-api/ai/services/analysis_engine/self_structure_engine/signal_extraction.py,14868,cdefdbcb,6286c3bcf115b9cadd10216836171e3195107e5c98496363162736930fff508b
mashos-api_11(17).zip,mashos-api/ai/services/analysis_engine/templates/README.md,411,1182bc2a,ba49b50417ec63c847c75cff096f0d376e9430324792852706c9236bd2d3834a
mashos-api_11(17).zip,mashos-api/ai/services/analysis_engine/__init__.py,350,c80b2c4f,e2abe6ea8cb5ee8e1c0c3115a24d9258f646e2b3c47fa7b26bd17df3f9b60f49
mashos-api_11(17).zip,mashos-api/ai/services/examples/demo.py,1427,2b445390,7b3d2969b05a8cf9e86c24989cb2bdc4b999279d34bd92bc5476d199a43efb6b
mashos-api_11(17).zip,mashos-api/ai/services/structure_engine/extract.py,3220,4436c2c8,dc265a78b6e6c5f22980eb4989f53d5b80586f08b0009ebb4be23bdf2affdd3b
mashos-api_11(17).zip,mashos-api/ai/services/structure_engine/templates/summary.txt,271,62d32aa5,90bef7e0cb91089b0938feae74389e20b9a06a4c0b433d4c158c78450dae70de
mashos-api_11(17).zip,mashos-api/ai/tests/conftest.py,594,32aed809,5e5d0f945d4a5ede4e9bbb633f46afa58e9f39c9b95afe38ae1261009fad462e
mashos-api_11(17).zip,mashos-api/ai/tests/contract/conftest.py,788,690ba81b,f0ce56582d74cc6697e6dfcd9956fcd8d48178329612d49cc094fc5821b7bd35
mashos-api_11(17).zip,mashos-api/ai/tests/contract/fixtures/account_display_name_availability_response_shape_v1.json,52,451eddf6,8d415525e2dfa4634cf83331243c87d2ed60aefb59b74975cea423cdcbf84de0
mashos-api_11(17).zip,mashos-api/ai/tests/contract/fixtures/account_profile_me_response_shape_v1.json,225,5305c7da,5efb8aec0b5c2e9d37f3625fd24b62b5eca4cf4785703980a8c5ccc20c8e3924
mashos-api_11(17).zip,mashos-api/ai/tests/contract/fixtures/app_bootstrap_request_client_meta_v1.json,103,a3e2555d,82dfe4e08a6243a218e5aece664e8e81a89ab74649cce7d46b86c3d1e1b8d728
mashos-api_11(17).zip,mashos-api/ai/tests/contract/fixtures/app_bootstrap_response_shape_v1.json,362,ed8a6dd6,48056924ca3060425f39a0dfdc30391d89244bfb7b1711dce491f261b38649cb
mashos-api_11(17).zip,mashos-api/ai/tests/contract/fixtures/app_startup_response_shape_v1.json,1084,4b05f1fb,9c80cd5c5be82cba607fc6df74273eadba7875a18b2ec5a559273f4f5320b2f9
mashos-api_11(17).zip,mashos-api/ai/tests/contract/fixtures/global_summary_response_shape_v1.json,186,66185ee6,c33898980ff8837bd4c81bdc717080f54bcb6ded95b18013afaca98729ab6a36
mashos-api_11(17).zip,mashos-api/ai/tests/contract/fixtures/home_state_response_shape_v1.json,597,fdca6b68,64518741108f6218448d6f0a0df13c8809dc7aa708d94bbf182bc4a3ace11ea4
mashos-api_11(17).zip,mashos-api/ai/tests/contract/fixtures/legacy_emotion_submit_request_v1.json,228,a16ac0cb,1cf4dca8bba84bd1d54ca50e270b96946939dfa663a97a9898fa4593a533db1a
mashos-api_11(17).zip,mashos-api/ai/tests/contract/fixtures/legacy_emotion_submit_response_shape_v1.json,63,9c3399d6,a5aa7bd873c3f818303520414867693fdb2304d0b4d95c1f5254528f5da373c7
mashos-api_11(17).zip,mashos-api/ai/tests/contract/fixtures/legacy_mymodel_create_answers_request_v1.json,199,a86f5dbf,2c2ff6d0328a7114085a542c063c8c4b2dcd8e47c271bec9ef3c58a2b7f3a18f
mashos-api_11(17).zip,mashos-api/ai/tests/contract/fixtures/mymodel_create_answers_response_shape_v1.json,916,24595acb,649f63702b6eefc975b02bcc19324514a11f802c733599341e51fbbbf1ad7086
mashos-api_11(17).zip,mashos-api/ai/tests/contract/fixtures/mymodel_create_questions_response_shape_v1.json,938,407c7ff6,225169e21733020c59fed2246fde8ae28fcda3ef27accc635362aef2fd42bc8c
mashos-api_11(17).zip,mashos-api/ai/tests/contract/fixtures/myprofile_latest_status_response_shape_v1.json,199,493f1c73,06d0cd9c5930716a3b6280b9d6bede75bf6c37e9f408129162118e83a480905b
mashos-api_11(17).zip,mashos-api/ai/tests/contract/fixtures/myprofile_reports_history_response_shape_v1.json,285,76abf442,ffa95669d9774ef6af503672b917aaa2990c0039cae13031d3fd1ccb6050237b
mashos-api_11(17).zip,mashos-api/ai/tests/contract/fixtures/report_distribution_settings_response_shape_v1.json,101,5e4ec606,437724012460ba5233844a1cea92944e085bb7b4320350cc794a27bfdc1b4457
mashos-api_11(17).zip,mashos-api/ai/tests/contract/fixtures/report_reads_myweb_unread_status_response_shape_v1.json,326,7cb7d594,cc229a6cb8fb6a77b7ab32c01f36a9516e2eda0dffe990a37c00ef643ca6dffd
mashos-api_11(17).zip,mashos-api/ai/tests/contract/fixtures/subscription_bootstrap_response_shape_v1.json,2358,96a5157f,cfe74ae67853ba56590917156608deea2bfc3dfedffe7558b0dd4118b524ac6d
mashos-api_11(17).zip,mashos-api/ai/tests/contract/test_api_contract_headers.py,19482,ef55b2f5,88f95590545b401b77d78d80507bd990b7f28c53bca016e96de2468736eb2ea7
mashos-api_11(17).zip,mashos-api/ai/tests/contract/test_api_contract_registry.py,10128,c112f486,353779dfb4d2d92d65d412ef4b7857da93187346c6360f5d4fd0014396207c7a
mashos-api_11(17).zip,mashos-api/ai/tests/contract/test_client_events_contract.py,4394,d9e40475,18a938c7896c1979455f6788a8f4e416089777486dcb7ea363fb92c441ee8ce4
mashos-api_11(17).zip,mashos-api/ai/tests/contract/test_contract_snapshots_phase6e.py,25773,e84adb32,675a9b988f89e0c17cc58688680f404f8d0f08380c902d881b99bb5b0e568086
mashos-api_11(17).zip,mashos-api/ai/tests/contract/test_emlis_ai_contracts.py,14054,868634b7,9bd04a6c8362e53786519e3aff0f9522d97d6026b0be290cb333934c9d667c6f
mashos-api_11(17).zip,mashos-api/ai/tests/contract/test_emlis_state_answer_phase10_cross_contract_regression.py,15716,25f66a87,a5f82a087437aca607c78636a5e3fbe9a6b89663426ffefbe7f0bceb735b2d6a
mashos-api_11(17).zip,mashos-api/ai/tests/contract/test_generated_reflection_display_contracts.py,25828,dc5bacb1,f2a935814f05f0fe03f4915e3e95771ea5addea80964be2c6532a5b9036bac46
mashos-api_11(17).zip,mashos-api/ai/tests/contract/test_generated_reflection_maintenance_contracts.py,19025,da30b924,b52323d30fdd54ef232e1d7818ca1a052bf82f19c898d3c24c62db69e38bf7cd
mashos-api_11(17).zip,mashos-api/ai/tests/contract/test_mymodel_reflection_display_contracts.py,8469,7c01ff95,c5d9dae0286961bff7e066472282f1563dbac2f965383dabf789f908fa69141f
mashos-api_11(17).zip,mashos-api/ai/tests/contract/test_myprofile_latest_regression.py,9019,b49f6822,acec1d5d27cfc04556f15a1c429ede3413d29b4549b5425bba789c81b9372c7b
mashos-api_11(17).zip,mashos-api/ai/tests/contract/test_new_national_core_analysis_contracts.py,4065,845b4c38,d8cd754acb4ae8d844cfe1a81975428beb361753b18c1ec7b5232f4e1a984927
mashos-api_11(17).zip,mashos-api/ai/tests/contract/test_new_national_core_emlis_contracts.py,9131,ac12a5d3,a966b8dc8b331f328f3a72170aa1290072274bfd2248f561a1627ec69fa7881a
mashos-api_11(17).zip,mashos-api/ai/tests/contract/test_new_national_core_piece_contracts.py,8848,e4db01ae,fc6f4a03235372252fc6ef64075b3ddbbc195c0498c9d0c244c81ecc5fe84882
mashos-api_11(17).zip,mashos-api/ai/tests/contract/test_notice_contracts.py,11451,c0af4dcd,fad2cd8c8d89a01e16bf5091b017db63c7a9b422eb6723911906d096a0dfa4f7
mashos-api_11(17).zip,mashos-api/ai/tests/contract/test_publish_governance.py,16270,d59f790d,31b944faab09a010cd75ffcf4a90ff3f1a1c64ebe3cb7cba7384443d92107d00
mashos-api_11(17).zip,mashos-api/ai/tests/contract/test_rn_surface_guards.py,3196,1eae027f,1545b057e5f260b3ddbed891c5b02f397aeba59880ca0b91c19b765015741308
mashos-api_11(17).zip,mashos-api/ai/tests/contract/test_self_structure_latest_free_light.py,5563,b2e3b85a,7505dccc44246e5c9bf215733b2606b378c5ec1695913a4093c248c64ac342d5
mashos-api_11(17).zip,mashos-api/ai/tests/contract/test_subscription_bootstrap_contracts.py,8621,06eca068,346ce8543d0f40aa8e8fba18794f32343beb2565fb4feba32865efcdb421a462
mashos-api_11(17).zip,mashos-api/ai/tests/emlis_multi_perspective_test_helpers.py,3444,8a5cbc3c,fee6d835c406c6ce1656d4a656dc6f76866021db768692da63f03b6ebea776ba
mashos-api_11(17).zip,mashos-api/ai/tests/fixtures/emlis_ai_observation_structure_phase5_cases.py,16091,70d2202b,95d9fdc6f7482c37cccf33680515814c28b316c540e4f7219f6b41834ea7eb1c
mashos-api_11(17).zip,mashos-api/ai/tests/fixtures/emlis_ai_phase8_cases.py,9001,1c504f04,0facddf5d06757eed88b31d72e3bb6f8724c165a9de6e36fbc7e1f707ea238e2
mashos-api_11(17).zip,mashos-api/ai/tests/fixtures/emlis_ai_product_readfeel_fixture_families.py,43846,b154681f,91fd814acfa56be6b1210ed73f01d748efcb9bb751fb6fb76521ea3fd51c869e
mashos-api_11(17).zip,mashos-api/ai/tests/fixtures/emlis_ai_real_device_gate_recovery_regression_cases_p11.py,14185,87e69b5f,6c1b04a80202884b6a99baa44c16adb4b90cfb702913c22932c5a48ab3adf55f
mashos-api_11(17).zip,mashos-api/ai/tests/fixtures/emlis_ai_runtime_surface_red_fixtures.py,8353,b1324b73,00a08a7618b794addf71f831073927801c223b1f74c4dbf9462312532d4abe61
mashos-api_11(17).zip,mashos-api/ai/tests/fixtures/emlis_ai_state_answer_cases.py,9002,0496ab3c,81e44c80775bb2f996964bdf303a57147d3b3ea20e703c0d41e24dc4ff1c8ba9
mashos-api_11(17).zip,mashos-api/ai/tests/fixtures/emlis_ai_step17_broad_input_cases.py,9997,61f2a091,3778547f2f9c3cc67c355890adfd11cd81d13191bf7f481e354bb96531dbb4e2
mashos-api_11(17).zip,mashos-api/ai/tests/fixtures/emlis_ai_two_stage_reception_cases.py,22196,a4c00fa4,45493c3f349182ca17d067e655a870ef98e747535801e6ff2a0f714e372565fd
mashos-api_11(17).zip,mashos-api/ai/tests/fixtures/emlis_ai_two_stage_reception_display_quality_cases.py,11991,d3792015,deded174d7a2b4bba113c51947659ab1af639291449a08eefcb1bd87839449a5
mashos-api_11(17).zip,mashos-api/ai/tests/fixtures/emlis_ai_visible_surface_acceptance_fixtures.py,14241,045e8817,416e771a6a6090a80f111565a76cbd1f38ca229c1f11ee0bb5cd097e3611e243
mashos-api_11(17).zip,mashos-api/ai/tests/fixtures/__init__.py,0,00000000,e3b0c44298fc1c149afbf4c8996fb92427ae41e4649b934ca495991b7852b855
mashos-api_11(17).zip,mashos-api/ai/tests/helpers/emlis_ai_phase18_product_quality_matrix.py,16535,434353cf,dc86b40b8ec786905edb4c8ac3e6a5812d1aa29db3a0abfccf67950e68b10f08
mashos-api_11(17).zip,mashos-api/ai/tests/helpers/emlis_ai_phase19_public_feedback_matrix.py,25879,c1badbc8,a79ce4951034d55dce10753ef867e70fc711c79e702d2ff8b1dd14f5058ecff1
mashos-api_11(17).zip,mashos-api/ai/tests/helpers/emlis_ai_phase20_phase19_diff_inventory.py,35326,e81238ef,121819107dd1dc212e3ea0f7d1b36835fef8cc76a5f761cc75fec4a136ea8cab
mashos-api_11(17).zip,mashos-api/ai/tests/helpers/emlis_ai_public_observation_recovery_p0.py,21112,91350d6d,91cbaab83c3f3cff999214465dfe7cff7bb00693b7a28822049bdb6c8fc4fce8
mashos-api_11(17).zip,mashos-api/ai/tests/helpers/emlis_ai_two_stage_product_visible_fixture_assertions.py,40043,3329a7d5,c079d0320c918f2771c01065cb8a292e2c09c98affe73a14ecb2bb2ee4f500d8
mashos-api_11(17).zip,mashos-api/ai/tests/helpers/__init__.py,85,7ceb9b03,98e845a1748eec1c1565268079d3335de2293eeb19f71debb20a046c0ca379d6
mashos-api_11(17).zip,mashos-api/ai/tests/smoke_test.py,572,b28fc770,beae4e708a54c190ddc59b232a0ac954670f89c83235a60152e3b8e873fd7f33
mashos-api_11(17).zip,mashos-api/ai/tests/test_analysis_environment_state_output_phase7.py,8688,ee553572,ad47a8367a6c84196ad8f00a8c8547c44296a9c6e943c7b47b8586e58eb81c86
mashos-api_11(17).zip,mashos-api/ai/tests/test_analysis_environment_state_output_phase8_display_connection.py,9216,01de2ce2,9e61da3d444b8bb5dc597791f055d39189bcfae4424d1fb0793197bc56718e7e
mashos-api_11(17).zip,mashos-api/ai/tests/test_analysis_home_summary_current_weather.py,1681,bc853e97,48e76cc1f1743cb84ef260a5a8e9ede0902581aa27efa2fc756fb54f946d5763
mashos-api_11(17).zip,mashos-api/ai/tests/test_analysis_report_kokoro_weather.py,13369,04986aaa,fc9d4b25d7e29845e3b46cacc76f9d20b3e6f995e691e5bd4c1258e495fa4d6b
mashos-api_11(17).zip,mashos-api/ai/tests/test_analysis_value_observation_boundary.py,3028,fe7ebee2,15c27c8005344e975e41921162543fea0e97e30749947daf237989cbacde92b1
mashos-api_11(17).zip,mashos-api/ai/tests/test_cocolon_environment_state_output_frame.py,7273,390aeb9a,67bf3b41e4578573d991bc748dd2197eb3707f82d6f0e5421ea79838909f21c2
mashos-api_11(17).zip,mashos-api/ai/tests/test_cocolon_text_generation_core_analysis_composer.py,4681,b2d03bc0,3b035e473828133d46d4790dc349d42c6fe7f1ed5d664c59c1d577dae39e8b13
mashos-api_11(17).zip,mashos-api/ai/tests/test_cocolon_text_generation_core_analysis_input_contract.py,8221,f210fafd,4b6623ff2631e63c50338773506157c19b8da6774514efdd2c985a1b59cbafcd
mashos-api_11(17).zip,mashos-api/ai/tests/test_cocolon_text_generation_core_boundary.py,7090,22791ec7,fcc9785a8021d970ab1b5901f9b543aa58d663c56606ee7405ac851c6afa3afd
mashos-api_11(17).zip,mashos-api/ai/tests/test_cocolon_text_generation_core_composer.py,7806,95588a1a,e8d77c05bc9009e08475e92b5187398b65b2614cb0eab2524e83dee8114c7060
mashos-api_11(17).zip,mashos-api/ai/tests/test_cocolon_text_generation_core_emlis_evidence_adapter.py,2664,82144f47,6e04f2ef494dbdd5c0bc028d2af3b45cac5f62c3f0a8be6d4c8f8fc4142d0d56
mashos-api_11(17).zip,mashos-api/ai/tests/test_cocolon_text_generation_core_emlis_observation_adapter.py,7868,d7f47e70,5260fe69729ee7fa11ce57aeaf75158a4bc998a187ffcc432ebb74f0d1ebcdd2
mashos-api_11(17).zip,mashos-api/ai/tests/test_cocolon_text_generation_core_evidence.py,4752,36775d07,c48d924c7b6283786b38ed1e268b5fbdd034e1887ee199fd4e2826de7013e8f3
mashos-api_11(17).zip,mashos-api/ai/tests/test_cocolon_text_generation_core_guards.py,7452,92ca3537,ff4093de0ba76e16952a2e1baf98ae0693db5321e4769bec290b50e2c70c011c
mashos-api_11(17).zip,mashos-api/ai/tests/test_cocolon_text_generation_core_guard_emlis_comparison.py,1760,3f032456,e8af9a552770bb5fc6a3e774c2462e9332e7437c2c47d03dd7aba29ac116d569
mashos-api_11(17).zip,mashos-api/ai/tests/test_cocolon_text_generation_core_phase14_final_boundary.py,3924,e62f6b47,11508177c09bf055cc8f22b9d0c19633db35ca419f796fcdc8289156d9a455ae
mashos-api_11(17).zip,mashos-api/ai/tests/test_cocolon_text_generation_core_piece_composer.py,4055,6b3abccf,e10c6bbd247c0ab0e77b47fa6618a9879d5be086b02e78fe58014c5e3d320ac1
mashos-api_11(17).zip,mashos-api/ai/tests/test_cocolon_text_generation_core_piece_input_contract.py,5286,b1ec9108,4cd05c906fc96e4d4d7842c0a1d2ff6378c6f0fdb884793a4a39cc5d014ad31a
mashos-api_11(17).zip,mashos-api/ai/tests/test_cocolon_text_generation_core_step15_stabilization.py,10427,1ab5f083,4b509337ad9affa2088422ad36a34d01aac1e21623868208ccef74794b741d5d
mashos-api_11(17).zip,mashos-api/ai/tests/test_cocolon_text_generation_core_types.py,4864,14c1e118,572867f4e29a27901c0729df598027ca73f21aa08c962cfbfe2375e499b810bd
mashos-api_11(17).zip,mashos-api/ai/tests/test_cocolon_text_generation_phrase_units.py,5191,5505787b,41c05168754522284f1edb128314d8dc149ec2e7750c99b006533f115747dd24
mashos-api_11(17).zip,mashos-api/ai/tests/test_cocolon_value_observation_service.py,1813,ba0fc977,33834c30c941402db7c36b408c6747242b20123d2613f5f4dc81bd44de550548
mashos-api_11(17).zip,mashos-api/ai/tests/test_emlis_ai_a1_reader_relation_repair_e2e.py,2606,5ab053d1,48487c3d506c8633e65851fac18c097ce54c4e31098517ee039484c297eacf2d
mashos-api_11(17).zip,mashos-api/ai/tests/test_emlis_ai_binding_aware_grounding.py,5635,e7f4e8b4,a5410ea85e656361b36b92b91157495293e6dfb4d92b1934c61e9b15ef00d8ac
mashos-api_11(17).zip,mashos-api/ai/tests/test_emlis_ai_bounded_repair_reroute_step7.py,12905,83ead460,a9496e19dfec037f1ff8b3d54f38e6ec33e34db9106a92264be57e0b0a14c1b0
mashos-api_11(17).zip,mashos-api/ai/tests/test_emlis_ai_complete_composer_client.py,5493,592df336,37ef5cbd4e1aaec54e59a8905e255e6f756f389c154b8d75e6c4045cd157a59d
mashos-api_11(17).zip,mashos-api/ai/tests/test_emlis_ai_complete_composer_initial_commit1.py,6648,c9ea551f,dc6252e14ea868c922eb70325c8a8a07e0c707afa0c3b7e0ec1e9fa0a477d5e7
mashos-api_11(17).zip,mashos-api/ai/tests/test_emlis_ai_complete_composer_two_stage_surface_connection.py,5112,16b69952,33c810fe08dbaa67e61939cfe5c3123b878d971deedb4ab7259ae787d8d1b3bd
mashos-api_11(17).zip,mashos-api/ai/tests/test_emlis_ai_complete_composer_types.py,14085,7bd2a93d,da30cc0e9becf7aa204abaf398725eb3653cadc8fb6e3b2b0336c7bf26d8ea91
mashos-api_11(17).zip,mashos-api/ai/tests/test_emlis_ai_complete_e2e_contract.py,9740,44d35c18,7dac64ea0895dc7df3eba736616974a0f39d034f399d18c1e6a904b84c2b4f0d
mashos-api_11(17).zip,mashos-api/ai/tests/test_emlis_ai_complete_focus_selector.py,9414,49598022,0246135493148b87659ee3aa1d9746a973f6a6abf69aa754d3a0863d27117f8c
mashos-api_11(17).zip,mashos-api/ai/tests/test_emlis_ai_complete_grounding_binding.py,15341,1d7fd44b,d832b5c9c5bb4ec4a4230db034d83863eb627e4e41b163434f2725799bbee920
mashos-api_11(17).zip,mashos-api/ai/tests/test_emlis_ai_complete_grounding_relation_binding_v2.py,12568,375667a6,7fcaae196305fc62985f624bdc99d4a8a985fb932df07a2ab0a9d37243305227
mashos-api_11(17).zip,mashos-api/ai/tests/test_emlis_ai_complete_initial_entry_ap0.py,8195,85eea34c,d2a57ae5fb59a906aa382252cb8d7c45030530d9559b3167f7614f370256ffad
mashos-api_11(17).zip,mashos-api/ai/tests/test_emlis_ai_complete_initial_entry_route.py,29743,50502d25,03bc2f8333b3b98f5c05eb5b850215db78fb477d9fff82375a9fc82420e07edf
mashos-api_11(17).zip,mashos-api/ai/tests/test_emlis_ai_complete_initial_step7_integration.py,12538,9e61a607,4f49119f3091bbea39a3d0f6c2d56827eca00feee193f5ddd7ff5d4d0b24a7de
mashos-api_11(17).zip,mashos-api/ai/tests/test_emlis_ai_complete_initial_step9_fixture_qa.py,7614,22a09737,e2be8c15b2aad156813e7b41679732cd507bc218e7d54bdc8f74073dd33381ca
mashos-api_11(17).zip,mashos-api/ai/tests/test_emlis_ai_complete_initial_surface_availability_p4.py,9026,822c1a10,7eb434f5e4493ee7b33a18bda99775310c19f185d8b4f652ca3f48126ceaf6a2
mashos-api_11(17).zip,mashos-api/ai/tests/test_emlis_ai_complete_initial_surface_recomposition_p5.py,8243,e6245e1d,e66514da2f629a3809b30baab3f6969cf86489f1207f2b5e6c09a0d24f73f7cf
mashos-api_11(17).zip,mashos-api/ai/tests/test_emlis_ai_complete_material_service.py,7966,1e4e768f,bd723fbe9f3a49536001065cca0df90f1d1a0ea78e314fa449376eaafae2f048
mashos-api_11(17).zip,mashos-api/ai/tests/test_emlis_ai_complete_product_quality_connection_e2e.py,4578,8467c936,17c2f9f67f7b494930b571ab2a2d6cecdd50e82ea6828b3917540a2e3f52237f
mashos-api_11(17).zip,mashos-api/ai/tests/test_emlis_ai_complete_product_quality_coverage.py,4494,0b130eed,ebef799b075d797f86f8e542cb054a9a08f47cf5d8536f646d712c5102d98011
mashos-api_11(17).zip,mashos-api/ai/tests/test_emlis_ai_complete_product_quality_measurement_connection.py,31915,e11afec9,f17282b171c415e7031e4fbf5d0f7ef6c06068b63ec7744daa9f84e871fda6ef
mashos-api_11(17).zip,mashos-api/ai/tests/test_emlis_ai_complete_product_quality_measurement_contract_inventory_step0.py,7010,84afe886,f450f17d6b1ee66bcc14c291a0b7e340da70ab30f7603fb805c3c717348990df
mashos-api_11(17).zip,mashos-api/ai/tests/test_emlis_ai_complete_product_quality_measurement_exit_gate_step10.py,7359,fbc4fed2,39c8850e8ce4391e25e988542cd45aa3edf4cd4fc684ed0d7ae87d5f64618083
mashos-api_11(17).zip,mashos-api/ai/tests/test_emlis_ai_complete_product_quality_measurement_regression_step9.py,14929,cc8e5402,d4580f1d054feea083d1aed31cc4d0123d2e20e91ace05ecf6e94599a609df0f
mashos-api_11(17).zip,mashos-api/ai/tests/test_emlis_ai_complete_product_quality_positive_recovery_e2e.py,16919,72c6fe3b,6d3e301738d9f411eac32d7897e19579bb973fa886665f08774ae2a3456c8630
mashos-api_11(17).zip,mashos-api/ai/tests/test_emlis_ai_complete_product_quality_scorecard.py,6425,5b59afb9,6a501d1cb9e296f34ba280dbd6fdc99c603907bc01ffaded0b6753829fd0242e
mashos-api_11(17).zip,mashos-api/ai/tests/test_emlis_ai_complete_product_quality_scorecard_blind_qa.py,6273,ac6c5acd,b10cf145b83c9002e36f723cebca019a8cbf5fd9e2d9dfcccdecbb0ab937e7a9
mashos-api_11(17).zip,mashos-api/ai/tests/test_emlis_ai_complete_relation_graph.py,10026,12be16be,ad57ea7cfcf34d39e1b48859b1a787fb567d3c4e73b1de532c17cea028c4ab38
mashos-api_11(17).zip,mashos-api/ai/tests/test_emlis_ai_complete_release_ladder_connection_e2e.py,4139,d40a7c12,801ac69250800a308ca8f66a4566755ee78a3a5df9d626dfcdc5aaceee84192c
mashos-api_11(17).zip,mashos-api/ai/tests/test_emlis_ai_complete_release_ladder_v2.py,8538,47348787,cfef97260bbac14e30eda5ef2e7493957bb5b719ff05e158cd00b84dcbf8893a
mashos-api_11(17).zip,mashos-api/ai/tests/test_emlis_ai_complete_scorecard.py,6789,7f139436,ec94296ca935bfcda139b74280d518ec4fd488b8e6169bd4b2527b7526a2b9b0
mashos-api_11(17).zip,mashos-api/ai/tests/test_emlis_ai_complete_self_repair.py,25115,63c61ae1,eb1c19c90986c70027df7686ae74aa42f5248409fdac5cdd4aa36b37bee61421
mashos-api_11(17).zip,mashos-api/ai/tests/test_emlis_ai_complete_self_repair_positive_recovery_relation.py,7347,d002a83b,e5ff85ccaa39ae91523593f83e9f9403fc32f459e9d5ede67d5ed32ffcd58cfe
mashos-api_11(17).zip,mashos-api/ai/tests/test_emlis_ai_complete_self_repair_product_quality_v2.py,9002,bbfbd333,1894b8b526c08ad79de138b351e31c08275434010fda065a7b312a4205a47d5f
mashos-api_11(17).zip,mashos-api/ai/tests/test_emlis_ai_complete_self_repair_v2.py,10561,b6a7c23e,2117ec47f3c757005ecc81822e14d12a37ed6cd8a4edd15e9b3ff5be11636eb8
mashos-api_11(17).zip,mashos-api/ai/tests/test_emlis_ai_complete_sentence_plan_two_stage_section_meta.py,6857,bd826655,b396d9e3969405fc0ec0cb241f4d13c89f815f3adb342d9e062da24c55e60b91
mashos-api_11(17).zip,mashos-api/ai/tests/test_emlis_ai_complete_sentence_plan_v2.py,14145,c0a99cce,62a3317a7d93d660c4f174c2aa14d3541cd29b2e365b4dd52ab3c74d9c290fef
mashos-api_11(17).zip,mashos-api/ai/tests/test_emlis_ai_complete_surface_quality_signature_step2.py,9705,03379820,93f54c49d92c5d0244aa3665ebf81476539ea116c3685f1616ec072cb6b192b3
mashos-api_11(17).zip,mashos-api/ai/tests/test_emlis_ai_complete_surface_realizer_daily_unpleasant_reception_quality.py,6525,5385d7d6,61928c57fcd359b2e8697187e012a2ca9c129b69c43a966358e3aaad9d19d465
mashos-api_11(17).zip,mashos-api/ai/tests/test_emlis_ai_complete_surface_realizer_two_stage_comment_text.py,28380,fa10c962,97c0c3e341c558858c1473479a57fbb9c7318968e2d5cc476664953f91873f8d
mashos-api_11(17).zip,mashos-api/ai/tests/test_emlis_ai_complete_surface_realizer_v2.py,19270,8e02a2c1,e0c138bea4554b69ed6c993f73e287833cddc2e66486a0c10539712af31d68e7
mashos-api_11(17).zip,mashos-api/ai/tests/test_emlis_ai_complete_surface_recovery_relation_line.py,6123,63b6c17c,1ccb895c06a5f7a6845d21f247b2aebd8d520d4f611d331c5458292b5a106c03
mashos-api_11(17).zip,mashos-api/ai/tests/test_emlis_ai_complete_surface_variation_v2.py,7706,fd8d9fea,a751e519bf5695fa40d4274904e05ba876079c61592dc840534e6b9aa755b82b
mashos-api_11(17).zip,mashos-api/ai/tests/test_emlis_ai_complete_tone_engine_v2.py,10915,8dbb6096,89994c0d180fb548e9cade67a4766d11b6798ded4541f0f20d90940b59eb3ef7
mashos-api_11(17).zip,mashos-api/ai/tests/test_emlis_ai_composer_client_registry.py,10399,50b6249c,4091be8394541ec6ee99c485ed52c4baa137f841a3e6eb2db6a6d9de2628ad4a
mashos-api_11(17).zip,mashos-api/ai/tests/test_emlis_ai_composition_transition_guard.py,595,f12a2ab1,cf7733788255cdad701d536273f618eaea4d56d63387f177f66888f2c7c7503b
mashos-api_11(17).zip,mashos-api/ai/tests/test_emlis_ai_coverage_matrix_service.py,4963,6eabf262,7af9d34b5322efb471883e8b8ceff99004ec2056362481a0159782a3ef00af63
mashos-api_11(17).zip,mashos-api/ai/tests/test_emlis_ai_current_input_bundle.py,10674,b845cac9,c4ee77840543ecff3f8af3ac312270db57174bd49cf49bc0075d09a94af82f34
mashos-api_11(17).zip,mashos-api/ai/tests/test_emlis_ai_current_input_grounding_guard.py,1501,aeae83a7,02da024d92be23ebb81a2dc7e924538198013511eb4c59d94e52f99d1f2b825c
mashos-api_11(17).zip,mashos-api/ai/tests/test_emlis_ai_diagnostics_scorecard_step8.py,7470,7c81ed9e,055b7df3a1f4a343b50d361e8aaa8c342728202ee7410e34679d35eb39fc3362
mashos-api_11(17).zip,mashos-api/ai/tests/test_emlis_ai_diagnostic_summary.py,49326,e7c43522,00c00218360cb797bb541e6e9aba6dd86a3abfc914e250543ac2ec64f04b6bff
mashos-api_11(17).zip,mashos-api/ai/tests/test_emlis_ai_diagnostic_summary_v2.py,13038,6c9786a0,a95cd975b6e195bd0c37dc9f017a2b4b6bc19d7fcea1a9313f7f615e8a1a225a
mashos-api_11(17).zip,mashos-api/ai/tests/test_emlis_ai_display_contract.py,17706,88f6d336,cbea09fad4d6431c244f052bec481b42f9a68ba492a19985ca13e1f4c0839a89
mashos-api_11(17).zip,mashos-api/ai/tests/test_emlis_ai_environment_state_output_surface_contract_completion.py,8914,cf6a5c9e,c846c8eddc09f883a55865b73cfc8c506968162522771500ce7ef17c9c3ce38c
mashos-api_11(17).zip,mashos-api/ai/tests/test_emlis_ai_evidence_ledger_service.py,2275,7f163054,047d0510a7ab099108816ae7f104388df8bf01de50c383601770d49b5114a6dc
mashos-api_11(17).zip,mashos-api/ai/tests/test_emlis_ai_gate_binding_contract_v2.py,4399,26f6ec27,15aab6f2413d621024d1f7e681278d55e353ce129789363ae876c2de4e81cf6b
mashos-api_11(17).zip,mashos-api/ai/tests/test_emlis_ai_gate_binding_reflection.py,4649,cc2874d6,878a01e685d0b985351fe9722bb8391e68b24d45d4859c109cb35516f91fbadd
mashos-api_11(17).zip,mashos-api/ai/tests/test_emlis_ai_gate_recovery_loop_phase20_5.py,11955,8138c380,a9036c05a24796516939b6b73f75b19464149c3d2d52e91ba4dd8fd8d3d56d34
mashos-api_11(17).zip,mashos-api/ai/tests/test_emlis_ai_gate_recovery_low_information_recovery_p6.py,11864,d84d91ad,b73126f1721940269f12f527dfbc132faf3709a62f208243f0364b4335226c2e
mashos-api_11(17).zip,mashos-api/ai/tests/test_emlis_ai_gate_recovery_normal_observation_rebuild_boundary_p2.py,13460,e08a94fd,456a57e075ef95dd1636064f1e54fc28cffb4e77c92c12b59ba9c39ef794762b
mashos-api_11(17).zip,mashos-api/ai/tests/test_emlis_ai_gate_recovery_normal_observation_rebuild_builder_p4.py,10365,d4581728,10d4f71353063ead0f700b241369f6c7c1a2f2e6204ccf5f76b3d8ad54f6aabf
mashos-api_11(17).zip,mashos-api/ai/tests/test_emlis_ai_gate_recovery_normal_observation_rebuild_loop_p5.py,9198,b0100842,c2cc41307472d9219cb6236563b811a823f346a67df177ccd94265540f5a6352
mashos-api_11(17).zip,mashos-api/ai/tests/test_emlis_ai_gate_recovery_normal_observation_rebuild_p8.py,9213,8ea74886,c7422cbc6e16622f45aa37b3f495fbe61a08ec97ee9c3a312c2cdf0846bbcd02
mashos-api_11(17).zip,mashos-api/ai/tests/test_emlis_ai_gate_recovery_original_candidate_repair_p7.py,17527,fb2f224b,f454cbeceda8a80f5219c258cc2040fe30b73704bf92d388b48c88625e50f7b5
mashos-api_11(17).zip,mashos-api/ai/tests/test_emlis_ai_gate_recovery_public_boundary_decision.py,13102,a37b23da,9e1936ee9bd14798e1ea84562ac59cf1d3cc9b33d8541676a76b4f83e4880230
mashos-api_11(17).zip,mashos-api/ai/tests/test_emlis_ai_gate_recovery_public_candidate_builder_p3_plan.py,10784,ca6aef73,2b735412a563cdf110455452a2ed310833a3fb0f63fb08871e2269ebe335b358
mashos-api_11(17).zip,mashos-api/ai/tests/test_emlis_ai_gate_recovery_public_candidate_builder_p5.py,19159,a18db972,8ed820e931c298ca69f34ceb9aee63a7d904027e1d073a5af255631006c7740c
mashos-api_11(17).zip,mashos-api/ai/tests/test_emlis_ai_gate_recovery_public_surface_boundary.py,16755,9fef28e7,95cf57746c8e6b0163be745234f68d053eb1ef8111eac13e468d9c555bb803bb
mashos-api_11(17).zip,mashos-api/ai/tests/test_emlis_ai_gate_recovery_public_surface_validation_plan_p12.py,14834,3c6a64cb,2483f3ef59cb7e75f435cef2a42bdf828e78a426effa6540a754fffce660fba0
mashos-api_11(17).zip,mashos-api/ai/tests/test_emlis_ai_gate_recovery_surface_phase20_15.py,10886,360744a8,346bd2cc569b33f7872df238761890ab2c1e9fd93acd01500d89d49c98dd3259
mashos-api_11(17).zip,mashos-api/ai/tests/test_emlis_ai_generic_sentence_surface_realizer_phase20_6.py,11923,63e0312e,b4367fd6dd76eb4a84206b50ac527d514d25f157f2174e13720740550c51b4df
mashos-api_11(17).zip,mashos-api/ai/tests/test_emlis_ai_greeting_state_store.py,2269,ecddf7f2,95ac726ca2c507e5f0bb0ecdb46f293699059397d8a2512fb1ecfc7e5ec7d6df
mashos-api_11(17).zip,mashos-api/ai/tests/test_emlis_ai_human_follow_selector.py,14941,1982e1d1,aad2cb2988754b9f4e25b788a659bf166c41e1fca9ee7fc0606ed97b31ae85fe
mashos-api_11(17).zip,mashos-api/ai/tests/test_emlis_ai_input_material_bundle_phase20_3.py,13453,8fd22ac5,2c7fae416848d7f2cf0f60f4633c22013c14110897076388f7d7e3e3a49a137f
mashos-api_11(17).zip,mashos-api/ai/tests/test_emlis_ai_input_meaning_block_service.py,2537,00d56cd2,9de56d178ee5c1ddff9bc83b8fefec08979be1943736e8bae3e7d1ee63ffd7d9
mashos-api_11(17).zip,mashos-api/ai/tests/test_emlis_ai_internal_question_service.py,9201,bbd7d7f4,54f77aafbd21d5a2f982f5294fe6010ec4f8d8ca95fa23728bccd87ad561968b
mashos-api_11(17).zip,mashos-api/ai/tests/test_emlis_ai_labelled_two_stage_surface_recomposition_p6.py,10838,a2ba5f8d,c547a3d747618c0034af295dab9cb94566a0de8d93e84ee897cf8588ae8cb9cb
mashos-api_11(17).zip,mashos-api/ai/tests/test_emlis_ai_limited_addressee_repair.py,4393,42eb6b79,c8fd1099c70ce4a75cddf743a5b259bf523126f5e700e467159b9fe1ff4aa045
mashos-api_11(17).zip,mashos-api/ai/tests/test_emlis_ai_limited_composer_client.py,39397,7c45e692,d893261df4d79771f24215fb1034f36b3b0b7b3887cb715c8d99b4fb73ba87b0
mashos-api_11(17).zip,mashos-api/ai/tests/test_emlis_ai_limited_composer_extension_exit_gate.py,9416,8030a499,d06a58fe57f0f22fb42dd9a348ba9c4d02df32d18dfd49325d2418bcfd1b0ac7
mashos-api_11(17).zip,mashos-api/ai/tests/test_emlis_ai_limited_composer_extension_steps_0_1.py,9004,855264f7,e6790ac7e92bc29c1985ae95cd28db458d98f33673aa9bda90638b4a40b38435
mashos-api_11(17).zip,mashos-api/ai/tests/test_emlis_ai_limited_composer_phrase_unit_material.py,5833,b94b6f1a,c4d9a42f1b2505e374654ef7b741c56a21be1991b4df442ab37efddcf4621f3b
mashos-api_11(17).zip,mashos-api/ai/tests/test_emlis_ai_limited_composer_sentence_binding.py,4105,591bbd2d,e21654f73a903e3e11c6a819ebb05b5f2e01714f9983f9c05482fbee6e6ec272
mashos-api_11(17).zip,mashos-api/ai/tests/test_emlis_ai_limited_observation_scope_service.py,10066,39a3ad45,3fcdbb06cea252dbd6f0e98c180319dacd0850e71cde9761a251a6c943018839
mashos-api_11(17).zip,mashos-api/ai/tests/test_emlis_ai_limited_previous_rejection_reasons.py,1850,99e96070,8ac51637f68b6a97a68e057fe30d7d9943d78738c310a74514acbe0f211bed17
mashos-api_11(17).zip,mashos-api/ai/tests/test_emlis_ai_limited_reader_previous_rejection_reasons.py,4384,485eb535,5833c1dfb596232dc59e04965563493c9b5bc7dcf8017598676dc02d58100640
mashos-api_11(17).zip,mashos-api/ai/tests/test_emlis_ai_limited_reader_repair.py,2605,9558d4da,855e7d940ed7e9a2e4ba11c510306ceaa784013d0df56b116588397d01e6a660
mashos-api_11(17).zip,mashos-api/ai/tests/test_emlis_ai_limited_reader_repair_core_hook.py,4191,ea748a6b,c4aa594268f2420f6ac10e4952d4449414df5489979a2749ccb4a468d397b303
mashos-api_11(17).zip,mashos-api/ai/tests/test_emlis_ai_limited_reader_repair_diagnostics.py,9707,a3610514,11eb247f1d5f0236b8d87fe1d60c3eb9b2f7b613a9671dd9b02a9774a2c7bfdf
mashos-api_11(17).zip,mashos-api/ai/tests/test_emlis_ai_limited_relation_taxonomy.py,6470,83c18037,648a7fe34759bd82bb6f299d53d253d96ee215ce7c4ddad336cfe25e8d5cac3f
mashos-api_11(17).zip,mashos-api/ai/tests/test_emlis_ai_limited_surface_realizer_stabilization.py,5216,da3b5752,c04da9210bd9f7333b880b333abafa54ef4deff69bbba5aa3d836c8c1c05d4fa
mashos-api_11(17).zip,mashos-api/ai/tests/test_emlis_ai_listener_reader_addressee_contract.py,2262,18f5d0f9,d420bc864a7fdf348a4e83d26a14c2e5758baab509754d83cd3c030a947e1483
mashos-api_11(17).zip,mashos-api/ai/tests/test_emlis_ai_listener_reader_relation_not_over_relaxed.py,1584,21dc0ef0,34ef76351bf85946f02107815fb61c28bce11954bf86f0959c05d507c2de0e9b
mashos-api_11(17).zip,mashos-api/ai/tests/test_emlis_ai_listener_reader_relation_surface_contract.py,1760,fedc341b,c2f0cd0db4fda27ac84b009c9f07a85ed936a982dceca4228d57aaf94e9b7405
mashos-api_11(17).zip,mashos-api/ai/tests/test_emlis_ai_long_input_depth_reply.py,1280,7ab224ab,eca07664d08470838eb6ed60922bfecefccfab75e96abe4262f943dc51793ca5
mashos-api_11(17).zip,mashos-api/ai/tests/test_emlis_ai_low_information_observation_composer.py,13674,5bff4e4a,258d4442a8521389bd8f7efbd272428e571df70520bf613fe7dfd88aeb829219
mashos-api_11(17).zip,mashos-api/ai/tests/test_emlis_ai_low_information_observation_phase20_4.py,8706,c55207d8,a0e872f902ad0e0f3098342b7bbd4bc46823f6760885b5714955f866f2d28a54
mashos-api_11(17).zip,mashos-api/ai/tests/test_emlis_ai_low_information_red_cases.py,3316,99424bf4,757dc45de3d14b5a93244759618bc074bc3b2d32f58ae85bf2837bf3b3b58f9b
mashos-api_11(17).zip,mashos-api/ai/tests/test_emlis_ai_low_information_specificity_policy_step6.py,6828,9579afb5,d586c626319fc9ccd21e3a1f96eb4d7b43aaee3df4696d95bc006193034b1025
mashos-api_11(17).zip,mashos-api/ai/tests/test_emlis_ai_low_information_tone_profile_step5.py,6421,546789de,56ea50c40d7533efd7d0b7409a644711042a51049f73a3b2a9ae3b17373a404e
mashos-api_11(17).zip,mashos-api/ai/tests/test_emlis_ai_malformed_nominalization_phrase_unit_guard.py,12334,b6c7fd21,793d9d46578f72a3c3c74500f4a1c4a0021f1d45da24901fcd572125f005256d
mashos-api_11(17).zip,mashos-api/ai/tests/test_emlis_ai_mirror_only_surface_detector.py,10868,5089d06b,eedd3cd14dde700639c6b8acb4e3e07dd76977f721b14420c67ebe2e13b9044d
mashos-api_11(17).zip,mashos-api/ai/tests/test_emlis_ai_multi_perspective_pipeline.py,31505,445b5451,baceb75f38310b86c76b99276e8652bb4f8a8b6b2742d2c8062f6528dfc25efc
mashos-api_11(17).zip,mashos-api/ai/tests/test_emlis_ai_observation_current_display_contract.py,5974,2b96d546,023c9ee290d017bd4a6d197863ea9ca5e2a4acccc23c6d7fd36f4ba3892fe5b5
mashos-api_11(17).zip,mashos-api/ai/tests/test_emlis_ai_observation_diagnostic_backend_step5.py,14744,14485c1a,7bda22be0558bf5c617f9add5cd29e149e5cfa8e99f16a6a2787d3e343d3956b
mashos-api_11(17).zip,mashos-api/ai/tests/test_emlis_ai_observation_diagnostic_branching_step8.py,10112,9ac44f6c,a174ddb7bb8ac1383f62d2a26506370da292f5b7228cbdbee1d14e60fbfca178
mashos-api_11(17).zip,mashos-api/ai/tests/test_emlis_ai_observation_diagnostic_compare_step7.py,23801,678ad91a,533c07b1fd2b75ba7b124de98b1c594154982750a1991f46db56997d2442e4e9
mashos-api_11(17).zip,mashos-api/ai/tests/test_emlis_ai_observation_diagnostic_lockdown.py,10914,cbbbf878,248705e069b61381ad4959dfb2e18de279c02fb5784c81914b0dbf75751d7088
mashos-api_11(17).zip,mashos-api/ai/tests/test_emlis_ai_observation_diagnostic_lockdown_surface_gate_step9.py,13093,3caaafb0,7ee120ab3720b7b3e6757b7911388d50c1c701c16d940195044ecda6ca73a648
mashos-api_11(17).zip,mashos-api/ai/tests/test_emlis_ai_observation_diagnostic_reply_meta.py,8107,279d08d0,03b8f272de65806f7492734cab2214b30787b85d94dc57564f7cf66ff86178c5
mashos-api_11(17).zip,mashos-api/ai/tests/test_emlis_ai_observation_dictionary_loader.py,7879,ecc0e78a,6306d5d8baa9f33f667d7ca7b240ecc7ecc84421ca4c7e5660fc75085f066344
mashos-api_11(17).zip,mashos-api/ai/tests/test_emlis_ai_observation_display_repair_integration.py,15048,8197eee9,f6c02e7dbe2952948a17a1dba76d94a60dabe043baf098d0efed079d0414a42c
mashos-api_11(17).zip,mashos-api/ai/tests/test_emlis_ai_observation_eligibility_daily_reception_phase5.py,7630,2ac76168,f3b183c40055f3f2f21b3798e526cf798e85f5c53fbdd04d96cffe166f9ff819
mashos-api_11(17).zip,mashos-api/ai/tests/test_emlis_ai_observation_eligibility_service.py,8597,d5ad021c,7c606c71f6eb9e5a1ce986b2d4029da727b7bfed846d814aea292d0d215a8d7e
mashos-api_11(17).zip,mashos-api/ai/tests/test_emlis_ai_observation_exit_gate_handoff.py,9366,abde275e,167f318c53a78f96d23a2899b3df47538ed5f4cbd81fc28070721e0d05f165f9
mashos-api_11(17).zip,mashos-api/ai/tests/test_emlis_ai_observation_frame_service.py,3028,1722b3dd,7d485bd1e3381dd690f44c0a56e9b32235ea9d768a2233a3244b845ec328a7e9
mashos-api_11(17).zip,mashos-api/ai/tests/test_emlis_ai_observation_kernel.py,4017,505d57bd,31317084f8622d356aa365dfb4c7d3b51a417b4cb79bb3168e26bd8f2501fc1b
mashos-api_11(17).zip,mashos-api/ai/tests/test_emlis_ai_observation_kernel_companion_language.py,1047,e0454b53,87ad4fcd846596db459bcaf1a04793f2688b02cb8776b71441a9fedbf4aa940d
mashos-api_11(17).zip,mashos-api/ai/tests/test_emlis_ai_observation_material_connector.py,10641,1c360ab8,4f0a0748345fcce6cb40d4688295d039a5610b61a234056445f816ed32e2057d
mashos-api_11(17).zip,mashos-api/ai/tests/test_emlis_ai_observation_regression_fixture_coverage.py,18620,9075cf52,ccdad59a2bd9b3caa6c4f2e04e955365b600171b0be8fe4e35e25f3ccef0fd41
mashos-api_11(17).zip,mashos-api/ai/tests/test_emlis_ai_observation_reply_contract.py,8813,dc136f81,4e79ebea4365501a6fbea1ae7f9c717cea20fb6bd2c694bde7bd5c0f1f2c8922
mashos-api_11(17).zip,mashos-api/ai/tests/test_emlis_ai_observation_rn_optional_meta_contract.py,3502,1254c713,5aca373e131f69ee1adaf4bb771e131b70dfe52b51d0f794a6db859f0d13070e
mashos-api_11(17).zip,mashos-api/ai/tests/test_emlis_ai_observation_scorecard_blind_qa.py,11735,a954a3f6,b19c2f98a1e3ccef5c2b06cdc5ad811d635aca15407e922fa31bfdf1b44a15b9
mashos-api_11(17).zip,mashos-api/ai/tests/test_emlis_ai_observation_sentence_plan_roles.py,9320,f2804be2,1329ea25aec575776e033101842e53164bd9ecc40e30498e95468f47e88ea3b1
mashos-api_11(17).zip,mashos-api/ai/tests/test_emlis_ai_observation_structure_dictionary_loader.py,11635,06285210,5e2e3416fb99ec2c2cf219c2e5e8691952207657b1e7e2e656159304f07aead3
mashos-api_11(17).zip,mashos-api/ai/tests/test_emlis_ai_observation_structure_dictionary_schema.py,11923,208b78a4,f80a27264da62828e81c5a2436b1e5c40cfc1b903b6739fe90ed5ca6fd942ab0
mashos-api_11(17).zip,mashos-api/ai/tests/test_emlis_ai_observation_structure_phase4_connection.py,19846,13581b17,a8f9d774d3e4161da29462f171c135a02f4d66af1b7923b50c38a3dd55ed8da8
mashos-api_11(17).zip,mashos-api/ai/tests/test_emlis_ai_observation_structure_phase5_fixtures_blind_qa.py,17054,ad5d225b,7dcd93352136080dc56a7dda50e2f52939c4a28d249652c0b8bdef1a28659c98
mashos-api_11(17).zip,mashos-api/ai/tests/test_emlis_ai_observation_structure_phase5_limited_use.py,16625,86c9b72a,8ef955f54ae8e6ce89b7921dad2c38f8d30630f6598b7ca9b2c9052df07e734a
mashos-api_11(17).zip,mashos-api/ai/tests/test_emlis_ai_observation_structure_phase6_forbidden_inference_meta_contract.py,10581,29f850c8,75400d3ceef1e284f2869e6b0ef29354a20a04eef2be5faeb140d94716db2468
mashos-api_11(17).zip,mashos-api/ai/tests/test_emlis_ai_observation_surface_realizer_tone.py,13654,92e44d40,1e0b6b48beec16e77b33d96f69ce046c80706cfc1a6cde58be6a517a4e7f3f35
mashos-api_11(17).zip,mashos-api/ai/tests/test_emlis_ai_perspective_board_integrator.py,3538,f0c1e773,2ec5b923be986e0f0c5e7836f7dd6bd009bb045a02c9e78efee72756c2a85f0c
mashos-api_11(17).zip,mashos-api/ai/tests/test_emlis_ai_phase18_complete_initial_candidate_path.py,4867,f5b9f763,72c434e7d78190f43b3d7c49fab68891968676ce7a4555e764963a64f534cbfa
mashos-api_11(17).zip,mashos-api/ai/tests/test_emlis_ai_phase18_daily_unpleasant_mode_context.py,5476,e2b31cc4,8b837025502b755cd8d95395fd26d58dc8f45a6bb5430c7db732f775687dfc4c
mashos-api_11(17).zip,mashos-api/ai/tests/test_emlis_ai_phase18_diagnostic_classification_taxonomy.py,9717,62632644,cc29f675d2f8da7820939510f43bde8e5254d669253ccc257f38d1ab34a84e3a
mashos-api_11(17).zip,mashos-api/ai/tests/test_emlis_ai_phase18_low_information_public_repair_boundary.py,13022,efd91d59,9569a8a3a662831235ff2489b1aa4e3127b20b4d929217d59ea313ce82d1f904
mashos-api_11(17).zip,mashos-api/ai/tests/test_emlis_ai_phase18_product_quality_stabilization.py,7164,572b1cb9,d666d14f3b3e81ae75c95ca53f89ddb187785263a3c55c0a356be50f92948489
mashos-api_11(17).zip,mashos-api/ai/tests/test_emlis_ai_phase18_state_answer_surface_contract_meta_sanitizer.py,4842,68b453cd,79ca1eeb4e12528ae65b40e234b7c565da1b27cea379022d08e620246b4375de
mashos-api_11(17).zip,mashos-api/ai/tests/test_emlis_ai_phase18_two_stage_applicability.py,7135,f60a7bb9,165135cf148ec9ceb025d5cdf24317087fb9aff89e458fa390978670ba91e675
mashos-api_11(17).zip,mashos-api/ai/tests/test_emlis_ai_phase18_visible_readability_quality.py,8150,e73e9850,c6989aa2ed04d852f571f3a60b17206e02e56170ef70c1ab23d52f88e3562030
mashos-api_11(17).zip,mashos-api/ai/tests/test_emlis_ai_phase19_public_feedback_matrix.py,7994,9193d0bf,33e1d20c72686bd7e2ca834bd72811f1a0d0ae107d7479e18778a7f1e4f29747
mashos-api_11(17).zip,mashos-api/ai/tests/test_emlis_ai_phase20_10_real_device_recheck.py,11870,8b8d48be,2ef37b6a8de212305d0b7fb3874fdd0aed7dccceccf583ebcb12591f782deeb7
mashos-api_11(17).zip,mashos-api/ai/tests/test_emlis_ai_phase20_7_public_boundary_rn_contract.py,9055,0cc4a202,1a03cb0de8c7846e3f0e7ff4e4f933ef14158984a1bf97d248fef4f3cfdecea0
mashos-api_11(17).zip,mashos-api/ai/tests/test_emlis_ai_phase20_9_phase19_withdrawal.py,5262,94586d6f,fb96389f117b847a7994d635e727ef3ee6e7bf86a9b5b9641f663938fb56346c
mashos-api_11(17).zip,mashos-api/ai/tests/test_emlis_ai_phase20_phase19_diff_inventory.py,5210,207c26a5,66844c14fab8f5a1484949f866bfc30e900592dd1e329f0ec4f3af7e7a1e4417
mashos-api_11(17).zip,mashos-api/ai/tests/test_emlis_ai_phase6_regression_contracts.py,12402,2fd93c5a,bbf2cf32a87e1e0962e9cff7a02d1609bae7d65a802d0d99a0689a3bf5f59a18
mashos-api_11(17).zip,mashos-api/ai/tests/test_emlis_ai_phase7_staged_release.py,12127,9c5e2bcd,353dfc1659e820887f30e154aaa148839baf43cab1c958510555da4aeecf24a3
mashos-api_11(17).zip,mashos-api/ai/tests/test_emlis_ai_phase8_real_input_quality.py,24869,ffaaa992,7ff5a79cbc5a8273ba2b0dfb696fc107f265a3bf2cf930f14b9f850a45820121
mashos-api_11(17).zip,mashos-api/ai/tests/test_emlis_ai_phrase_grammar_guard.py,1358,1e9f0c4b,bf6a6c45100a85f2f4fd87a492d06667c9a4869e9d0dc0cd3ff2f229bbbffa3c
mashos-api_11(17).zip,mashos-api/ai/tests/test_emlis_ai_phrase_shaping_service.py,1969,88241dd3,8ca365960263b20ffdc95ee1b3d4f3a274533cbb47c739422a4fdff7f6796d65
mashos-api_11(17).zip,mashos-api/ai/tests/test_emlis_ai_positive_recovery_relation_baseline.py,1196,8e4f0f9c,2c02208880f54957ff7a45e3d517e14fb9173c94714fa67424f37a01751a4b9e
mashos-api_11(17).zip,mashos-api/ai/tests/test_emlis_ai_positive_recovery_relation_diagnostic_connection.py,8374,e077fb9a,8da730260f7657dfb971184fedc6dfa7ea6a364720272fbcd6c8eb05c1aac83a
mashos-api_11(17).zip,mashos-api/ai/tests/test_emlis_ai_post_final_gate_recovery_phase20_13.py,31375,53ce6398,b3b375a65fe892dba4d2f4f4df90775de6b3ef2afff1aea9bb7b9d66cca60d2b
mashos-api_11(17).zip,mashos-api/ai/tests/test_emlis_ai_product_quality_blind_qa_integration.py,11030,debe51e3,1e12185c3873d6284a57fd436ba77cf99e5b2d738da01e33a6422dae7b4d5543
mashos-api_11(17).zip,mashos-api/ai/tests/test_emlis_ai_product_quality_blocker_matrix.py,8329,14d1cf3e,267245efde1c1cd4a282570de258d22c54185dbcce5898ef00bc3e06b1055170
mashos-api_11(17).zip,mashos-api/ai/tests/test_emlis_ai_product_quality_gate_recovery_repair_design_p9.py,10674,81d6d5eb,a43990691cc1806b7588f63531812caa62f9b586a0e4033435955949c7544347
mashos-api_11(17).zip,mashos-api/ai/tests/test_emlis_ai_product_quality_generation_repair_design.py,8725,e7b72698,385f22c89c9414f8ee6791466517e84b2f8105b439494f34e8afb76c651ac674
mashos-api_11(17).zip,mashos-api/ai/tests/test_emlis_ai_product_quality_measurement_event.py,10251,f4eb60d1,841efc290df03613d4fab670411b9dbe7ce66174d972bd4dc0039b0d5686e27d
mashos-api_11(17).zip,mashos-api/ai/tests/test_emlis_ai_product_quality_measurement_runner.py,7408,12de1aac,8d46d044ad53b725c734a59c0b03e5c49e6a414212fc5b8f5049128a07a8db17
mashos-api_11(17).zip,mashos-api/ai/tests/test_emlis_ai_product_quality_normal_observation_rebuild_p7.py,9036,f00ced37,80c7c9d432275261abcb3166a1e5fb28e4d14592680d2f0c388689e3a8ab84e9
mashos-api_11(17).zip,mashos-api/ai/tests/test_emlis_ai_product_quality_phase0_contract_freeze.py,6831,86413e1a,9b320318538d57162a0f4e8bf9a49d70031e6c44c038845cb542d82e8eb8b7d3
mashos-api_11(17).zip,mashos-api/ai/tests/test_emlis_ai_product_quality_phase1_local_composer_bootstrap.py,5633,a53337d6,fb5b56d8b286eb33adb091c263884e940d8237c91840e2d7389c8656e82d58d4
mashos-api_11(17).zip,mashos-api/ai/tests/test_emlis_ai_product_quality_surface_origin_p8.py,18930,6ffe59bd,c0f5c55f65366e9d0adb50669268b85f853cc906fc9dc090525688c62a23334f
mashos-api_11(17).zip,mashos-api/ai/tests/test_emlis_ai_product_quality_validation_plan.py,9707,828d5e7b,398ca01fe38e1cc874a8a7090ecd2929b0fbb8efd3b1274d01561398f1bd4ac7
mashos-api_11(17).zip,mashos-api/ai/tests/test_emlis_ai_product_readfeel_current_output_inventory_phase1.py,9389,b40143e6,fce0bf89cbfb15c113ce5b1c6146cb571944ed624ac438ffc1308bdfd88f32f7
mashos-api_11(17).zip,mashos-api/ai/tests/test_emlis_ai_product_readfeel_fixture_families.py,8246,24131911,7d9ecf4ada7c59c0553e9ac10735e311744a15990c6a3bfd783590de9896c399
mashos-api_11(17).zip,mashos-api/ai/tests/test_emlis_ai_product_readfeel_phase11_long_run_product_gate.py,11439,2044c52b,80ba715b161c91ab5f9b135ece40ac2890f2a9a756da14bded93224ac8566661
mashos-api_11(17).zip,mashos-api/ai/tests/test_emlis_ai_product_readfeel_rubric.py,10431,07f6a129,282056a5f265cc335471440248fc656accddb5c4e0c0b8297cbbf5c44aec364b
mashos-api_11(17).zip,mashos-api/ai/tests/test_emlis_ai_product_readfeel_scorecard.py,10702,91956afd,c45a6104691f8d3e40a096eb2e9f6400ff2e920ec0247aafe109bb229264d03f
mashos-api_11(17).zip,mashos-api/ai/tests/test_emlis_ai_product_readfeel_surface_v1_phase5.py,10819,0a8573b0,5bd420f8c35854676bd89f605b65e508850144f2b7b605649bb51f25b0d87192
mashos-api_11(17).zip,mashos-api/ai/tests/test_emlis_ai_product_release_decision.py,12748,6eaa0d27,2b2471aef079621ab1bb96fe325815842d9e495b4866c3913eb7703f080ada40
mashos-api_11(17).zip,mashos-api/ai/tests/test_emlis_ai_product_surface_validation_p3.py,11260,153d6e27,3d1eef59f050c1c3dcebd7fd0f93da80737ea0edf7653e395254c93ecddba541
mashos-api_11(17).zip,mashos-api/ai/tests/test_emlis_ai_public_boundary_phase20_7.py,8005,e3792800,375b72451f68ba2541d34532e098b2f3555c4f8ac6e0a066425a5d756162db28
mashos-api_11(17).zip,mashos-api/ai/tests/test_emlis_ai_public_feedback_meta.py,42190,3c02b90e,2ce97dfb8da385d432a63c794ac7d89dc2325bdcc03116474150fd7b11299193
mashos-api_11(17).zip,mashos-api/ai/tests/test_emlis_ai_public_meta_product_quality_lineage_p8.py,11788,3ce0ba17,be8606f9f792a655b1a9e34346c2ca50bc9e08d85045be480db78aa86ed3d341
mashos-api_11(17).zip,mashos-api/ai/tests/test_emlis_ai_public_observation_recovery_acceptance_p0.py,8409,cb7378d2,91904f9bfc3f69957a667a9c70c6b8395251901b2305a27d0206476d587b337d
mashos-api_11(17).zip,mashos-api/ai/tests/test_emlis_ai_public_surface_requirement_p1.py,8806,a031e8db,8024f9fa35a317a421f23b8a0ed2f90d107b5e9165ad8e474afeac73070c6c4f
mashos-api_11(17).zip,mashos-api/ai/tests/test_emlis_ai_quality_gate_pre_return.py,1284,a7eff108,629e9bd88dde819e6aa43b7f59afe011820a1982987e328c9b581508d622bee2
mashos-api_11(17).zip,mashos-api/ai/tests/test_emlis_ai_real_device_gate_recovery_regression_p11.py,19219,009dd3ac,5a3958a409b6a16a0ff4a29f5ef888f7ca37fa3a6b66e77db20188ff278662c4
mashos-api_11(17).zip,mashos-api/ai/tests/test_emlis_ai_reception_assistance_dictionary.py,13500,c54ee9b8,4e411fa3916f0f2209685d69654d2728d3011b0d73653ee26465e72dca7f2f39
mashos-api_11(17).zip,mashos-api/ai/tests/test_emlis_ai_reception_mode_resolver.py,9076,b70fdd10,72d41b4755a82840282f8b4d312cfa5f8804599addca39419d6385fc39ed1b86
mashos-api_11(17).zip,mashos-api/ai/tests/test_emlis_ai_relation_surface_contract.py,5524,5e4016c9,95b1a666a8caa21790a47a3fffacd8c88aee19645ebbce725470f9e3ed1158c4
mashos-api_11(17).zip,mashos-api/ai/tests/test_emlis_ai_reply_final_review_service.py,1366,d4ae9a78,b2238a7d228e73d9de9a1edc1672eeb827016d0cb26c39d057eff150f1dff029
mashos-api_11(17).zip,mashos-api/ai/tests/test_emlis_ai_reply_service_expected_relation_types.py,2980,18d3e764,2614c1b0fc4d6468571f44751581674af2bed7f0c7a8628c5ff5e6aaf6347407
mashos-api_11(17).zip,mashos-api/ai/tests/test_emlis_ai_reply_service_gate_recovery_public_boundary_p4.py,14507,a65b69d2,e5a09baa6116f24fab58f9308b85fcc888fbf19e3e6ac589d4d632e37c456982
mashos-api_11(17).zip,mashos-api/ai/tests/test_emlis_ai_reply_service_normal_observation_rebuild_p6.py,16090,cb02cf70,db04e257016b89cef3c7192188441de684754bd9d1f9057fd773e5e62577913d
mashos-api_11(17).zip,mashos-api/ai/tests/test_emlis_ai_response_composition_self_sacrifice.py,1241,a83aa36a,8fe5800692b512ee95afd687f88a4cc33e5e0027c08cfa900cb3658744143370
mashos-api_11(17).zip,mashos-api/ai/tests/test_emlis_ai_response_composition_service.py,2196,03eb9e3c,d06ad8680273fd557dad1038b1b8c757baa9118fc8119d2f1297ed3002ca2f2f
mashos-api_11(17).zip,mashos-api/ai/tests/test_emlis_ai_response_contract.py,10100,414216df,4214c1aedf8d3e46028df82525f300fdb4767a25e4fc31192bbc609a1b6fa78e
mashos-api_11(17).zip,mashos-api/ai/tests/test_emlis_ai_response_contract_qa_matrix_phase20_8.py,12298,282333ad,b1195efc4c9005f8a0198044d39be5dbe0b570a24e4642234a25f8472bcd6b8d
mashos-api_11(17).zip,mashos-api/ai/tests/test_emlis_ai_runtime_surface_blind_qa_long_run_step11.py,8980,7f57cf6e,e01353a32204ba496c58f25a54c220649dde8b9a01197e3bc4909cea772d03a7
mashos-api_11(17).zip,mashos-api/ai/tests/test_emlis_ai_runtime_surface_complete_activation_branch_step6.py,12664,a80e6b35,080a43ffd3f3b632738ea8295312aa6042f38206e3b1cd89b95bb3fc871d8fc7
mashos-api_11(17).zip,mashos-api/ai/tests/test_emlis_ai_runtime_surface_coverage_baseline_step4.py,9300,46f99b5f,49c094c96885e86c7da933b446f71cfeba6e7dcdc679133cbdc8a7ea52e06a80
mashos-api_11(17).zip,mashos-api/ai/tests/test_emlis_ai_runtime_surface_diagnostics_scorecard_step8.py,7825,8191af6c,6ca8c1f255a5f0484eddb746aac1f01b3c552d010bb161ed9460a7c8355bb5c1
mashos-api_11(17).zip,mashos-api/ai/tests/test_emlis_ai_runtime_surface_exit_criteria_step10.py,10190,12d6055b,09ef929b8c64ea41a29b3fa6b3e0c46f68f1c7d3caa6067bb24d0101e46bc8cc
mashos-api_11(17).zip,mashos-api/ai/tests/test_emlis_ai_runtime_surface_exit_gate_step12.py,9593,7e0a7c62,11b5481462b8fc8fb4288578870d57a6c65eee74653c545a9d6aabf0427011da
mashos-api_11(17).zip,mashos-api/ai/tests/test_emlis_ai_runtime_surface_phrase_unit_grammar_normalizer_step8.py,6717,2f787134,656d530ff2abb03497465814b48998beeb932f37feb748e1343a137dfba4f88e
mashos-api_11(17).zip,mashos-api/ai/tests/test_emlis_ai_runtime_surface_pre_return_gate.py,22393,b9bc1caf,ccdd46bcde177289827d5489451ff6e69a57c3aae3b69468e3407f122c881cd6
mashos-api_11(17).zip,mashos-api/ai/tests/test_emlis_ai_runtime_surface_pre_return_gate_step2.py,5250,c07acedb,d8341d19c2c0ab90cf824bf2017c84ac96fdda6f292fef1d2ee92c1c64be3990
mashos-api_11(17).zip,mashos-api/ai/tests/test_emlis_ai_runtime_surface_quality_branching_step5.py,12655,7d778c65,6698a7e809ba1578512c867eae93afda39c90742ea4a2365df9fc01fcd34f261
mashos-api_11(17).zip,mashos-api/ai/tests/test_emlis_ai_runtime_surface_quality_contract_inventory_step0.py,15670,d595b30b,eb436d6f9e45597c9cdcd52e1c072e6587e75dad4cbbf0c048d76f3fc9c55d0e
mashos-api_11(17).zip,mashos-api/ai/tests/test_emlis_ai_runtime_surface_realizer_anti_template_step7.py,7534,c86b6b7e,88bc259391a5c59cb821853690dcb55285950d39396a1d76b8a7dbae4af52b46
mashos-api_11(17).zip,mashos-api/ai/tests/test_emlis_ai_runtime_surface_regression_qa_step9.py,20908,971fc0bc,0f4652a0d9739f2cf35f143dfe098bc1d8725096a4a55da80560ed0b97227c88
mashos-api_11(17).zip,mashos-api/ai/tests/test_emlis_ai_runtime_surface_scorecard_metrics_step3.py,8311,6b7a3684,ffbb129ea2a167ecfe8212b5459aebecf72684deb0e2023c9ecbdb98f26a74d9
mashos-api_11(17).zip,mashos-api/ai/tests/test_emlis_ai_runtime_surface_self_repair_step10.py,10895,e04fbc72,594dc3eb7f0ccf9c452f514166a4663975ccdb2a875bc6ab91a3567cdc57ce1a
mashos-api_11(17).zip,mashos-api/ai/tests/test_emlis_ai_runtime_surface_source_lock_step1.py,10253,aae2b574,551d9f82737b4e6d96b528d7d9b2013da9538f1fd0143eedbba3810410e8dec7
mashos-api_11(17).zip,mashos-api/ai/tests/test_emlis_ai_runtime_surface_tone_engine_2_1_step9.py,6938,a3e5014f,bb1c1cf0b3d64e7ef3c21f66503063af66b20aca92373b3dfca7b94e85635f47
mashos-api_11(17).zip,mashos-api/ai/tests/test_emlis_ai_safety_boundary_service.py,1836,a64aee83,94ee72cf58e4259b09b1e82c79cec0fe0e43b8e11ab83d0659f63493fb609d35
mashos-api_11(17).zip,mashos-api/ai/tests/test_emlis_ai_safety_triage_response_contract.py,6907,49341108,9076ceb48c82a7fbb35632ac15e1e0030f9a6110ac17f46f0fd8d59c20455c94
mashos-api_11(17).zip,mashos-api/ai/tests/test_emlis_ai_safe_daily_metaphor_material.py,10725,67ef5156,2559f158a42cc3aaec78b2eb564a2da56ce05a46408e9ce9cbf0cf1a2fb80408
mashos-api_11(17).zip,mashos-api/ai/tests/test_emlis_ai_scoped_grounding.py,9537,cc40ebc9,1465e5e10b54fd846ea06bd9d219badc66bf8b39176f51e99dcea6f2aaf8ef65
mashos-api_11(17).zip,mashos-api/ai/tests/test_emlis_ai_scorecard_harness.py,6322,6967f820,27e74381fe434242f62623b31e623deb3b56722b39af5a55933a816059a8f042
mashos-api_11(17).zip,mashos-api/ai/tests/test_emlis_ai_self_and_others_happiness_reply.py,1122,22ac2116,e1be4ef766432065c059784a1eee1f44cf066efa24606f7141b9769f20e06eac
mashos-api_11(17).zip,mashos-api/ai/tests/test_emlis_ai_shallow_phrase_unit_guard_step4.py,3618,7ecc136c,9ad198897f0d89c3c3e74d749ea2cf7189ba9cb1aaf6018956b894a77a0fa193
mashos-api_11(17).zip,mashos-api/ai/tests/test_emlis_ai_shallow_surface_realizer_v2_step5.py,4283,f6a6ba2b,5187634d4e0ad2f1a5f309675ad62ef1fb6be611871e64693679871f0b0881d0
mashos-api_11(17).zip,mashos-api/ai/tests/test_emlis_ai_shared_reception_evidence.py,9598,4acfdf13,fb387ac0a50028cad0a484942b1618854b80d10fdad832e41004ca7a8f2cfd9c
mashos-api_11(17).zip,mashos-api/ai/tests/test_emlis_ai_specialist_observers.py,3939,d576f5fb,b6c5c8179d071b90f0765265eba448ab5049b8fabf64ae7712679c90b144f77e
mashos-api_11(17).zip,mashos-api/ai/tests/test_emlis_ai_state_answer_composer_connection.py,16250,a110f2e2,c637cd8c9d74e51d2237296915869aabe47fe648a876b268a88c3d6f340fb231
mashos-api_11(17).zip,mashos-api/ai/tests/test_emlis_ai_state_answer_gate_boundary.py,7747,e423666f,427e035d44692330f4e72d773dfb752237e1b96a48f9f17d5e07ba3ab59299b2
mashos-api_11(17).zip,mashos-api/ai/tests/test_emlis_ai_state_answer_phase10_cross_contract_regression.py,13554,a841f406,f175afe6c9f977c7f731e7a085bd105b70493ee368aff85bb3c7155e995015e5
mashos-api_11(17).zip,mashos-api/ai/tests/test_emlis_ai_state_answer_public_meta_boundary.py,4600,6cb8075c,b8c2ccab3b9161e7b96a88c0ded961a3561fd323aefdded441efb866ecf6e97d
mashos-api_11(17).zip,mashos-api/ai/tests/test_emlis_ai_state_answer_ratio_policy.py,14945,fb6b9075,74640df09e3c6eea73b6971b1f4f2f7c6fa769dd29d356d973e5e1e920e7647a
mashos-api_11(17).zip,mashos-api/ai/tests/test_emlis_ai_state_answer_self_denial_and_anger.py,10777,6bd3f1b8,31a08b23b71e00ceb9b017717c5a97605c7fee919004438f5294b5df1a0e57b3
mashos-api_11(17).zip,mashos-api/ai/tests/test_emlis_ai_state_answer_surface_contract.py,15692,8f29297e,f51b755c87c631369019b0a4f0d87dbfa8951d4e5a481f8762475263d2b4e27a
mashos-api_11(17).zip,mashos-api/ai/tests/test_emlis_ai_state_answer_visible_surface_qa.py,25370,85591544,0513c2f273e0d92721f45200b1e84b6a44d8e832d5c167117bb80d6489d7f583
mashos-api_11(17).zip,mashos-api/ai/tests/test_emlis_ai_step13_surface_realizer.py,5252,e8d523f5,98d59b8f6e1831f2c0f47a6e0944497e282203f986d72b53f8ee3b3902c5f735
mashos-api_11(17).zip,mashos-api/ai/tests/test_emlis_ai_step14_guard_strengthening.py,7594,14b8ea10,4182b656fca72959d5e57300644d4d6306bde92d83090ee37b02fc80fe3ab42e
mashos-api_11(17).zip,mashos-api/ai/tests/test_emlis_ai_step16_rollout_metrics.py,8835,d8f06e41,b74c04874188e404c2e250facd6db5573cbaf1ff52cc26e0baa6e169b17df4e6
mashos-api_11(17).zip,mashos-api/ai/tests/test_emlis_ai_step17_broad_input_fixtures.py,12485,c106e06e,7c643c13893ef498230dc658ffccee3ac1033d509f2c0925b50bcf01022cbaeb
mashos-api_11(17).zip,mashos-api/ai/tests/test_emlis_ai_step18_ap0_migration_decision.py,16178,ef0a3ed4,47e4cd11d5d64b1fbb27c2f04660213e07309a6085396b5603399612d1ec8fd7
mashos-api_11(17).zip,mashos-api/ai/tests/test_emlis_ai_step19_a_plan_equivalent_composer.py,16275,981c1b1c,c8922e187351e0cb37ff8b67ab5fa9c5fa93cfde3a73589230588c9bebe257cb
mashos-api_11(17).zip,mashos-api/ai/tests/test_emlis_ai_step20_long_term_quality.py,13053,096a8ae1,42c214ea167cea2650000adf46891bf3038c83a263eded647cd678a34cb33c55
mashos-api_11(17).zip,mashos-api/ai/tests/test_emlis_ai_step7_log_cleanup.py,4803,54207d73,02e432974a1c5b50108a64824f1190af80eeeabdb8c88804a0115c3140ad2a41
mashos-api_11(17).zip,mashos-api/ai/tests/test_emlis_ai_structure_dictionary_update_operation_phase8.py,3987,7a92ff7d,052870ee488a8dc9035af481bb9153850ff3e52fee8d5ff7800acc365565549c
mashos-api_11(17).zip,mashos-api/ai/tests/test_emlis_ai_structure_insight_candidate.py,10659,a9d420d6,fe06e7fa0fdaa67474fbc7eb0343d1f26d4cf555ecfcdc808d00361e06e18a10
mashos-api_11(17).zip,mashos-api/ai/tests/test_emlis_ai_structure_insight_gate.py,14131,0e563ec2,83eaf41077b8d8b10711130a155af452fcbccf2d496ee7f8ec1087e5fa5fea80
mashos-api_11(17).zip,mashos-api/ai/tests/test_emlis_ai_structure_insight_surface_phase10.py,9297,fc3c0b9a,47bd2b37248fa1913ef6a45eaf7ba1a55a556378b634410a88a8d05a077fe80a
mashos-api_11(17).zip,mashos-api/ai/tests/test_emlis_ai_template_echo_guard_phase5.py,3602,1ea89508,dfb4b47913c6b0ef108bf02600324dfc36c3919ac70f5092402e74a5fdea2506
mashos-api_11(17).zip,mashos-api/ai/tests/test_emlis_ai_two_stage_phase16_7_gate_self_repair_unavailable.py,5700,3312f163,34b58e1759f5f0de6e3a19350a6691c70a1d447131a087c60ca926f33cfc0b36
mashos-api_11(17).zip,mashos-api/ai/tests/test_emlis_ai_two_stage_product_visible_fixture_completion.py,8752,9851717d,779327a4fda653592508f3b5a66fdbb5667e4dd04118e1a89388103bf7b44fdf
mashos-api_11(17).zip,mashos-api/ai/tests/test_emlis_ai_two_stage_reception_fixtures.py,15521,5cf4ddcc,7f94b229721932681ed9b70ce5bf0b1fdb38024b116b6e39baf25420cf5b4780
mashos-api_11(17).zip,mashos-api/ai/tests/test_emlis_ai_two_stage_reception_gate.py,9584,6759d6fa,2778636aa5737a5ad0bb6c05813b5349ff6cfd57db250b6391edc07a1d87949b
mashos-api_11(17).zip,mashos-api/ai/tests/test_emlis_ai_two_stage_required_gate_connection.py,6544,5f2786e9,8ec50959f4db2e2bb305318794c30be9a2c2832ef7727b8fea151a53cada389a
mashos-api_11(17).zip,mashos-api/ai/tests/test_emlis_ai_two_stage_section_surface_plan.py,7650,f3a62319,a4e32563e12c40e0ed4d78bf54c5f5b04f46f20e06e323518e3889f956c04b3a
mashos-api_11(17).zip,mashos-api/ai/tests/test_emlis_ai_user_fact_grounding_boundary.py,11111,edb34192,87a7d67e1a00d71c62eb66afaf592cf84cecbe527c4b019660d706790553beaa
mashos-api_11(17).zip,mashos-api/ai/tests/test_emlis_ai_user_label_connection_candidate.py,11512,b9a5214a,194fdf6f41dc401888962a236650e9bb6cdfa15e45792c4c1d2bfe411f36470b
mashos-api_11(17).zip,mashos-api/ai/tests/test_emlis_ai_user_label_connection_derived_model_cache.py,13813,30fa81e6,7078708b5898d8d51825ffd23efe198051b8cb1b1a7d41451f48535962a2a470
mashos-api_11(17).zip,mashos-api/ai/tests/test_emlis_ai_user_label_connection_e2e_contract.py,13710,ad9ac116,3505f3fc49e3a7d24ac2e08b2597726c243f139beb49db7675a3ca5b7cfca89e
mashos-api_11(17).zip,mashos-api/ai/tests/test_emlis_ai_user_label_connection_edge_family_score.py,8847,1b0820ab,78b981472f9a7bcff2a4a6eb9bfe48417d33f8d3bbf036b2f482178b5cd9f549
mashos-api_11(17).zip,mashos-api/ai/tests/test_emlis_ai_user_label_connection_free_tier_boundary.py,3507,351f94f3,28f8c59f44f3eb793f4715f071ef3c541a89138949f2f1068b2c1e22aff03d62
mashos-api_11(17).zip,mashos-api/ai/tests/test_emlis_ai_user_label_connection_gate.py,14199,25e64323,e811ea3b942697411c14bf401f3948442c334e0da76e43a2735a5bf63db63ff2
mashos-api_11(17).zip,mashos-api/ai/tests/test_emlis_ai_user_label_connection_low_information_boundary.py,4577,70fdb311,4fd3d4555ab287ab8fff8f481c06cf535ae34970d2ac8134beb60254f84c512c
mashos-api_11(17).zip,mashos-api/ai/tests/test_emlis_ai_user_label_connection_material.py,11288,147cbd3f,d16aeed63c2677c67f8f0d5eea90c0a398b53bf8f501f13fc2226cc8486cf12c
mashos-api_11(17).zip,mashos-api/ai/tests/test_emlis_ai_user_label_connection_no_raw_text_meta.py,3270,db9e22d6,b7d35d2177e3f9f2f32c97d5e58b966fae83dbc2862b2f440c70433da4f37aa8
mashos-api_11(17).zip,mashos-api/ai/tests/test_emlis_ai_user_label_connection_product_quality_qa.py,14663,d6c9779f,6c906b5564e22e68282236817efad80dc3cbe2afc1388303f289795eeeede174
mashos-api_11(17).zip,mashos-api/ai/tests/test_emlis_ai_user_label_connection_public_boundary.py,12961,6ca27588,23c920b82aef6674f2def1d1b85f3571a386cba127c31ae5abba07f46ef52155
mashos-api_11(17).zip,mashos-api/ai/tests/test_emlis_ai_user_label_connection_surface.py,18963,6d3547b6,9e5e2fb96b5fc92418644490f1dd9382c3535c744058c2e7285a003ca96544c4
mashos-api_11(17).zip,mashos-api/ai/tests/test_emlis_ai_user_model_store.py,2757,1b42ba54,07bea2dddb7729aba51a441cdb15a00660151b600f273fc4ab5865b1e5a1768d
mashos-api_11(17).zip,mashos-api/ai/tests/test_emlis_ai_value_observation_cases.py,1814,1c531c10,9b50ec2963560f5b3e4dcf2ff6719fffb542c9b473a0bf7f92ed608169ed1aeb
mashos-api_11(17).zip,mashos-api/ai/tests/test_emlis_ai_visible_surface_acceptance_gate.py,14959,6a8f8316,d1fc4c7b933f51d97a05eb42fc3f3ab7a97516b7a1cbf7d7466add1c4fac033b
mashos-api_11(17).zip,mashos-api/ai/tests/test_emlis_ai_visible_surface_acceptance_inventory_step0.py,8404,cefc4ce5,d1b76020200d3234aaa68321fb0067947f4b0dc228fcb0b1c8b8c78492d2789e
mashos-api_11(17).zip,mashos-api/ai/tests/test_emlis_ai_visible_surface_acceptance_reply_path_step4.py,6776,f73a1e3e,577a6959796418f315abce3918d0452ab8350c7939ad49f6089b0f73e7fe5284
mashos-api_11(17).zip,mashos-api/ai/tests/test_emlis_ai_whole_input_meaning_arc_service.py,2847,cc9f45f9,84cddcdd888d9455be026db0feafb73f1175c63c063bc9b41541bcc94e8f3b0f
mashos-api_11(17).zip,mashos-api/ai/tests/test_emlis_observation_product_quality_measurement_tool_step8.py,8021,b996cbe8,e1731e44fe9117d7c06354a225dda7cf352cd34655398dd3e0386db8838779e4
mashos-api_11(17).zip,mashos-api/ai/tests/test_emotion_piece_generation_long_input_core.py,2306,082775e9,a233f1581707e8808ded2442077a19005b808ef6baf9746c4138c70f8c63749b
mashos-api_11(17).zip,mashos-api/ai/tests/test_emotion_piece_generation_self_and_others_happiness.py,3729,18c5b3ae,a0a651e074f46bd56137d67b838c83bb5ecaee545c260be8a6f8932ab3ba4f17
mashos-api_11(17).zip,mashos-api/ai/tests/test_emotion_piece_generation_value_observation.py,2167,067f87a0,b6b62bb38d1025129cd9e344b812cf1554957d1f96c8f8ac09f6cc4e778527db
mashos-api_11(17).zip,mashos-api/ai/tests/test_emotion_reflection_publish_public_feedback_contract.py,4980,2e6192d3,c1d392787e700d9e71252473b63aa04b41815c6ea8d68bce8dc0a995f24b123d
mashos-api_11(17).zip,mashos-api/ai/tests/test_emotion_submit_notification_settings_uuid_boundary.py,3645,1151ee2b,3798279646672f91a3530cef8775a5e1a2f26d62793505c743b97e4f0ed1cebe
mashos-api_11(17).zip,mashos-api/ai/tests/test_emotion_submit_observation_diagnostic_log.py,18375,793585b6,6e02715c06f6c1f8d0084ba669e55efaf9291255edde8ceb85a93a0687ba6e71
mashos-api_11(17).zip,mashos-api/ai/tests/test_emotion_submit_phase18_product_quality_e2e.py,25167,866d81e3,44081cfa42820af709db12a68a22ce26181652ab6d9515f1c9794f5a32830776
mashos-api_11(17).zip,mashos-api/ai/tests/test_emotion_submit_phase19_public_feedback_boundary_e2e.py,14437,aa6ad5cd,18307eff29a7c47e16db1a8b232ada5c12c2301286563334d4493b344f144d6f
mashos-api_11(17).zip,mashos-api/ai/tests/test_emotion_submit_phase19_real_device_abcd_public_feedback_e2e.py,34728,89fa7a48,6a75ac5888f1f67966b6f6a27c0eedd135bff1aa6f2c6dc4cf5971f84b553de4
mashos-api_11(17).zip,mashos-api/ai/tests/test_emotion_submit_public_feedback_inclusion_summary_p7.py,11411,91becc02,4e09455720c3a8647b0db05ea7cb912f33604a33b01e6b96d06ec6e46cc351dc
mashos-api_11(17).zip,mashos-api/ai/tests/test_emotion_submit_public_feedback_meta_boundary.py,25627,9083606c,7f51429986cae838699ff51f05c278227118424adb6fb8e4003904b35039858c
mashos-api_11(17).zip,mashos-api/ai/tests/test_emotion_submit_speed_regression_phase14.py,11669,ed1e1df9,d9c90c023f8b71711b53a5150712ed8e47882812aabc1970f373fbaf8d9eee8d
mashos-api_11(17).zip,mashos-api/ai/tests/test_emotion_submit_two_stage_reception_e2e.py,8748,8f4bf61d,9c1a549dc5fc9262717d0dc4e39819827f615a6cc3d4fcaeb86d2adc799e5abf
mashos-api_11(17).zip,mashos-api/ai/tests/test_environment_state_output_phase9_cross_core_contract.py,15755,0c9f4dda,b1d2529f05b419f60025922e59002c58bb9a3494556b3f365c555b46f1253631
mashos-api_11(17).zip,mashos-api/ai/tests/test_kokoro_weather_phase6_qa.py,3999,b2fe35a0,d0acbca15fa24de248e72fbfc98054854c98ac16588c16a8eed67c9269620b5a
mashos-api_11(17).zip,mashos-api/ai/tests/test_kokoro_weather_service.py,3066,5d7f245f,4ea27cf3fb85140eec72bf7b2df39144866a3baec7826f7dae583b8235133e90
mashos-api_11(17).zip,mashos-api/ai/tests/test_piece_environment_state_output_phase6.py,4520,7e0a4461,867b6827bb56d9027dbdf6582d761f6c748d136b22f7284b5b412eb50b3ff0f6
mashos-api_11(17).zip,mashos-api/ai/tests/test_self_structure_watashi_map_payload.py,3711,f25eef1b,8f2d7311da6640f4e173c890ec4234682f2ddb1d4f5e46f36234603b5ed60a0a
mashos-api_11(17).zip,mashos-api/ai/tests/test_subscription_projection.py,3855,1092bf03,b5d2554dab0dbc1f744335ce874240aeba5c5993ceb4671fc3fad3ea3a550eeb
mashos-api_11(17).zip,mashos-api/ai/tests/test_subscription_self_structure_modes.py,1021,a0930d02,71b03633cd8c443fe7716aadf308f4bfd6df3dd384d7d8ba46130882788a5270
mashos-api_11(17).zip,mashos-api/ai/tests/test_watashi_map_service.py,4637,9118b40a,06bad980245cc49eef49b85019e19da53655c55c56568f79ebd708330228643c
mashos-api_11(17).zip,mashos-api/ai/tools/check_tag_consistency.py,708,b6747ea5,baf6c2a3235a3b5dacc79f9245b5329acbeabcb2209f5a5a83285ca46275ba70
mashos-api_11(17).zip,mashos-api/ai/tools/data/raw/import_template.csv,295,066bb3e5,96d2b54167dfa1caef653c9c0c01d81e99bc6792892ced24fa4412b4e3a0ea43
mashos-api_11(17).zip,mashos-api/ai/tools/data/train/{{AI_NAME}}_interpret_train.jsonl,6116,52cab2dd,c2c9cde8dc5cfd5c509ff99d7e472a6fc85f5faa519bd05b53d05d226ec50758
mashos-api_11(17).zip,mashos-api/ai/tools/docs/data_ingest_guide.txt,1647,c703a0b5,1989d35d9e43a0959ce0b7c0a74d8f3d18a917c20ccddf51046ce2ae4572e4af
mashos-api_11(17).zip,mashos-api/ai/tools/emlis_observation_compare_1135_1136.py,2669,a3df0c70,1d19c72a1848c06e802d92315572fbe0c6610067c32d2973b20badf68c90a2b0
mashos-api_11(17).zip,mashos-api/ai/tools/emlis_observation_product_quality_measurement.py,13063,293d6ca5,65eb1fd4efe6743bb56873db24a7e24305afa01b857f8be4e5e8154a097b4d84
mashos-api_11(17).zip,mashos-api/ai/tools/emlis_observation_route_next_step.py,3451,3e0b67f8,750fdf9540c667f2a90cd2464edcc1fa10dbd2b1b6456efea62db11de7baabcf
mashos-api_11(17).zip,mashos-api/ai/tools/import_csv_to_logs.py,3165,663a981a,35063456b8ad37131fa53edbef1fc93aac75971a5a351bf3ca3a0636de3f62c1
mashos-api_11(17).zip,mashos-api/ai/tools/import_json_to_logs.py,3178,53dc3ee5,91f8a9d17eeadf4c14adcfdf2691ec6632124d34182823ce8417a4af42069992
mashos-api_11(17).zip,mashos-api/ai/tools/import_logs.py,8384,6733d8e7,6b53d35fbc7a08b91838a81d0b75c6640d1f672a4f2e24ea3d246d351091affe
mashos-api_11(17).zip,mashos-api/ai/tools/import_mapping.yaml,1115,4b0661bf,bd52142889151961699e0c9598172cf562628d1a9d1e4b593f8162a5a6e76b28
mashos-api_11(17).zip,mashos-api/ai/tools/Makefile,241,5c967b8b,13163d53658845994d7e2284c65074d8a3645a5631608d06638b7c986424e90b
mashos-api_11(17).zip,mashos-api/ai/tools/rename_ai_name.py,44,9592b768,b32117678293b6dc3ccf1648d8869ef28de646bf1371f08d8e4ceeb5a1b8712d
mashos-api_11(17).zip,mashos-api/ai/tools/tools/import_logs.py,8384,6733d8e7,6b53d35fbc7a08b91838a81d0b75c6640d1f672a4f2e24ea3d246d351091affe
mashos-api_11(17).zip,mashos-api/ai/tools/tools/import_mapping.yaml,1115,4b0661bf,bd52142889151961699e0c9598172cf562628d1a9d1e4b593f8162a5a6e76b28
mashos-api_11(17).zip,mashos-api/ai/tools/tools/validate_logs.py,1777,9c17253c,7eac2e6b6400e008ff31199eca5f836af88660208afe4ecd57dd04fcdda335d4
mashos-api_11(17).zip,mashos-api/ai/tools/training/README.md,119,44890568,50414ff6b91915e8dda493af508858ac98c2fd297644dc1206b2f58ba1cc63bd
mashos-api_11(17).zip,mashos-api/ai/tools/training/requirements.txt,105,78c65f37,282028fc9113bf6815933e30603aed8dba85f7a0f95c2d2d2c69baf8aaa055e0
mashos-api_11(17).zip,mashos-api/ai/tools/training/trainset_skeleton.py,994,966da988,e75917e89a4c47b433712900623d16d2cd395d098c8aec9c9693d20af97cca1d
mashos-api_11(17).zip,mashos-api/ai/tools/training/train_lora.py,4424,33f9c892,b1e8afbe7b9bb29dc0cff5f65138770f094455dd71aec5879d70bff43fac1c4b
mashos-api_11(17).zip,mashos-api/ai/tools/validate_logs.py,1777,9c17253c,7eac2e6b6400e008ff31199eca5f836af88660208afe4ecd57dd04fcdda335d4
mashos-api_11(17).zip,mashos-api/ai/training/build_dataset.py,87,b1d4fa61,79bff21e7f3b1681553224c124914f24c0832ec63b99e37f475da7acccb4a5ed
mashos-api_11(17).zip,mashos-api/ai/training/eval.py,18,5469011c,a74f1d07555aa4c2aef7635184ec4d0b8cc066afc88cc2a9678f844b818f1590
mashos-api_11(17).zip,mashos-api/ai/training/README.md,119,44890568,50414ff6b91915e8dda493af508858ac98c2fd297644dc1206b2f58ba1cc63bd
mashos-api_11(17).zip,mashos-api/ai/training/requirements.txt,105,78c65f37,282028fc9113bf6815933e30603aed8dba85f7a0f95c2d2d2c69baf8aaa055e0
mashos-api_11(17).zip,mashos-api/ai/training/train_lora.py,4424,33f9c892,b1e8afbe7b9bb29dc0cff5f65138770f094455dd71aec5879d70bff43fac1c4b
mashos-api_11(17).zip,mashos-api/scripts/astor_worker_status.py,7044,21befc03,5d758d5e5f85bea6dae73c0ae65de272c0dea6db472396d4954a3c6aee316636
mashos-api_11(17).zip,mashos-api/scripts/backfill_generated_reflection_display_cleanup.py,3585,5379cb70,417dc79382b8fd7db2558305791cbfc08cfcb310331c4503d83fd45d151af816
mashos-api_11(17).zip,mashos-api/scripts/check_no_direct_supabase.py,4079,f76d089b,eb34a61268279ae13e385576723398f2d761a6623940127e0034ee351a60bb9c
mashos-api_11(17).zip,mashos-api/scripts/cocolon_load_test.py,17617,f30594ed,55a7301758bfef5181c5af843e11f6b027361ab1fafba6a53285992d09021f92
mashos-api_11(17).zip,mashos-api/scripts/generate_tutorial_fixtures.py,18798,fa705340,40e0e51cc6b83be694d7535170dc804d55ed4257f332a225277bc660755c96b8
mashos-api_11(17).zip,mashos-api/scripts/mashos_cron_runner.py,9219,1b995d70,48d27ff91b2f5970e94f8631f179f8e47d61f94de1365b4e938e6c5a5ff279a0
