"repository","path","scope","github_compare_change_type","logical_20260714_baseline_state","github_base_anchor","github_head","current_blob_sha1","claim_boundary"
"MassyuRed/mashos-api","ai/docs/Cocolon_EmlisAI_NLSv2_AllSteps_Audit_Correction_20260713.md","NLS_V2_ALREADY_REFLECTED_20260714","added","already_reflected_in_20260714_premise","d81865a4bf952cbc091171fb52913d34156f4e9c (GitHub transport comparison anchor; not asserted byte-identical to local ZIP baseline)","25b98ec8b59eaff717d1dc3261ff21156ccce7ed","e3555f2a255ee7ea5bf710fb6d0b25acb79d0482","Already represented by eai714_diff.csv; retained only to explain the GitHub transport-comparison filter."
"MassyuRed/mashos-api","ai/docs/Cocolon_EmlisAI_NLSv2_S10_S11_Blocked_Result_20260713.md","NLS_V2_ALREADY_REFLECTED_20260714","modified","already_reflected_in_20260714_premise","d81865a4bf952cbc091171fb52913d34156f4e9c (GitHub transport comparison anchor; not asserted byte-identical to local ZIP baseline)","25b98ec8b59eaff717d1dc3261ff21156ccce7ed","f64b2dec5195d56a13a5547d335b34403c6748cc","Already represented by eai714_diff.csv; retained only to explain the GitHub transport-comparison filter."
"MassyuRed/mashos-api","ai/docs/Cocolon_EmlisAI_NLSv2_S12_S13_DeviceCheck_Blocked_Result_20260713.md","NLS_V2_ALREADY_REFLECTED_20260714","added","already_reflected_in_20260714_premise","d81865a4bf952cbc091171fb52913d34156f4e9c (GitHub transport comparison anchor; not asserted byte-identical to local ZIP baseline)","25b98ec8b59eaff717d1dc3261ff21156ccce7ed","f24a5bc3672b14a197e3a19940e3e2c8498eb0f1","Already represented by eai714_diff.csv; retained only to explain the GitHub transport-comparison filter."
"MassyuRed/mashos-api","ai/docs/Cocolon_EmlisAI_NLSv2_S2_S3_Result_20260713.md","NLS_V2_ALREADY_REFLECTED_20260714","modified","already_reflected_in_20260714_premise","d81865a4bf952cbc091171fb52913d34156f4e9c (GitHub transport comparison anchor; not asserted byte-identical to local ZIP baseline)","25b98ec8b59eaff717d1dc3261ff21156ccce7ed","3d7f2f2065c6386730f4181b0d995a1bf4ad9f62","Already represented by eai714_diff.csv; retained only to explain the GitHub transport-comparison filter."
"MassyuRed/mashos-api","ai/docs/Cocolon_EmlisAI_NLSv2_S4_S5_Result_20260713.md","NLS_V2_ALREADY_REFLECTED_20260714","modified","already_reflected_in_20260714_premise","d81865a4bf952cbc091171fb52913d34156f4e9c (GitHub transport comparison anchor; not asserted byte-identical to local ZIP baseline)","25b98ec8b59eaff717d1dc3261ff21156ccce7ed","a7702831d510cd849ccbdcb1733bd52bd9507a75","Already represented by eai714_diff.csv; retained only to explain the GitHub transport-comparison filter."
"MassyuRed/mashos-api","ai/docs/Cocolon_EmlisAI_NLSv2_S6_S7_Result_20260713.md","NLS_V2_ALREADY_REFLECTED_20260714","modified","already_reflected_in_20260714_premise","d81865a4bf952cbc091171fb52913d34156f4e9c (GitHub transport comparison anchor; not asserted byte-identical to local ZIP baseline)","25b98ec8b59eaff717d1dc3261ff21156ccce7ed","87b15b3e3392cc1df704b37eb9f66b3fe4b52b0c","Already represented by eai714_diff.csv; retained only to explain the GitHub transport-comparison filter."
"MassyuRed/mashos-api","ai/docs/Cocolon_EmlisAI_NLSv3_Batch001_Freeze_Result_20260714.md","NLS_V3_STEP0_10_CORE","added","new_or_modified_since_20260714_premise","d81865a4bf952cbc091171fb52913d34156f4e9c (GitHub transport comparison anchor; not asserted byte-identical to local ZIP baseline)","25b98ec8b59eaff717d1dc3261ff21156ccce7ed","d2ef6b54cabc557b9f23945b07b5fab0a7969510","NLS v3 offline/disconnected evidence or implementation path; does not claim Cycle 001 acceptance, production connection, E4, or Cycle 002."
"MassyuRed/mashos-api","ai/docs/Cocolon_EmlisAI_NLSv3_Step0_Step1_Result_20260714.md","NLS_V3_STEP0_10_CORE","added","new_or_modified_since_20260714_premise","d81865a4bf952cbc091171fb52913d34156f4e9c (GitHub transport comparison anchor; not asserted byte-identical to local ZIP baseline)","25b98ec8b59eaff717d1dc3261ff21156ccce7ed","9bf9eb90b0dfe6253dbbdc4d9e31f32b593a749a","NLS v3 offline/disconnected evidence or implementation path; does not claim Cycle 001 acceptance, production connection, E4, or Cycle 002."
"MassyuRed/mashos-api","ai/docs/Cocolon_EmlisAI_NLSv3_Step2_Result_20260714.md","NLS_V3_STEP0_10_CORE","added","new_or_modified_since_20260714_premise","d81865a4bf952cbc091171fb52913d34156f4e9c (GitHub transport comparison anchor; not asserted byte-identical to local ZIP baseline)","25b98ec8b59eaff717d1dc3261ff21156ccce7ed","1f5717265c0e3a1d486af7b9c9ed00f423bfaa2e","NLS v3 offline/disconnected evidence or implementation path; does not claim Cycle 001 acceptance, production connection, E4, or Cycle 002."
"MassyuRed/mashos-api","ai/docs/Cocolon_EmlisAI_NLSv3_Step3_Result_20260715.md","NLS_V3_STEP0_10_CORE","added","new_or_modified_since_20260714_premise","d81865a4bf952cbc091171fb52913d34156f4e9c (GitHub transport comparison anchor; not asserted byte-identical to local ZIP baseline)","25b98ec8b59eaff717d1dc3261ff21156ccce7ed","cc6318c22f1d454bd5a5ea567392201b52beb7dd","NLS v3 offline/disconnected evidence or implementation path; does not claim Cycle 001 acceptance, production connection, E4, or Cycle 002."
"MassyuRed/mashos-api","ai/services/ai_inference/emlis_ai_body_semantic_atom_parser_v3.py","NLS_V3_SUPPORT","added","new_or_modified_since_20260714_premise","d81865a4bf952cbc091171fb52913d34156f4e9c (GitHub transport comparison anchor; not asserted byte-identical to local ZIP baseline)","25b98ec8b59eaff717d1dc3261ff21156ccce7ed","1fcea670c5e706ece6334a773110cd414f81e1af","NLS v3 offline/disconnected evidence or implementation path; does not claim Cycle 001 acceptance, production connection, E4, or Cycle 002."
"MassyuRed/mashos-api","ai/services/ai_inference/emlis_ai_bounded_recovery_v3.py","NLS_V3_SUPPORT","added","new_or_modified_since_20260714_premise","d81865a4bf952cbc091171fb52913d34156f4e9c (GitHub transport comparison anchor; not asserted byte-identical to local ZIP baseline)","25b98ec8b59eaff717d1dc3261ff21156ccce7ed","51e1fe37ac57fc7344dc8533040fe6f1d08b64d5","NLS v3 offline/disconnected evidence or implementation path; does not claim Cycle 001 acceptance, production connection, E4, or Cycle 002."
"MassyuRed/mashos-api","ai/services/ai_inference/emlis_ai_canonical_renderer_v3.py","NLS_V3_SUPPORT","added","new_or_modified_since_20260714_premise","d81865a4bf952cbc091171fb52913d34156f4e9c (GitHub transport comparison anchor; not asserted byte-identical to local ZIP baseline)","25b98ec8b59eaff717d1dc3261ff21156ccce7ed","ea4f2dd66d699876c219873a17931fa6dcf45f0b","NLS v3 offline/disconnected evidence or implementation path; does not claim Cycle 001 acceptance, production connection, E4, or Cycle 002."
"MassyuRed/mashos-api","ai/services/ai_inference/emlis_ai_content_selection_v3.py","NLS_V3_SUPPORT","added","new_or_modified_since_20260714_premise","d81865a4bf952cbc091171fb52913d34156f4e9c (GitHub transport comparison anchor; not asserted byte-identical to local ZIP baseline)","25b98ec8b59eaff717d1dc3261ff21156ccce7ed","7172a628f5ecdfb6ba888c36d42a6a62d0d7c22e","NLS v3 offline/disconnected evidence or implementation path; does not claim Cycle 001 acceptance, production connection, E4, or Cycle 002."
"MassyuRed/mashos-api","ai/services/ai_inference/emlis_ai_discourse_graph_planner_v3.py","NLS_V3_SUPPORT","added","new_or_modified_since_20260714_premise","d81865a4bf952cbc091171fb52913d34156f4e9c (GitHub transport comparison anchor; not asserted byte-identical to local ZIP baseline)","25b98ec8b59eaff717d1dc3261ff21156ccce7ed","5c8a9f5e53a074353ed93c5af6d2a9501441094b","NLS v3 offline/disconnected evidence or implementation path; does not claim Cycle 001 acceptance, production connection, E4, or Cycle 002."
"MassyuRed/mashos-api","ai/services/ai_inference/emlis_ai_dormant_runtime_adapter_v3.py","NLS_V3_SUPPORT","added","new_or_modified_since_20260714_premise","d81865a4bf952cbc091171fb52913d34156f4e9c (GitHub transport comparison anchor; not asserted byte-identical to local ZIP baseline)","25b98ec8b59eaff717d1dc3261ff21156ccce7ed","782c0d6c52cb62b8a01482fe94824c8e1ec93aa8","NLS v3 offline/disconnected evidence or implementation path; does not claim Cycle 001 acceptance, production connection, E4, or Cycle 002."
"MassyuRed/mashos-api","ai/services/ai_inference/emlis_ai_grounded_lexical_role_experiment_snapshot_successor_v3.py","NLS_V3_STEP11_RC0028","added","new_or_modified_since_20260714_premise","d81865a4bf952cbc091171fb52913d34156f4e9c (GitHub transport comparison anchor; not asserted byte-identical to local ZIP baseline)","25b98ec8b59eaff717d1dc3261ff21156ccce7ed","8d4ceb1e4a45655569516ea93ae5696972adb8fd","NLS v3 offline/disconnected evidence or implementation path; does not claim Cycle 001 acceptance, production connection, E4, or Cycle 002."
"MassyuRed/mashos-api","ai/services/ai_inference/emlis_ai_grounded_lexical_role_experiment_snapshot_v3.py","NLS_V3_STEP11_RC0028","added","new_or_modified_since_20260714_premise","d81865a4bf952cbc091171fb52913d34156f4e9c (GitHub transport comparison anchor; not asserted byte-identical to local ZIP baseline)","25b98ec8b59eaff717d1dc3261ff21156ccce7ed","262ab4332c7797b2b94f050536a3f3e82638a06d","NLS v3 offline/disconnected evidence or implementation path; does not claim Cycle 001 acceptance, production connection, E4, or Cycle 002."
"MassyuRed/mashos-api","ai/services/ai_inference/emlis_ai_grounded_lexical_role_witness_successor_v3.py","NLS_V3_SUPPORT","added","new_or_modified_since_20260714_premise","d81865a4bf952cbc091171fb52913d34156f4e9c (GitHub transport comparison anchor; not asserted byte-identical to local ZIP baseline)","25b98ec8b59eaff717d1dc3261ff21156ccce7ed","81b980edb845c9584d209d74aa90d63785019a2a","NLS v3 offline/disconnected evidence or implementation path; does not claim Cycle 001 acceptance, production connection, E4, or Cycle 002."
"MassyuRed/mashos-api","ai/services/ai_inference/emlis_ai_grounded_lexical_role_witness_v3.py","NLS_V3_SUPPORT","added","new_or_modified_since_20260714_premise","d81865a4bf952cbc091171fb52913d34156f4e9c (GitHub transport comparison anchor; not asserted byte-identical to local ZIP baseline)","25b98ec8b59eaff717d1dc3261ff21156ccce7ed","7e49f8a1855bd59d151c9b639f3d788950a43dd1","NLS v3 offline/disconnected evidence or implementation path; does not claim Cycle 001 acceptance, production connection, E4, or Cycle 002."
"MassyuRed/mashos-api","ai/services/ai_inference/emlis_ai_grounded_observation_semantic_restatement_v3.py","NLS_V3_SUPPORT","added","new_or_modified_since_20260714_premise","d81865a4bf952cbc091171fb52913d34156f4e9c (GitHub transport comparison anchor; not asserted byte-identical to local ZIP baseline)","25b98ec8b59eaff717d1dc3261ff21156ccce7ed","d28e2ab3086fa09a62c8dbdb3d887a7bff116c78","NLS v3 offline/disconnected evidence or implementation path; does not claim Cycle 001 acceptance, production connection, E4, or Cycle 002."
"MassyuRed/mashos-api","ai/services/ai_inference/emlis_ai_grounded_relation_construction_authority_successor_v3.py","NLS_V3_STEP11_RC0028","added","new_or_modified_since_20260714_premise","d81865a4bf952cbc091171fb52913d34156f4e9c (GitHub transport comparison anchor; not asserted byte-identical to local ZIP baseline)","25b98ec8b59eaff717d1dc3261ff21156ccce7ed","87fa929a613942f809471568699c6a15400452b6","NLS v3 offline/disconnected evidence or implementation path; does not claim Cycle 001 acceptance, production connection, E4, or Cycle 002."
"MassyuRed/mashos-api","ai/services/ai_inference/emlis_ai_grounded_sentence_surface.py","NLS_V3_SUPPORT","modified","new_or_modified_since_20260714_premise","d81865a4bf952cbc091171fb52913d34156f4e9c (GitHub transport comparison anchor; not asserted byte-identical to local ZIP baseline)","25b98ec8b59eaff717d1dc3261ff21156ccce7ed","7478fc374eb08d90be98558fed71f97f466d7633","NLS v3 offline/disconnected evidence or implementation path; does not claim Cycle 001 acceptance, production connection, E4, or Cycle 002."
"MassyuRed/mashos-api","ai/services/ai_inference/emlis_ai_independent_semantic_matcher_v3.py","NLS_V3_SUPPORT","added","new_or_modified_since_20260714_premise","d81865a4bf952cbc091171fb52913d34156f4e9c (GitHub transport comparison anchor; not asserted byte-identical to local ZIP baseline)","25b98ec8b59eaff717d1dc3261ff21156ccce7ed","3e5db4445d39bf9cb9045959dca3904bf5e73e03","NLS v3 offline/disconnected evidence or implementation path; does not claim Cycle 001 acceptance, production connection, E4, or Cycle 002."
"MassyuRed/mashos-api","ai/services/ai_inference/emlis_ai_lexicographic_selector_v3.py","NLS_V3_SUPPORT","added","new_or_modified_since_20260714_premise","d81865a4bf952cbc091171fb52913d34156f4e9c (GitHub transport comparison anchor; not asserted byte-identical to local ZIP baseline)","25b98ec8b59eaff717d1dc3261ff21156ccce7ed","10ab91cc5bd286532695428f18be3d0f1918ee7f","NLS v3 offline/disconnected evidence or implementation path; does not claim Cycle 001 acceptance, production connection, E4, or Cycle 002."
"MassyuRed/mashos-api","ai/services/ai_inference/emlis_ai_nls_v3_artifact_contract.py","NLS_V3_STEP0_10_CORE","added","new_or_modified_since_20260714_premise","d81865a4bf952cbc091171fb52913d34156f4e9c (GitHub transport comparison anchor; not asserted byte-identical to local ZIP baseline)","25b98ec8b59eaff717d1dc3261ff21156ccce7ed","953d062fa858870e65d96cf03694d68c99003594","NLS v3 offline/disconnected evidence or implementation path; does not claim Cycle 001 acceptance, production connection, E4, or Cycle 002."
"MassyuRed/mashos-api","ai/services/ai_inference/emlis_ai_observation_stage_context_v3.py","NLS_V3_SUPPORT","added","new_or_modified_since_20260714_premise","d81865a4bf952cbc091171fb52913d34156f4e9c (GitHub transport comparison anchor; not asserted byte-identical to local ZIP baseline)","25b98ec8b59eaff717d1dc3261ff21156ccce7ed","c63b913938c0ef12a0b79e349683115544693e1b","NLS v3 offline/disconnected evidence or implementation path; does not claim Cycle 001 acceptance, production connection, E4, or Cycle 002."
"MassyuRed/mashos-api","ai/services/ai_inference/emlis_ai_rc0028_downstream_experiment_dependency_manifest_v3.py","NLS_V3_STEP11_RC0028","added","new_or_modified_since_20260714_premise","d81865a4bf952cbc091171fb52913d34156f4e9c (GitHub transport comparison anchor; not asserted byte-identical to local ZIP baseline)","25b98ec8b59eaff717d1dc3261ff21156ccce7ed","da9ff789407f541cc5744024b550e6cc10509485","NLS v3 offline/disconnected evidence or implementation path; does not claim Cycle 001 acceptance, production connection, E4, or Cycle 002."
"MassyuRed/mashos-api","ai/services/ai_inference/emlis_ai_rc0028_experiment_dependency_manifest_v3.py","NLS_V3_STEP11_RC0028","added","new_or_modified_since_20260714_premise","d81865a4bf952cbc091171fb52913d34156f4e9c (GitHub transport comparison anchor; not asserted byte-identical to local ZIP baseline)","25b98ec8b59eaff717d1dc3261ff21156ccce7ed","c8111fd28714ef596d67c42fe1936d9a560db643","NLS v3 offline/disconnected evidence or implementation path; does not claim Cycle 001 acceptance, production connection, E4, or Cycle 002."
"MassyuRed/mashos-api","ai/services/ai_inference/emlis_ai_rc0029_surface_repair_experiment_dependency_manifest_v3.py","NLS_V3_STEP11_RC0029","added","new_or_modified_since_20260714_premise","d81865a4bf952cbc091171fb52913d34156f4e9c (GitHub transport comparison anchor; not asserted byte-identical to local ZIP baseline)","25b98ec8b59eaff717d1dc3261ff21156ccce7ed","6b6ae077ca2c85d07c33fe6c70e6c7bd2aa4c5ed","NLS v3 offline/disconnected evidence or implementation path; does not claim Cycle 001 acceptance, production connection, E4, or Cycle 002."
"MassyuRed/mashos-api","ai/services/ai_inference/emlis_ai_rc0030_surface_planning_experiment_dependency_manifest_v3.py","NLS_V3_STEP11_RC0030","added","new_or_modified_since_20260714_premise","d81865a4bf952cbc091171fb52913d34156f4e9c (GitHub transport comparison anchor; not asserted byte-identical to local ZIP baseline)","25b98ec8b59eaff717d1dc3261ff21156ccce7ed","9f4d08c0c6eef655f32fb07029b622bbf33ae1d8","NLS v3 offline/disconnected evidence or implementation path; does not claim Cycle 001 acceptance, production connection, E4, or Cycle 002."
"MassyuRed/mashos-api","ai/services/ai_inference/emlis_ai_reply_service.py","NLS_V3_SUPPORT","modified","new_or_modified_since_20260714_premise","d81865a4bf952cbc091171fb52913d34156f4e9c (GitHub transport comparison anchor; not asserted byte-identical to local ZIP baseline)","25b98ec8b59eaff717d1dc3261ff21156ccce7ed","8f0495a8737cc7147c271491d060cb0ad413817f","NLS v3 offline/disconnected evidence or implementation path; does not claim Cycle 001 acceptance, production connection, E4, or Cycle 002."
"MassyuRed/mashos-api","ai/services/ai_inference/emlis_ai_semantic_hard_gate_v3.py","NLS_V3_SUPPORT","added","new_or_modified_since_20260714_premise","d81865a4bf952cbc091171fb52913d34156f4e9c (GitHub transport comparison anchor; not asserted byte-identical to local ZIP baseline)","25b98ec8b59eaff717d1dc3261ff21156ccce7ed","0f83c662a7f96118182d41ac35db088a5a2785a7","NLS v3 offline/disconnected evidence or implementation path; does not claim Cycle 001 acceptance, production connection, E4, or Cycle 002."
"MassyuRed/mashos-api","ai/services/ai_inference/emlis_ai_semantic_obligation_inventory_v3.py","NLS_V3_SUPPORT","added","new_or_modified_since_20260714_premise","d81865a4bf952cbc091171fb52913d34156f4e9c (GitHub transport comparison anchor; not asserted byte-identical to local ZIP baseline)","25b98ec8b59eaff717d1dc3261ff21156ccce7ed","bc3e574d892abfcb00d7d2766a5a11f2f62b72f5","NLS v3 offline/disconnected evidence or implementation path; does not claim Cycle 001 acceptance, production connection, E4, or Cycle 002."
"MassyuRed/mashos-api","ai/services/ai_inference/emlis_ai_step10_app_reachable_contract_v3.py","NLS_V3_SUPPORT","added","new_or_modified_since_20260714_premise","d81865a4bf952cbc091171fb52913d34156f4e9c (GitHub transport comparison anchor; not asserted byte-identical to local ZIP baseline)","25b98ec8b59eaff717d1dc3261ff21156ccce7ed","f40885265a4cc89cb12c1e81dc8e5f1183a5f3b6","NLS v3 offline/disconnected evidence or implementation path; does not claim Cycle 001 acceptance, production connection, E4, or Cycle 002."
"MassyuRed/mashos-api","ai/services/ai_inference/emlis_ai_step10_dependency_manifest_v3.py","NLS_V3_SUPPORT","added","new_or_modified_since_20260714_premise","d81865a4bf952cbc091171fb52913d34156f4e9c (GitHub transport comparison anchor; not asserted byte-identical to local ZIP baseline)","25b98ec8b59eaff717d1dc3261ff21156ccce7ed","0c1748956ea4db1587bd578f892d57b068a4f3f3","NLS v3 offline/disconnected evidence or implementation path; does not claim Cycle 001 acceptance, production connection, E4, or Cycle 002."
"MassyuRed/mashos-api","ai/services/ai_inference/emlis_ai_step10_evidence_v3.py","NLS_V3_SUPPORT","added","new_or_modified_since_20260714_premise","d81865a4bf952cbc091171fb52913d34156f4e9c (GitHub transport comparison anchor; not asserted byte-identical to local ZIP baseline)","25b98ec8b59eaff717d1dc3261ff21156ccce7ed","b982aeb2332a922fb9f9248b3c31b80cfcf46466","NLS v3 offline/disconnected evidence or implementation path; does not claim Cycle 001 acceptance, production connection, E4, or Cycle 002."
"MassyuRed/mashos-api","ai/services/ai_inference/emlis_ai_step11_cycle_evidence_v3.py","NLS_V3_STEP11_CYCLE001_CORE","added","new_or_modified_since_20260714_premise","d81865a4bf952cbc091171fb52913d34156f4e9c (GitHub transport comparison anchor; not asserted byte-identical to local ZIP baseline)","25b98ec8b59eaff717d1dc3261ff21156ccce7ed","ac3f7cc1b74543bc9da7442a1de7182a4eb9a69e","NLS v3 offline/disconnected evidence or implementation path; does not claim Cycle 001 acceptance, production connection, E4, or Cycle 002."
"MassyuRed/mashos-api","ai/services/ai_inference/emlis_ai_step11_grounded_lexicalization_v3.py","NLS_V3_STEP11_CYCLE001_CORE","added","new_or_modified_since_20260714_premise","d81865a4bf952cbc091171fb52913d34156f4e9c (GitHub transport comparison anchor; not asserted byte-identical to local ZIP baseline)","25b98ec8b59eaff717d1dc3261ff21156ccce7ed","e42bc6c28b85d56696a0028742358e9e8ba43cf5","NLS v3 offline/disconnected evidence or implementation path; does not claim Cycle 001 acceptance, production connection, E4, or Cycle 002."
"MassyuRed/mashos-api","ai/services/ai_inference/emlis_ai_step11_hard_gate_v3.py","NLS_V3_STEP11_CYCLE001_CORE","added","new_or_modified_since_20260714_premise","d81865a4bf952cbc091171fb52913d34156f4e9c (GitHub transport comparison anchor; not asserted byte-identical to local ZIP baseline)","25b98ec8b59eaff717d1dc3261ff21156ccce7ed","b5dadd0e100adddb016dcf5a08dc0afefe477d06","NLS v3 offline/disconnected evidence or implementation path; does not claim Cycle 001 acceptance, production connection, E4, or Cycle 002."
"MassyuRed/mashos-api","ai/services/ai_inference/emlis_ai_step11_natural_surface_matcher_v3.py","NLS_V3_STEP11_CYCLE001_CORE","added","new_or_modified_since_20260714_premise","d81865a4bf952cbc091171fb52913d34156f4e9c (GitHub transport comparison anchor; not asserted byte-identical to local ZIP baseline)","25b98ec8b59eaff717d1dc3261ff21156ccce7ed","9d7a82fc746e7827b1893228d6de128d669af975","NLS v3 offline/disconnected evidence or implementation path; does not claim Cycle 001 acceptance, production connection, E4, or Cycle 002."
"MassyuRed/mashos-api","ai/services/ai_inference/emlis_ai_step11_natural_surface_v3.py","NLS_V3_STEP11_CYCLE001_CORE","added","new_or_modified_since_20260714_premise","d81865a4bf952cbc091171fb52913d34156f4e9c (GitHub transport comparison anchor; not asserted byte-identical to local ZIP baseline)","25b98ec8b59eaff717d1dc3261ff21156ccce7ed","2bde7e34e875d0297d6209bdfb90255c131937c9","NLS v3 offline/disconnected evidence or implementation path; does not claim Cycle 001 acceptance, production connection, E4, or Cycle 002."
"MassyuRed/mashos-api","ai/services/ai_inference/emlis_ai_step11_planning_frontier_v3.py","NLS_V3_STEP11_CYCLE001_CORE","added","new_or_modified_since_20260714_premise","d81865a4bf952cbc091171fb52913d34156f4e9c (GitHub transport comparison anchor; not asserted byte-identical to local ZIP baseline)","25b98ec8b59eaff717d1dc3261ff21156ccce7ed","390d2e8c0d312652250b3933136f1bd7d94c7a81","NLS v3 offline/disconnected evidence or implementation path; does not claim Cycle 001 acceptance, production connection, E4, or Cycle 002."
"MassyuRed/mashos-api","ai/services/ai_inference/emlis_ai_step11_rc0028_experiment_runtime_adapter_v3.py","NLS_V3_STEP11_RC0028","added","new_or_modified_since_20260714_premise","d81865a4bf952cbc091171fb52913d34156f4e9c (GitHub transport comparison anchor; not asserted byte-identical to local ZIP baseline)","25b98ec8b59eaff717d1dc3261ff21156ccce7ed","0f7bce943e77076f8fbd5c49615cc2cc09cd94a2","NLS v3 offline/disconnected evidence or implementation path; does not claim Cycle 001 acceptance, production connection, E4, or Cycle 002."
"MassyuRed/mashos-api","ai/services/ai_inference/emlis_ai_step11_rc0028_experiment_surface_catalog_v3.py","NLS_V3_STEP11_RC0028","added","new_or_modified_since_20260714_premise","d81865a4bf952cbc091171fb52913d34156f4e9c (GitHub transport comparison anchor; not asserted byte-identical to local ZIP baseline)","25b98ec8b59eaff717d1dc3261ff21156ccce7ed","b6a08fe7cf2e9528cccd873e213c8c8d338b6664","NLS v3 offline/disconnected evidence or implementation path; does not claim Cycle 001 acceptance, production connection, E4, or Cycle 002."
"MassyuRed/mashos-api","ai/services/ai_inference/emlis_ai_step11_rc0029_experiment_runtime_adapter_v3.py","NLS_V3_STEP11_RC0029","added","new_or_modified_since_20260714_premise","d81865a4bf952cbc091171fb52913d34156f4e9c (GitHub transport comparison anchor; not asserted byte-identical to local ZIP baseline)","25b98ec8b59eaff717d1dc3261ff21156ccce7ed","38e71ce8fafafcca82519b0b7c81fff7fc1a5dc0","NLS v3 offline/disconnected evidence or implementation path; does not claim Cycle 001 acceptance, production connection, E4, or Cycle 002."
"MassyuRed/mashos-api","ai/services/ai_inference/emlis_ai_step11_rc0029_experiment_surface_catalog_v3.py","NLS_V3_STEP11_RC0029","added","new_or_modified_since_20260714_premise","d81865a4bf952cbc091171fb52913d34156f4e9c (GitHub transport comparison anchor; not asserted byte-identical to local ZIP baseline)","25b98ec8b59eaff717d1dc3261ff21156ccce7ed","005880ef160f2416e68adc9696f8a1d183866a68","NLS v3 offline/disconnected evidence or implementation path; does not claim Cycle 001 acceptance, production connection, E4, or Cycle 002."
"MassyuRed/mashos-api","ai/services/ai_inference/emlis_ai_step11_rc0030_experiment_runtime_adapter_v3.py","NLS_V3_STEP11_RC0030","added","new_or_modified_since_20260714_premise","d81865a4bf952cbc091171fb52913d34156f4e9c (GitHub transport comparison anchor; not asserted byte-identical to local ZIP baseline)","25b98ec8b59eaff717d1dc3261ff21156ccce7ed","05a4476fbe031f6048098a16a0f0c9215c849b72","NLS v3 offline/disconnected evidence or implementation path; does not claim Cycle 001 acceptance, production connection, E4, or Cycle 002."
"MassyuRed/mashos-api","ai/services/ai_inference/emlis_ai_step11_rc0030_experiment_surface_catalog_v3.py","NLS_V3_STEP11_RC0030","added","new_or_modified_since_20260714_premise","d81865a4bf952cbc091171fb52913d34156f4e9c (GitHub transport comparison anchor; not asserted byte-identical to local ZIP baseline)","25b98ec8b59eaff717d1dc3261ff21156ccce7ed","e83bde1dfe8e7704575a9a936d1f12f5e597fc49","NLS v3 offline/disconnected evidence or implementation path; does not claim Cycle 001 acceptance, production connection, E4, or Cycle 002."
"MassyuRed/mashos-api","ai/services/ai_inference/emlis_ai_step11_runtime_adapter_v3.py","NLS_V3_STEP11_CYCLE001_CORE","added","new_or_modified_since_20260714_premise","d81865a4bf952cbc091171fb52913d34156f4e9c (GitHub transport comparison anchor; not asserted byte-identical to local ZIP baseline)","25b98ec8b59eaff717d1dc3261ff21156ccce7ed","36b057c6f3bf2bf9a3c4ebb7dba765f5efe89d72","NLS v3 offline/disconnected evidence or implementation path; does not claim Cycle 001 acceptance, production connection, E4, or Cycle 002."
"MassyuRed/mashos-api","ai/services/ai_inference/emlis_ai_step11_semantic_overlay_v3.py","NLS_V3_STEP11_CYCLE001_CORE","added","new_or_modified_since_20260714_premise","d81865a4bf952cbc091171fb52913d34156f4e9c (GitHub transport comparison anchor; not asserted byte-identical to local ZIP baseline)","25b98ec8b59eaff717d1dc3261ff21156ccce7ed","d891447bb68cd4d3d2a0a15e8e6f09ca7478f022","NLS v3 offline/disconnected evidence or implementation path; does not claim Cycle 001 acceptance, production connection, E4, or Cycle 002."
"MassyuRed/mashos-api","ai/services/ai_inference/emlis_ai_step11_surface_catalog_v3.py","NLS_V3_STEP11_CYCLE001_CORE","added","new_or_modified_since_20260714_premise","d81865a4bf952cbc091171fb52913d34156f4e9c (GitHub transport comparison anchor; not asserted byte-identical to local ZIP baseline)","25b98ec8b59eaff717d1dc3261ff21156ccce7ed","9ad39a28e3b398473b8c36da2ff9b29cdff4d510","NLS v3 offline/disconnected evidence or implementation path; does not claim Cycle 001 acceptance, production connection, E4, or Cycle 002."
"MassyuRed/mashos-api","ai/services/ai_inference/emlis_ai_step8_artifact_contract_v3.py","NLS_V3_SUPPORT","added","new_or_modified_since_20260714_premise","d81865a4bf952cbc091171fb52913d34156f4e9c (GitHub transport comparison anchor; not asserted byte-identical to local ZIP baseline)","25b98ec8b59eaff717d1dc3261ff21156ccce7ed","0acd3b24fb806845e41eed6657e9a8b57fe75fbe","NLS v3 offline/disconnected evidence or implementation path; does not claim Cycle 001 acceptance, production connection, E4, or Cycle 002."
"MassyuRed/mashos-api","ai/services/ai_inference/emlis_ai_step9_artifact_contract_v3.py","NLS_V3_SUPPORT","added","new_or_modified_since_20260714_premise","d81865a4bf952cbc091171fb52913d34156f4e9c (GitHub transport comparison anchor; not asserted byte-identical to local ZIP baseline)","25b98ec8b59eaff717d1dc3261ff21156ccce7ed","9d2ca626ac0e6e7ecfda89a53ba8271d2fd677ee","NLS v3 offline/disconnected evidence or implementation path; does not claim Cycle 001 acceptance, production connection, E4, or Cycle 002."
"MassyuRed/mashos-api","ai/services/ai_inference/emlis_ai_step9_dependency_manifest_v3.py","NLS_V3_SUPPORT","added","new_or_modified_since_20260714_premise","d81865a4bf952cbc091171fb52913d34156f4e9c (GitHub transport comparison anchor; not asserted byte-identical to local ZIP baseline)","25b98ec8b59eaff717d1dc3261ff21156ccce7ed","7661805ad07322aa3a3da2dbabc9f1adfefd8067","NLS v3 offline/disconnected evidence or implementation path; does not claim Cycle 001 acceptance, production connection, E4, or Cycle 002."
"MassyuRed/mashos-api","ai/services/ai_inference/emlis_ai_surface_grammar_catalog_v3.py","NLS_V3_SUPPORT","added","new_or_modified_since_20260714_premise","d81865a4bf952cbc091171fb52913d34156f4e9c (GitHub transport comparison anchor; not asserted byte-identical to local ZIP baseline)","25b98ec8b59eaff717d1dc3261ff21156ccce7ed","5332beadeae162fc1ceddf444c95cf0171bb1566","NLS v3 offline/disconnected evidence or implementation path; does not claim Cycle 001 acceptance, production connection, E4, or Cycle 002."
"MassyuRed/mashos-api","ai/services/ai_inference/emlis_ai_surface_grammar_catalog_v3_step8.py","NLS_V3_SUPPORT","added","new_or_modified_since_20260714_premise","d81865a4bf952cbc091171fb52913d34156f4e9c (GitHub transport comparison anchor; not asserted byte-identical to local ZIP baseline)","25b98ec8b59eaff717d1dc3261ff21156ccce7ed","58dab483d29239080360d5bc7f364ee5a47b5fcb","NLS v3 offline/disconnected evidence or implementation path; does not claim Cycle 001 acceptance, production connection, E4, or Cycle 002."
"MassyuRed/mashos-api","ai/services/ai_inference/emlis_ai_typed_surface_ast_v3.py","NLS_V3_SUPPORT","added","new_or_modified_since_20260714_premise","d81865a4bf952cbc091171fb52913d34156f4e9c (GitHub transport comparison anchor; not asserted byte-identical to local ZIP baseline)","25b98ec8b59eaff717d1dc3261ff21156ccce7ed","102f11d3a3fe441250d869bfb16d3227207142f6","NLS v3 offline/disconnected evidence or implementation path; does not claim Cycle 001 acceptance, production connection, E4, or Cycle 002."
"MassyuRed/mashos-api","ai/tests/fixtures/emlis_nls_v2_all_steps_audit_20260713.json","NLS_V2_ALREADY_REFLECTED_20260714","added","already_reflected_in_20260714_premise","d81865a4bf952cbc091171fb52913d34156f4e9c (GitHub transport comparison anchor; not asserted byte-identical to local ZIP baseline)","25b98ec8b59eaff717d1dc3261ff21156ccce7ed","fee5461f469fb943dd23f7fb2ffd5e1f8025fc6e","Already represented by eai714_diff.csv; retained only to explain the GitHub transport-comparison filter."
"MassyuRed/mashos-api","ai/tests/fixtures/emlis_nls_v2_s12_s13_device_blocked_20260713.json","NLS_V2_ALREADY_REFLECTED_20260714","added","already_reflected_in_20260714_premise","d81865a4bf952cbc091171fb52913d34156f4e9c (GitHub transport comparison anchor; not asserted byte-identical to local ZIP baseline)","25b98ec8b59eaff717d1dc3261ff21156ccce7ed","ee53fbb1bcb0f0f68d2b9496462986440dd197c4","Already represented by eai714_diff.csv; retained only to explain the GitHub transport-comparison filter."
"MassyuRed/mashos-api","ai/tests/fixtures/emlis_nls_v3/contract/invalid_v1.jsonl","NLS_V3_STEP0_10_CORE","added","new_or_modified_since_20260714_premise","d81865a4bf952cbc091171fb52913d34156f4e9c (GitHub transport comparison anchor; not asserted byte-identical to local ZIP baseline)","25b98ec8b59eaff717d1dc3261ff21156ccce7ed","3f481903368939190afae2e9e4e5762b6598e629","NLS v3 offline/disconnected evidence or implementation path; does not claim Cycle 001 acceptance, production connection, E4, or Cycle 002."
"MassyuRed/mashos-api","ai/tests/fixtures/emlis_nls_v3/contract/legacy_v1.jsonl","NLS_V3_STEP0_10_CORE","added","new_or_modified_since_20260714_premise","d81865a4bf952cbc091171fb52913d34156f4e9c (GitHub transport comparison anchor; not asserted byte-identical to local ZIP baseline)","25b98ec8b59eaff717d1dc3261ff21156ccce7ed","f5cc32c62792c26df100695753dcb05568f71913","NLS v3 offline/disconnected evidence or implementation path; does not claim Cycle 001 acceptance, production connection, E4, or Cycle 002."
"MassyuRed/mashos-api","ai/tests/fixtures/emlis_nls_v3/contract/step3_valid_artifacts_v1.json","NLS_V3_STEP0_10_CORE","added","new_or_modified_since_20260714_premise","d81865a4bf952cbc091171fb52913d34156f4e9c (GitHub transport comparison anchor; not asserted byte-identical to local ZIP baseline)","25b98ec8b59eaff717d1dc3261ff21156ccce7ed","282d4fc7579054889f40f75dfee1f9f2080702bc","NLS v3 offline/disconnected evidence or implementation path; does not claim Cycle 001 acceptance, production connection, E4, or Cycle 002."
"MassyuRed/mashos-api","ai/tests/fixtures/emlis_nls_v3/contract/valid_v1.jsonl","NLS_V3_STEP0_10_CORE","added","new_or_modified_since_20260714_premise","d81865a4bf952cbc091171fb52913d34156f4e9c (GitHub transport comparison anchor; not asserted byte-identical to local ZIP baseline)","25b98ec8b59eaff717d1dc3261ff21156ccce7ed","4587b36e4f39ebbadcc93e4835a6becf7e81ae55","NLS v3 offline/disconnected evidence or implementation path; does not claim Cycle 001 acceptance, production connection, E4, or Cycle 002."
"MassyuRed/mashos-api","ai/tests/fixtures/emlis_nls_v3/cycle_001/cycle001_dependency_manifest.json","NLS_V3_STEP11_CYCLE001_CORE","added","new_or_modified_since_20260714_premise","d81865a4bf952cbc091171fb52913d34156f4e9c (GitHub transport comparison anchor; not asserted byte-identical to local ZIP baseline)","25b98ec8b59eaff717d1dc3261ff21156ccce7ed","dda3f743890e795e489752c9bc980c7c2e2c256e","NLS v3 offline/disconnected evidence or implementation path; does not claim Cycle 001 acceptance, production connection, E4, or Cycle 002."
"MassyuRed/mashos-api","ai/tests/fixtures/emlis_nls_v3/cycle_001/cycle001_dependency_manifest_rc0014.json","NLS_V3_STEP11_CYCLE001_CORE","added","new_or_modified_since_20260714_premise","d81865a4bf952cbc091171fb52913d34156f4e9c (GitHub transport comparison anchor; not asserted byte-identical to local ZIP baseline)","25b98ec8b59eaff717d1dc3261ff21156ccce7ed","e2f6c560ed4809c5557b3d9c1c649977244e11a0","NLS v3 offline/disconnected evidence or implementation path; does not claim Cycle 001 acceptance, production connection, E4, or Cycle 002."
"MassyuRed/mashos-api","ai/tests/fixtures/emlis_nls_v3/cycle_001/cycle001_dependency_manifest_rc0015.json","NLS_V3_STEP11_CYCLE001_CORE","added","new_or_modified_since_20260714_premise","d81865a4bf952cbc091171fb52913d34156f4e9c (GitHub transport comparison anchor; not asserted byte-identical to local ZIP baseline)","25b98ec8b59eaff717d1dc3261ff21156ccce7ed","e99d26d067eac1c1d1348a231811cc8a3bad5062","NLS v3 offline/disconnected evidence or implementation path; does not claim Cycle 001 acceptance, production connection, E4, or Cycle 002."
"MassyuRed/mashos-api","ai/tests/fixtures/emlis_nls_v3/cycle_001/cycle001_dependency_manifest_rc0016.json","NLS_V3_STEP11_CYCLE001_CORE","added","new_or_modified_since_20260714_premise","d81865a4bf952cbc091171fb52913d34156f4e9c (GitHub transport comparison anchor; not asserted byte-identical to local ZIP baseline)","25b98ec8b59eaff717d1dc3261ff21156ccce7ed","564002dea6dc62ef03ec20d048b16d2da7fd9bb9","NLS v3 offline/disconnected evidence or implementation path; does not claim Cycle 001 acceptance, production connection, E4, or Cycle 002."
"MassyuRed/mashos-api","ai/tests/fixtures/emlis_nls_v3/cycle_001/cycle001_dependency_manifest_rc0022.json","NLS_V3_STEP11_CYCLE001_CORE","added","new_or_modified_since_20260714_premise","d81865a4bf952cbc091171fb52913d34156f4e9c (GitHub transport comparison anchor; not asserted byte-identical to local ZIP baseline)","25b98ec8b59eaff717d1dc3261ff21156ccce7ed","946e5cab12897658620d5e23ad67aa0956fab2f6","NLS v3 offline/disconnected evidence or implementation path; does not claim Cycle 001 acceptance, production connection, E4, or Cycle 002."
"MassyuRed/mashos-api","ai/tests/fixtures/emlis_nls_v3/cycle_001/cycle001_dependency_manifest_rc0023.json","NLS_V3_STEP11_CYCLE001_CORE","added","new_or_modified_since_20260714_premise","d81865a4bf952cbc091171fb52913d34156f4e9c (GitHub transport comparison anchor; not asserted byte-identical to local ZIP baseline)","25b98ec8b59eaff717d1dc3261ff21156ccce7ed","57b6dd5e0f2d51ef037bc62f759ec8dc501cdb94","NLS v3 offline/disconnected evidence or implementation path; does not claim Cycle 001 acceptance, production connection, E4, or Cycle 002."
"MassyuRed/mashos-api","ai/tests/fixtures/emlis_nls_v3/cycle_001/cycle001_dependency_manifest_rc0024.json","NLS_V3_STEP11_CYCLE001_CORE","added","new_or_modified_since_20260714_premise","d81865a4bf952cbc091171fb52913d34156f4e9c (GitHub transport comparison anchor; not asserted byte-identical to local ZIP baseline)","25b98ec8b59eaff717d1dc3261ff21156ccce7ed","5e198ab14f725cca4fb7ea696b70fbb22ab7cfea","NLS v3 offline/disconnected evidence or implementation path; does not claim Cycle 001 acceptance, production connection, E4, or Cycle 002."
"MassyuRed/mashos-api","ai/tests/fixtures/emlis_nls_v3/cycle_001/cycle001_dependency_manifest_rc0025.json","NLS_V3_STEP11_CYCLE001_CORE","added","new_or_modified_since_20260714_premise","d81865a4bf952cbc091171fb52913d34156f4e9c (GitHub transport comparison anchor; not asserted byte-identical to local ZIP baseline)","25b98ec8b59eaff717d1dc3261ff21156ccce7ed","225a7580c806fa5870aebd579a4e59f293ac5524","NLS v3 offline/disconnected evidence or implementation path; does not claim Cycle 001 acceptance, production connection, E4, or Cycle 002."
"MassyuRed/mashos-api","ai/tests/fixtures/emlis_nls_v3/cycle_001/cycle001_dependency_manifest_rc0026.json","NLS_V3_STEP11_CYCLE001_CORE","added","new_or_modified_since_20260714_premise","d81865a4bf952cbc091171fb52913d34156f4e9c (GitHub transport comparison anchor; not asserted byte-identical to local ZIP baseline)","25b98ec8b59eaff717d1dc3261ff21156ccce7ed","4725f96f26d7c7770cf9637a603b77e56f21e3ee","NLS v3 offline/disconnected evidence or implementation path; does not claim Cycle 001 acceptance, production connection, E4, or Cycle 002."
"MassyuRed/mashos-api","ai/tests/fixtures/emlis_nls_v3/cycle_001/cycle001_dependency_manifest_rc0027.json","NLS_V3_STEP11_CYCLE001_CORE","added","new_or_modified_since_20260714_premise","d81865a4bf952cbc091171fb52913d34156f4e9c (GitHub transport comparison anchor; not asserted byte-identical to local ZIP baseline)","25b98ec8b59eaff717d1dc3261ff21156ccce7ed","acd43210f5b1adda6907576bbf770d49bef4e893","NLS v3 offline/disconnected evidence or implementation path; does not claim Cycle 001 acceptance, production connection, E4, or Cycle 002."
"MassyuRed/mashos-api","ai/tests/fixtures/emlis_nls_v3/cycle_001/cycle001_dependency_manifest_rc0028_downstream_experiment.json","NLS_V3_STEP11_RC0028","added","new_or_modified_since_20260714_premise","d81865a4bf952cbc091171fb52913d34156f4e9c (GitHub transport comparison anchor; not asserted byte-identical to local ZIP baseline)","25b98ec8b59eaff717d1dc3261ff21156ccce7ed","2fa58d68f9898ac4055d018898f624da04734fad","NLS v3 offline/disconnected evidence or implementation path; does not claim Cycle 001 acceptance, production connection, E4, or Cycle 002."
"MassyuRed/mashos-api","ai/tests/fixtures/emlis_nls_v3/cycle_001/cycle001_dependency_manifest_rc0028_experiment.json","NLS_V3_STEP11_RC0028","added","new_or_modified_since_20260714_premise","d81865a4bf952cbc091171fb52913d34156f4e9c (GitHub transport comparison anchor; not asserted byte-identical to local ZIP baseline)","25b98ec8b59eaff717d1dc3261ff21156ccce7ed","07c613faf235dc460a1954c1a481a9bec3af38cb","NLS v3 offline/disconnected evidence or implementation path; does not claim Cycle 001 acceptance, production connection, E4, or Cycle 002."
"MassyuRed/mashos-api","ai/tests/fixtures/emlis_nls_v3/cycle_001/cycle001_dependency_manifest_rc0029_surface_repair_experiment.json","NLS_V3_STEP11_RC0029","added","new_or_modified_since_20260714_premise","d81865a4bf952cbc091171fb52913d34156f4e9c (GitHub transport comparison anchor; not asserted byte-identical to local ZIP baseline)","25b98ec8b59eaff717d1dc3261ff21156ccce7ed","4eed2b0399771d58bfb9f995efc84d65dc10b603","NLS v3 offline/disconnected evidence or implementation path; does not claim Cycle 001 acceptance, production connection, E4, or Cycle 002."
"MassyuRed/mashos-api","ai/tests/fixtures/emlis_nls_v3/cycle_001/cycle001_dependency_manifest_rc0030_surface_planning_experiment.json","NLS_V3_STEP11_RC0030","added","new_or_modified_since_20260714_premise","d81865a4bf952cbc091171fb52913d34156f4e9c (GitHub transport comparison anchor; not asserted byte-identical to local ZIP baseline)","25b98ec8b59eaff717d1dc3261ff21156ccce7ed","4d71e5f51e484589a1f882299da15926303e6df6","NLS v3 offline/disconnected evidence or implementation path; does not claim Cycle 001 acceptance, production connection, E4, or Cycle 002."
"MassyuRed/mashos-api","ai/tests/fixtures/emlis_nls_v3/cycle_001/cycle001_development42_rc0025.json","NLS_V3_STEP11_CYCLE001_CORE","added","new_or_modified_since_20260714_premise","d81865a4bf952cbc091171fb52913d34156f4e9c (GitHub transport comparison anchor; not asserted byte-identical to local ZIP baseline)","25b98ec8b59eaff717d1dc3261ff21156ccce7ed","c18f5f65ab07b3f5909b63b84adc4a9a7de152f1","NLS v3 offline/disconnected evidence or implementation path; does not claim Cycle 001 acceptance, production connection, E4, or Cycle 002."
"MassyuRed/mashos-api","ai/tests/fixtures/emlis_nls_v3/cycle_001/cycle001_development42_rc0026.json","NLS_V3_STEP11_CYCLE001_CORE","added","new_or_modified_since_20260714_premise","d81865a4bf952cbc091171fb52913d34156f4e9c (GitHub transport comparison anchor; not asserted byte-identical to local ZIP baseline)","25b98ec8b59eaff717d1dc3261ff21156ccce7ed","926b29fa92978da41548adf8c16dc358c619adb0","NLS v3 offline/disconnected evidence or implementation path; does not claim Cycle 001 acceptance, production connection, E4, or Cycle 002."
"MassyuRed/mashos-api","ai/tests/fixtures/emlis_nls_v3/cycle_001/cycle001_final_rc0014_private_verification.json","NLS_V3_STEP11_CYCLE001_CORE","added","new_or_modified_since_20260714_premise","d81865a4bf952cbc091171fb52913d34156f4e9c (GitHub transport comparison anchor; not asserted byte-identical to local ZIP baseline)","25b98ec8b59eaff717d1dc3261ff21156ccce7ed","5e75ae60a68b771240c49d302ea6340ae05d485b","NLS v3 offline/disconnected evidence or implementation path; does not claim Cycle 001 acceptance, production connection, E4, or Cycle 002."
"MassyuRed/mashos-api","ai/tests/fixtures/emlis_nls_v3/cycle_001/cycle001_final_rc0014_summary.json","NLS_V3_STEP11_CYCLE001_CORE","added","new_or_modified_since_20260714_premise","d81865a4bf952cbc091171fb52913d34156f4e9c (GitHub transport comparison anchor; not asserted byte-identical to local ZIP baseline)","25b98ec8b59eaff717d1dc3261ff21156ccce7ed","1a48716bc117d4ad56ce9d2ce781ec796ce61b21","NLS v3 offline/disconnected evidence or implementation path; does not claim Cycle 001 acceptance, production connection, E4, or Cycle 002."
"MassyuRed/mashos-api","ai/tests/fixtures/emlis_nls_v3/cycle_001/cycle001_final_rc0015_private_verification.json","NLS_V3_STEP11_CYCLE001_CORE","added","new_or_modified_since_20260714_premise","d81865a4bf952cbc091171fb52913d34156f4e9c (GitHub transport comparison anchor; not asserted byte-identical to local ZIP baseline)","25b98ec8b59eaff717d1dc3261ff21156ccce7ed","e5c3adaaed3e94a382b0674cfc4b5b35f71809cf","NLS v3 offline/disconnected evidence or implementation path; does not claim Cycle 001 acceptance, production connection, E4, or Cycle 002."
"MassyuRed/mashos-api","ai/tests/fixtures/emlis_nls_v3/cycle_001/cycle001_final_rc0015_summary.json","NLS_V3_STEP11_CYCLE001_CORE","added","new_or_modified_since_20260714_premise","d81865a4bf952cbc091171fb52913d34156f4e9c (GitHub transport comparison anchor; not asserted byte-identical to local ZIP baseline)","25b98ec8b59eaff717d1dc3261ff21156ccce7ed","1c65786481d42cca59a834c372303d5df734bae4","NLS v3 offline/disconnected evidence or implementation path; does not claim Cycle 001 acceptance, production connection, E4, or Cycle 002."
"MassyuRed/mashos-api","ai/tests/fixtures/emlis_nls_v3/cycle_001/cycle001_final_rc0016_private_verification.json","NLS_V3_STEP11_CYCLE001_CORE","added","new_or_modified_since_20260714_premise","d81865a4bf952cbc091171fb52913d34156f4e9c (GitHub transport comparison anchor; not asserted byte-identical to local ZIP baseline)","25b98ec8b59eaff717d1dc3261ff21156ccce7ed","745088a08e3858c70234e1ed91d9f109dfa637a5","NLS v3 offline/disconnected evidence or implementation path; does not claim Cycle 001 acceptance, production connection, E4, or Cycle 002."
"MassyuRed/mashos-api","ai/tests/fixtures/emlis_nls_v3/cycle_001/cycle001_final_rc0016_summary.json","NLS_V3_STEP11_CYCLE001_CORE","added","new_or_modified_since_20260714_premise","d81865a4bf952cbc091171fb52913d34156f4e9c (GitHub transport comparison anchor; not asserted byte-identical to local ZIP baseline)","25b98ec8b59eaff717d1dc3261ff21156ccce7ed","7201c9315f1039d54b7d528462ba08550148c2f4","NLS v3 offline/disconnected evidence or implementation path; does not claim Cycle 001 acceptance, production connection, E4, or Cycle 002."
"MassyuRed/mashos-api","ai/tests/fixtures/emlis_nls_v3/cycle_001/cycle001_final_rc0022_private_verification.json","NLS_V3_STEP11_CYCLE001_CORE","added","new_or_modified_since_20260714_premise","d81865a4bf952cbc091171fb52913d34156f4e9c (GitHub transport comparison anchor; not asserted byte-identical to local ZIP baseline)","25b98ec8b59eaff717d1dc3261ff21156ccce7ed","ef244f3f181e22b37223e181872f2b26ae471cb1","NLS v3 offline/disconnected evidence or implementation path; does not claim Cycle 001 acceptance, production connection, E4, or Cycle 002."
"MassyuRed/mashos-api","ai/tests/fixtures/emlis_nls_v3/cycle_001/cycle001_final_rc0022_summary.json","NLS_V3_STEP11_CYCLE001_CORE","added","new_or_modified_since_20260714_premise","d81865a4bf952cbc091171fb52913d34156f4e9c (GitHub transport comparison anchor; not asserted byte-identical to local ZIP baseline)","25b98ec8b59eaff717d1dc3261ff21156ccce7ed","fd20f9088efb34b5f159dd9d7fc4ee9939919a4c","NLS v3 offline/disconnected evidence or implementation path; does not claim Cycle 001 acceptance, production connection, E4, or Cycle 002."
"MassyuRed/mashos-api","ai/tests/fixtures/emlis_nls_v3/cycle_001/cycle001_final_rc0023_private_verification.json","NLS_V3_STEP11_CYCLE001_CORE","added","new_or_modified_since_20260714_premise","d81865a4bf952cbc091171fb52913d34156f4e9c (GitHub transport comparison anchor; not asserted byte-identical to local ZIP baseline)","25b98ec8b59eaff717d1dc3261ff21156ccce7ed","f662e7d8813e115a2f00f70652647cb97f72e8c1","NLS v3 offline/disconnected evidence or implementation path; does not claim Cycle 001 acceptance, production connection, E4, or Cycle 002."
"MassyuRed/mashos-api","ai/tests/fixtures/emlis_nls_v3/cycle_001/cycle001_final_rc0023_summary.json","NLS_V3_STEP11_CYCLE001_CORE","added","new_or_modified_since_20260714_premise","d81865a4bf952cbc091171fb52913d34156f4e9c (GitHub transport comparison anchor; not asserted byte-identical to local ZIP baseline)","25b98ec8b59eaff717d1dc3261ff21156ccce7ed","0ebbcde54dc51e121de58d5526c991d6eb8e26f5","NLS v3 offline/disconnected evidence or implementation path; does not claim Cycle 001 acceptance, production connection, E4, or Cycle 002."
"MassyuRed/mashos-api","ai/tests/fixtures/emlis_nls_v3/cycle_001/cycle001_final_rc0024_private_verification.json","NLS_V3_STEP11_CYCLE001_CORE","added","new_or_modified_since_20260714_premise","d81865a4bf952cbc091171fb52913d34156f4e9c (GitHub transport comparison anchor; not asserted byte-identical to local ZIP baseline)","25b98ec8b59eaff717d1dc3261ff21156ccce7ed","9eb9cbf1d23255ca4037048872685ced7a1c4250","NLS v3 offline/disconnected evidence or implementation path; does not claim Cycle 001 acceptance, production connection, E4, or Cycle 002."
"MassyuRed/mashos-api","ai/tests/fixtures/emlis_nls_v3/cycle_001/cycle001_final_rc0024_summary.json","NLS_V3_STEP11_CYCLE001_CORE","added","new_or_modified_since_20260714_premise","d81865a4bf952cbc091171fb52913d34156f4e9c (GitHub transport comparison anchor; not asserted byte-identical to local ZIP baseline)","25b98ec8b59eaff717d1dc3261ff21156ccce7ed","1a75524b427d56b3908ecb7aaa6859cd91aad85a","NLS v3 offline/disconnected evidence or implementation path; does not claim Cycle 001 acceptance, production connection, E4, or Cycle 002."
"MassyuRed/mashos-api","ai/tests/fixtures/emlis_nls_v3/cycle_001/cycle001_final_rc0025_private_verification.json","NLS_V3_STEP11_CYCLE001_CORE","added","new_or_modified_since_20260714_premise","d81865a4bf952cbc091171fb52913d34156f4e9c (GitHub transport comparison anchor; not asserted byte-identical to local ZIP baseline)","25b98ec8b59eaff717d1dc3261ff21156ccce7ed","0c2de1b993fd841c660b15bfde25cb647ad6a95b","NLS v3 offline/disconnected evidence or implementation path; does not claim Cycle 001 acceptance, production connection, E4, or Cycle 002."
"MassyuRed/mashos-api","ai/tests/fixtures/emlis_nls_v3/cycle_001/cycle001_final_rc0025_summary.json","NLS_V3_STEP11_CYCLE001_CORE","added","new_or_modified_since_20260714_premise","d81865a4bf952cbc091171fb52913d34156f4e9c (GitHub transport comparison anchor; not asserted byte-identical to local ZIP baseline)","25b98ec8b59eaff717d1dc3261ff21156ccce7ed","2e52a9c077c00c50811655f9cca4d327e01ba427","NLS v3 offline/disconnected evidence or implementation path; does not claim Cycle 001 acceptance, production connection, E4, or Cycle 002."
"MassyuRed/mashos-api","ai/tests/fixtures/emlis_nls_v3/cycle_001/cycle001_final_rc0026_private_verification.json","NLS_V3_STEP11_CYCLE001_CORE","added","new_or_modified_since_20260714_premise","d81865a4bf952cbc091171fb52913d34156f4e9c (GitHub transport comparison anchor; not asserted byte-identical to local ZIP baseline)","25b98ec8b59eaff717d1dc3261ff21156ccce7ed","11f29898a08e6e44d467cc61446c8e756224b7b5","NLS v3 offline/disconnected evidence or implementation path; does not claim Cycle 001 acceptance, production connection, E4, or Cycle 002."
"MassyuRed/mashos-api","ai/tests/fixtures/emlis_nls_v3/cycle_001/cycle001_final_rc0026_summary.json","NLS_V3_STEP11_CYCLE001_CORE","added","new_or_modified_since_20260714_premise","d81865a4bf952cbc091171fb52913d34156f4e9c (GitHub transport comparison anchor; not asserted byte-identical to local ZIP baseline)","25b98ec8b59eaff717d1dc3261ff21156ccce7ed","f9ad237e2933f26dde2dc85f6d3ac4d9dabd6b7b","NLS v3 offline/disconnected evidence or implementation path; does not claim Cycle 001 acceptance, production connection, E4, or Cycle 002."
"MassyuRed/mashos-api","ai/tests/fixtures/emlis_nls_v3/cycle_001/cycle001_initial_rc0010_summary.json","NLS_V3_STEP11_CYCLE001_CORE","added","new_or_modified_since_20260714_premise","d81865a4bf952cbc091171fb52913d34156f4e9c (GitHub transport comparison anchor; not asserted byte-identical to local ZIP baseline)","25b98ec8b59eaff717d1dc3261ff21156ccce7ed","f521690bf28bebcfd3bc2ade49f5b06cc7273a1d","NLS v3 offline/disconnected evidence or implementation path; does not claim Cycle 001 acceptance, production connection, E4, or Cycle 002."
"MassyuRed/mashos-api","ai/tests/fixtures/emlis_nls_v3/cycle_001/cycle001_invalid16_rc0016.json","NLS_V3_STEP11_CYCLE001_CORE","added","new_or_modified_since_20260714_premise","d81865a4bf952cbc091171fb52913d34156f4e9c (GitHub transport comparison anchor; not asserted byte-identical to local ZIP baseline)","25b98ec8b59eaff717d1dc3261ff21156ccce7ed","b79775640c68f60e7dc812ad29b8db8753a2ac4f","NLS v3 offline/disconnected evidence or implementation path; does not claim Cycle 001 acceptance, production connection, E4, or Cycle 002."
"MassyuRed/mashos-api","ai/tests/fixtures/emlis_nls_v3/cycle_001/cycle001_invalid16_rc0025.json","NLS_V3_STEP11_CYCLE001_CORE","added","new_or_modified_since_20260714_premise","d81865a4bf952cbc091171fb52913d34156f4e9c (GitHub transport comparison anchor; not asserted byte-identical to local ZIP baseline)","25b98ec8b59eaff717d1dc3261ff21156ccce7ed","14581c29b2b7c3ee8c65a78a5efd856b728f3c92","NLS v3 offline/disconnected evidence or implementation path; does not claim Cycle 001 acceptance, production connection, E4, or Cycle 002."
"MassyuRed/mashos-api","ai/tests/fixtures/emlis_nls_v3/cycle_001/cycle001_invalid16_rc0026.json","NLS_V3_STEP11_CYCLE001_CORE","added","new_or_modified_since_20260714_premise","d81865a4bf952cbc091171fb52913d34156f4e9c (GitHub transport comparison anchor; not asserted byte-identical to local ZIP baseline)","25b98ec8b59eaff717d1dc3261ff21156ccce7ed","db25a26cb143f1f1b0f06df0a3bd01c5ad402d8b","NLS v3 offline/disconnected evidence or implementation path; does not claim Cycle 001 acceptance, production connection, E4, or Cycle 002."
"MassyuRed/mashos-api","ai/tests/fixtures/emlis_nls_v3/cycle_001/cycle001_known28_rc0016.json","NLS_V3_STEP11_CYCLE001_CORE","added","new_or_modified_since_20260714_premise","d81865a4bf952cbc091171fb52913d34156f4e9c (GitHub transport comparison anchor; not asserted byte-identical to local ZIP baseline)","25b98ec8b59eaff717d1dc3261ff21156ccce7ed","c08f6dfb31c08e385e21806be2d9a1c2fe956ebb","NLS v3 offline/disconnected evidence or implementation path; does not claim Cycle 001 acceptance, production connection, E4, or Cycle 002."
"MassyuRed/mashos-api","ai/tests/fixtures/emlis_nls_v3/cycle_001/cycle001_known28_rc0025.json","NLS_V3_STEP11_CYCLE001_CORE","added","new_or_modified_since_20260714_premise","d81865a4bf952cbc091171fb52913d34156f4e9c (GitHub transport comparison anchor; not asserted byte-identical to local ZIP baseline)","25b98ec8b59eaff717d1dc3261ff21156ccce7ed","45368d3b4188276592f80cb13591564ad00a54f4","NLS v3 offline/disconnected evidence or implementation path; does not claim Cycle 001 acceptance, production connection, E4, or Cycle 002."
"MassyuRed/mashos-api","ai/tests/fixtures/emlis_nls_v3/cycle_001/cycle001_known28_rc0026.json","NLS_V3_STEP11_CYCLE001_CORE","added","new_or_modified_since_20260714_premise","d81865a4bf952cbc091171fb52913d34156f4e9c (GitHub transport comparison anchor; not asserted byte-identical to local ZIP baseline)","25b98ec8b59eaff717d1dc3261ff21156ccce7ed","dbe0951ff854e7ac243b7df212f49b2220757b36","NLS v3 offline/disconnected evidence or implementation path; does not claim Cycle 001 acceptance, production connection, E4, or Cycle 002."
"MassyuRed/mashos-api","ai/tests/fixtures/emlis_nls_v3/cycle_001/cycle001_product_read_failure_rc0020.json","NLS_V3_STEP11_CYCLE001_CORE","added","new_or_modified_since_20260714_premise","d81865a4bf952cbc091171fb52913d34156f4e9c (GitHub transport comparison anchor; not asserted byte-identical to local ZIP baseline)","25b98ec8b59eaff717d1dc3261ff21156ccce7ed","91e00b5cde32e9501abe174c340ea3bd6018f2d3","NLS v3 offline/disconnected evidence or implementation path; does not claim Cycle 001 acceptance, production connection, E4, or Cycle 002."
"MassyuRed/mashos-api","ai/tests/fixtures/emlis_nls_v3/cycle_001/cycle001_product_read_failure_rc0021.json","NLS_V3_STEP11_CYCLE001_CORE","added","new_or_modified_since_20260714_premise","d81865a4bf952cbc091171fb52913d34156f4e9c (GitHub transport comparison anchor; not asserted byte-identical to local ZIP baseline)","25b98ec8b59eaff717d1dc3261ff21156ccce7ed","1bc364a979506f0d4a13971b33e9d00e2b729afb","NLS v3 offline/disconnected evidence or implementation path; does not claim Cycle 001 acceptance, production connection, E4, or Cycle 002."
"MassyuRed/mashos-api","ai/tests/fixtures/emlis_nls_v3/cycle_001/cycle001_product_read_failure_rc0025.json","NLS_V3_STEP11_CYCLE001_CORE","added","new_or_modified_since_20260714_premise","d81865a4bf952cbc091171fb52913d34156f4e9c (GitHub transport comparison anchor; not asserted byte-identical to local ZIP baseline)","25b98ec8b59eaff717d1dc3261ff21156ccce7ed","8c77e330ebb5a5ac6fbdc4ecf23f3b4cdd92e334","NLS v3 offline/disconnected evidence or implementation path; does not claim Cycle 001 acceptance, production connection, E4, or Cycle 002."
"MassyuRed/mashos-api","ai/tests/fixtures/emlis_nls_v3/cycle_001/cycle001_product_read_failure_rc0026.json","NLS_V3_STEP11_CYCLE001_CORE","added","new_or_modified_since_20260714_premise","d81865a4bf952cbc091171fb52913d34156f4e9c (GitHub transport comparison anchor; not asserted byte-identical to local ZIP baseline)","25b98ec8b59eaff717d1dc3261ff21156ccce7ed","89a575b2f5febd5579b7091c5fa9ac839776f571","NLS v3 offline/disconnected evidence or implementation path; does not claim Cycle 001 acceptance, production connection, E4, or Cycle 002."
"MassyuRed/mashos-api","ai/tests/fixtures/emlis_nls_v3/cycle_001/rc0028_representative8_body_free.json","NLS_V3_STEP11_RC0028","added","new_or_modified_since_20260714_premise","d81865a4bf952cbc091171fb52913d34156f4e9c (GitHub transport comparison anchor; not asserted byte-identical to local ZIP baseline)","25b98ec8b59eaff717d1dc3261ff21156ccce7ed","d84ba98a17d452783885ebd1c8afffa8abf82bf1","NLS v3 offline/disconnected evidence or implementation path; does not claim Cycle 001 acceptance, production connection, E4, or Cycle 002."
"MassyuRed/mashos-api","ai/tests/fixtures/emlis_nls_v3/cycle_001/rc0029_representative8_body_free.json","NLS_V3_STEP11_RC0029","added","new_or_modified_since_20260714_premise","d81865a4bf952cbc091171fb52913d34156f4e9c (GitHub transport comparison anchor; not asserted byte-identical to local ZIP baseline)","25b98ec8b59eaff717d1dc3261ff21156ccce7ed","73cc5b64ec7661be726ed66ef4d157dc3478547b","NLS v3 offline/disconnected evidence or implementation path; does not claim Cycle 001 acceptance, production connection, E4, or Cycle 002."
"MassyuRed/mashos-api","ai/tests/fixtures/emlis_nls_v3/cycle_001/rc0030_representative8_body_free.json","NLS_V3_STEP11_RC0030","added","new_or_modified_since_20260714_premise","d81865a4bf952cbc091171fb52913d34156f4e9c (GitHub transport comparison anchor; not asserted byte-identical to local ZIP baseline)","25b98ec8b59eaff717d1dc3261ff21156ccce7ed","05d40777c8903dfc3ef152af238685ffbbaa9c9e","NLS v3 offline/disconnected evidence or implementation path; does not claim Cycle 001 acceptance, production connection, E4, or Cycle 002."
"MassyuRed/mashos-api","ai/tests/fixtures/emlis_nls_v3/generated/batch_001.jsonl","NLS_V3_STEP0_10_CORE","added","new_or_modified_since_20260714_premise","d81865a4bf952cbc091171fb52913d34156f4e9c (GitHub transport comparison anchor; not asserted byte-identical to local ZIP baseline)","25b98ec8b59eaff717d1dc3261ff21156ccce7ed","d615db9dcebb5383172e6650873aeebe9c86f9e0","NLS v3 offline/disconnected evidence or implementation path; does not claim Cycle 001 acceptance, production connection, E4, or Cycle 002."
"MassyuRed/mashos-api","ai/tests/fixtures/emlis_nls_v3/generated/batch_001_coverage_matrix.json","NLS_V3_STEP0_10_CORE","added","new_or_modified_since_20260714_premise","d81865a4bf952cbc091171fb52913d34156f4e9c (GitHub transport comparison anchor; not asserted byte-identical to local ZIP baseline)","25b98ec8b59eaff717d1dc3261ff21156ccce7ed","1fe2bba1c8e5497d15b4ad9dd20c895864f7abb1","NLS v3 offline/disconnected evidence or implementation path; does not claim Cycle 001 acceptance, production connection, E4, or Cycle 002."
"MassyuRed/mashos-api","ai/tests/fixtures/emlis_nls_v3/generated/batch_001_duplicate_report.json","NLS_V3_STEP0_10_CORE","added","new_or_modified_since_20260714_premise","d81865a4bf952cbc091171fb52913d34156f4e9c (GitHub transport comparison anchor; not asserted byte-identical to local ZIP baseline)","25b98ec8b59eaff717d1dc3261ff21156ccce7ed","30b7b54af9069689ff5d9fe36d047de664dc1050","NLS v3 offline/disconnected evidence or implementation path; does not claim Cycle 001 acceptance, production connection, E4, or Cycle 002."
"MassyuRed/mashos-api","ai/tests/fixtures/emlis_nls_v3/generated/batch_001_manifest.json","NLS_V3_STEP0_10_CORE","added","new_or_modified_since_20260714_premise","d81865a4bf952cbc091171fb52913d34156f4e9c (GitHub transport comparison anchor; not asserted byte-identical to local ZIP baseline)","25b98ec8b59eaff717d1dc3261ff21156ccce7ed","4101da243f0e64cce4503b2750074eb2f854848d","NLS v3 offline/disconnected evidence or implementation path; does not claim Cycle 001 acceptance, production connection, E4, or Cycle 002."
"MassyuRed/mashos-api","ai/tests/fixtures/emlis_nls_v3_s0_boundary_20260714.json","NLS_V3_STEP0_10_CORE","added","new_or_modified_since_20260714_premise","d81865a4bf952cbc091171fb52913d34156f4e9c (GitHub transport comparison anchor; not asserted byte-identical to local ZIP baseline)","25b98ec8b59eaff717d1dc3261ff21156ccce7ed","1e6f889caec5eb50a24dba65f3c47b5f01073473","NLS v3 offline/disconnected evidence or implementation path; does not claim Cycle 001 acceptance, production connection, E4, or Cycle 002."
"MassyuRed/mashos-api","ai/tests/fixtures/emlis_nls_v3_s1_baseline_receipt_20260714.json","NLS_V3_STEP0_10_CORE","added","new_or_modified_since_20260714_premise","d81865a4bf952cbc091171fb52913d34156f4e9c (GitHub transport comparison anchor; not asserted byte-identical to local ZIP baseline)","25b98ec8b59eaff717d1dc3261ff21156ccce7ed","2440b641387618c0a14039558a00a4fcdc41c99b","NLS v3 offline/disconnected evidence or implementation path; does not claim Cycle 001 acceptance, production connection, E4, or Cycle 002."
"MassyuRed/mashos-api","ai/tests/fixtures/emlis_nls_v3_s1_input_contract_20260714.json","NLS_V3_STEP0_10_CORE","added","new_or_modified_since_20260714_premise","d81865a4bf952cbc091171fb52913d34156f4e9c (GitHub transport comparison anchor; not asserted byte-identical to local ZIP baseline)","25b98ec8b59eaff717d1dc3261ff21156ccce7ed","8d483e41f70d7c36a04db1373da1360fce4a3d04","NLS v3 offline/disconnected evidence or implementation path; does not claim Cycle 001 acceptance, production connection, E4, or Cycle 002."
"MassyuRed/mashos-api","ai/tests/fixtures/emlis_nls_v3_s2_corpus_registry_20260714.json","NLS_V3_STEP0_10_CORE","added","new_or_modified_since_20260714_premise","d81865a4bf952cbc091171fb52913d34156f4e9c (GitHub transport comparison anchor; not asserted byte-identical to local ZIP baseline)","25b98ec8b59eaff717d1dc3261ff21156ccce7ed","2648d1fb3fdba36bf1c3bb3ff68b91aa2c60a60e","NLS v3 offline/disconnected evidence or implementation path; does not claim Cycle 001 acceptance, production connection, E4, or Cycle 002."
"MassyuRed/mashos-api","ai/tests/fixtures/emlis_nls_v3_s3_contract_receipt_20260715.json","NLS_V3_STEP0_10_CORE","added","new_or_modified_since_20260714_premise","d81865a4bf952cbc091171fb52913d34156f4e9c (GitHub transport comparison anchor; not asserted byte-identical to local ZIP baseline)","25b98ec8b59eaff717d1dc3261ff21156ccce7ed","791e0f1d4394b3f67ba5bed0ac94d53a9dfa968e","NLS v3 offline/disconnected evidence or implementation path; does not claim Cycle 001 acceptance, production connection, E4, or Cycle 002."
"MassyuRed/mashos-api","ai/tests/fixtures/emlis_nls_v3_s3_red_attack_catalog_20260715.json","NLS_V3_STEP0_10_CORE","added","new_or_modified_since_20260714_premise","d81865a4bf952cbc091171fb52913d34156f4e9c (GitHub transport comparison anchor; not asserted byte-identical to local ZIP baseline)","25b98ec8b59eaff717d1dc3261ff21156ccce7ed","6f5099b976b68e2442577e190481d0c10f1226f9","NLS v3 offline/disconnected evidence or implementation path; does not claim Cycle 001 acceptance, production connection, E4, or Cycle 002."
"MassyuRed/mashos-api","ai/tests/helpers/emlis_nls_v3_s0_s1_baseline.py","NLS_V3_STEP0_10_CORE","added","new_or_modified_since_20260714_premise","d81865a4bf952cbc091171fb52913d34156f4e9c (GitHub transport comparison anchor; not asserted byte-identical to local ZIP baseline)","25b98ec8b59eaff717d1dc3261ff21156ccce7ed","77bcb55fed34d19b38ae54734eadef54e092f6ce","NLS v3 offline/disconnected evidence or implementation path; does not claim Cycle 001 acceptance, production connection, E4, or Cycle 002."
"MassyuRed/mashos-api","ai/tests/helpers/emlis_nls_v3_s2_sample_registry.py","NLS_V3_STEP0_10_CORE","added","new_or_modified_since_20260714_premise","d81865a4bf952cbc091171fb52913d34156f4e9c (GitHub transport comparison anchor; not asserted byte-identical to local ZIP baseline)","25b98ec8b59eaff717d1dc3261ff21156ccce7ed","027e39a172a3c8a9faa58e64eb819a1eec9e1df1","NLS v3 offline/disconnected evidence or implementation path; does not claim Cycle 001 acceptance, production connection, E4, or Cycle 002."
"MassyuRed/mashos-api","ai/tests/local_only/emlis_nls_v3_s1_v1_visible_20260714.json","NLS_V3_STEP0_10_CORE","added","new_or_modified_since_20260714_premise","d81865a4bf952cbc091171fb52913d34156f4e9c (GitHub transport comparison anchor; not asserted byte-identical to local ZIP baseline)","25b98ec8b59eaff717d1dc3261ff21156ccce7ed","3d64bbc52271e0a2c37937eeb78aa667e22b3c4e","NLS v3 offline/disconnected evidence or implementation path; does not claim Cycle 001 acceptance, production connection, E4, or Cycle 002."
"MassyuRed/mashos-api","ai/tests/schemas/emlis_nls_v3_case_evidence_receipt_v2.schema.json","NLS_V3_STEP0_10_CORE","added","new_or_modified_since_20260714_premise","d81865a4bf952cbc091171fb52913d34156f4e9c (GitHub transport comparison anchor; not asserted byte-identical to local ZIP baseline)","25b98ec8b59eaff717d1dc3261ff21156ccce7ed","36e3edbca766d4a08c6036013b13c07e7fcf7198","NLS v3 offline/disconnected evidence or implementation path; does not claim Cycle 001 acceptance, production connection, E4, or Cycle 002."
"MassyuRed/mashos-api","ai/tests/schemas/emlis_nls_v3_case_evidence_receipt_v3.schema.json","NLS_V3_STEP0_10_CORE","added","new_or_modified_since_20260714_premise","d81865a4bf952cbc091171fb52913d34156f4e9c (GitHub transport comparison anchor; not asserted byte-identical to local ZIP baseline)","25b98ec8b59eaff717d1dc3261ff21156ccce7ed","7339dd4313ec9ad0793b994445274ecffd057407","NLS v3 offline/disconnected evidence or implementation path; does not claim Cycle 001 acceptance, production connection, E4, or Cycle 002."
"MassyuRed/mashos-api","ai/tests/schemas/emlis_nls_v3_corpus_registry_v1.schema.json","NLS_V3_STEP0_10_CORE","added","new_or_modified_since_20260714_premise","d81865a4bf952cbc091171fb52913d34156f4e9c (GitHub transport comparison anchor; not asserted byte-identical to local ZIP baseline)","25b98ec8b59eaff717d1dc3261ff21156ccce7ed","5d0775016a606abaf2067a3e75629e0b2f4c5130","NLS v3 offline/disconnected evidence or implementation path; does not claim Cycle 001 acceptance, production connection, E4, or Cycle 002."
"MassyuRed/mashos-api","ai/tests/schemas/emlis_nls_v3_coverage_matrix_v1.schema.json","NLS_V3_STEP0_10_CORE","added","new_or_modified_since_20260714_premise","d81865a4bf952cbc091171fb52913d34156f4e9c (GitHub transport comparison anchor; not asserted byte-identical to local ZIP baseline)","25b98ec8b59eaff717d1dc3261ff21156ccce7ed","be88fd104ed51c665c7f3d9dc1ff1f43a53c6659","NLS v3 offline/disconnected evidence or implementation path; does not claim Cycle 001 acceptance, production connection, E4, or Cycle 002."
"MassyuRed/mashos-api","ai/tests/schemas/emlis_nls_v3_sample_batch_manifest_v1.schema.json","NLS_V3_STEP0_10_CORE","added","new_or_modified_since_20260714_premise","d81865a4bf952cbc091171fb52913d34156f4e9c (GitHub transport comparison anchor; not asserted byte-identical to local ZIP baseline)","25b98ec8b59eaff717d1dc3261ff21156ccce7ed","913d0bf35ab9a1706b84585d1b84fb1bfa497d61","NLS v3 offline/disconnected evidence or implementation path; does not claim Cycle 001 acceptance, production connection, E4, or Cycle 002."
"MassyuRed/mashos-api","ai/tests/schemas/emlis_nls_v3_sample_case_v1.schema.json","NLS_V3_STEP0_10_CORE","added","new_or_modified_since_20260714_premise","d81865a4bf952cbc091171fb52913d34156f4e9c (GitHub transport comparison anchor; not asserted byte-identical to local ZIP baseline)","25b98ec8b59eaff717d1dc3261ff21156ccce7ed","3cdb331348058380f7f3b9384e54aa266da62c3e","NLS v3 offline/disconnected evidence or implementation path; does not claim Cycle 001 acceptance, production connection, E4, or Cycle 002."
"MassyuRed/mashos-api","ai/tests/test_emlis_ai_grounded_observation_semantic_restatement.py","NLS_V3_SUPPORT","added","new_or_modified_since_20260714_premise","d81865a4bf952cbc091171fb52913d34156f4e9c (GitHub transport comparison anchor; not asserted byte-identical to local ZIP baseline)","25b98ec8b59eaff717d1dc3261ff21156ccce7ed","ecbacfa49cb06d79e7bb613281015434acd993e3","NLS v3 offline/disconnected evidence or implementation path; does not claim Cycle 001 acceptance, production connection, E4, or Cycle 002."
"MassyuRed/mashos-api","ai/tests/test_emlis_ai_nls_v3_rc0025_v1_surface_regression.py","NLS_V3_STEP0_10_CORE","added","new_or_modified_since_20260714_premise","d81865a4bf952cbc091171fb52913d34156f4e9c (GitHub transport comparison anchor; not asserted byte-identical to local ZIP baseline)","25b98ec8b59eaff717d1dc3261ff21156ccce7ed","e37c7d652f373197609dd8cd6f0be9c313bcefc8","NLS v3 offline/disconnected evidence or implementation path; does not claim Cycle 001 acceptance, production connection, E4, or Cycle 002."
"MassyuRed/mashos-api","ai/tests/test_emlis_nls_v2_all_steps_audit.py","NLS_V2_ALREADY_REFLECTED_20260714","added","already_reflected_in_20260714_premise","d81865a4bf952cbc091171fb52913d34156f4e9c (GitHub transport comparison anchor; not asserted byte-identical to local ZIP baseline)","25b98ec8b59eaff717d1dc3261ff21156ccce7ed","ff872833b6f1930796277e347d17c2cdd181de55","Already represented by eai714_diff.csv; retained only to explain the GitHub transport-comparison filter."
"MassyuRed/mashos-api","ai/tests/test_emlis_nls_v2_s12_s13_device_blocked.py","NLS_V2_ALREADY_REFLECTED_20260714","added","already_reflected_in_20260714_premise","d81865a4bf952cbc091171fb52913d34156f4e9c (GitHub transport comparison anchor; not asserted byte-identical to local ZIP baseline)","25b98ec8b59eaff717d1dc3261ff21156ccce7ed","37a03938185896568105e90764dc982411edbd8a","Already represented by eai714_diff.csv; retained only to explain the GitHub transport-comparison filter."
"MassyuRed/mashos-api","ai/tests/test_emlis_nls_v3_batch001_freeze.py","NLS_V3_STEP0_10_CORE","added","new_or_modified_since_20260714_premise","d81865a4bf952cbc091171fb52913d34156f4e9c (GitHub transport comparison anchor; not asserted byte-identical to local ZIP baseline)","25b98ec8b59eaff717d1dc3261ff21156ccce7ed","d4df6512092b45618219f08aab38e213d54d4173","NLS v3 offline/disconnected evidence or implementation path; does not claim Cycle 001 acceptance, production connection, E4, or Cycle 002."
"MassyuRed/mashos-api","ai/tests/test_emlis_nls_v3_s0_s1.py","NLS_V3_STEP0_10_CORE","added","new_or_modified_since_20260714_premise","d81865a4bf952cbc091171fb52913d34156f4e9c (GitHub transport comparison anchor; not asserted byte-identical to local ZIP baseline)","25b98ec8b59eaff717d1dc3261ff21156ccce7ed","cdea3c78984a973c336cc2e8af2990d887f1cade","NLS v3 offline/disconnected evidence or implementation path; does not claim Cycle 001 acceptance, production connection, E4, or Cycle 002."
"MassyuRed/mashos-api","ai/tests/test_emlis_nls_v3_s10_dormant_runtime_batch_evidence.py","NLS_V3_STEP0_10_CORE","added","new_or_modified_since_20260714_premise","d81865a4bf952cbc091171fb52913d34156f4e9c (GitHub transport comparison anchor; not asserted byte-identical to local ZIP baseline)","25b98ec8b59eaff717d1dc3261ff21156ccce7ed","fcf5a321bf2d8cf7d3c4c98ba728763d18b73303","NLS v3 offline/disconnected evidence or implementation path; does not claim Cycle 001 acceptance, production connection, E4, or Cycle 002."
"MassyuRed/mashos-api","ai/tests/test_emlis_nls_v3_s11_acceptance_distribution_contract.py","NLS_V3_STEP11_CYCLE001_CORE","added","new_or_modified_since_20260714_premise","d81865a4bf952cbc091171fb52913d34156f4e9c (GitHub transport comparison anchor; not asserted byte-identical to local ZIP baseline)","25b98ec8b59eaff717d1dc3261ff21156ccce7ed","f394543c1a0423019fa1c7ff9101785aff296f9c","NLS v3 offline/disconnected evidence or implementation path; does not claim Cycle 001 acceptance, production connection, E4, or Cycle 002."
"MassyuRed/mashos-api","ai/tests/test_emlis_nls_v3_s11_available_input_scope.py","NLS_V3_STEP11_CYCLE001_CORE","added","new_or_modified_since_20260714_premise","d81865a4bf952cbc091171fb52913d34156f4e9c (GitHub transport comparison anchor; not asserted byte-identical to local ZIP baseline)","25b98ec8b59eaff717d1dc3261ff21156ccce7ed","3396c3a50b21c94134156d7548c1f1424f85360b","NLS v3 offline/disconnected evidence or implementation path; does not claim Cycle 001 acceptance, production connection, E4, or Cycle 002."
"MassyuRed/mashos-api","ai/tests/test_emlis_nls_v3_s11_cycle001.py","NLS_V3_STEP11_CYCLE001_CORE","added","new_or_modified_since_20260714_premise","d81865a4bf952cbc091171fb52913d34156f4e9c (GitHub transport comparison anchor; not asserted byte-identical to local ZIP baseline)","25b98ec8b59eaff717d1dc3261ff21156ccce7ed","500cb40aca6ed4715acbdb972ef1665af559ae56","NLS v3 offline/disconnected evidence or implementation path; does not claim Cycle 001 acceptance, production connection, E4, or Cycle 002."
"MassyuRed/mashos-api","ai/tests/test_emlis_nls_v3_s11_cycle_finalize_integration.py","NLS_V3_STEP11_CYCLE001_CORE","added","new_or_modified_since_20260714_premise","d81865a4bf952cbc091171fb52913d34156f4e9c (GitHub transport comparison anchor; not asserted byte-identical to local ZIP baseline)","25b98ec8b59eaff717d1dc3261ff21156ccce7ed","b44405a824254eada2543fa338bc4d4a0558daa1","NLS v3 offline/disconnected evidence or implementation path; does not claim Cycle 001 acceptance, production connection, E4, or Cycle 002."
"MassyuRed/mashos-api","ai/tests/test_emlis_nls_v3_s11_development42_regression.py","NLS_V3_STEP11_CYCLE001_CORE","added","new_or_modified_since_20260714_premise","d81865a4bf952cbc091171fb52913d34156f4e9c (GitHub transport comparison anchor; not asserted byte-identical to local ZIP baseline)","25b98ec8b59eaff717d1dc3261ff21156ccce7ed","4d3afc889f0185c77236184211d8ab9ad9389f78","NLS v3 offline/disconnected evidence or implementation path; does not claim Cycle 001 acceptance, production connection, E4, or Cycle 002."
"MassyuRed/mashos-api","ai/tests/test_emlis_nls_v3_s11_hard_gate_security.py","NLS_V3_STEP11_CYCLE001_CORE","added","new_or_modified_since_20260714_premise","d81865a4bf952cbc091171fb52913d34156f4e9c (GitHub transport comparison anchor; not asserted byte-identical to local ZIP baseline)","25b98ec8b59eaff717d1dc3261ff21156ccce7ed","c8bd19ae68e53173b2b7178fb4621ce443e45491","NLS v3 offline/disconnected evidence or implementation path; does not claim Cycle 001 acceptance, production connection, E4, or Cycle 002."
"MassyuRed/mashos-api","ai/tests/test_emlis_nls_v3_s11_rc0019_catalog.py","NLS_V3_STEP11_CYCLE001_CORE","added","new_or_modified_since_20260714_premise","d81865a4bf952cbc091171fb52913d34156f4e9c (GitHub transport comparison anchor; not asserted byte-identical to local ZIP baseline)","25b98ec8b59eaff717d1dc3261ff21156ccce7ed","f681c5db310e559fb4f0d9c29dce206f8fc15043","NLS v3 offline/disconnected evidence or implementation path; does not claim Cycle 001 acceptance, production connection, E4, or Cycle 002."
"MassyuRed/mashos-api","ai/tests/test_emlis_nls_v3_s11_rc0019_depth.py","NLS_V3_STEP11_CYCLE001_CORE","added","new_or_modified_since_20260714_premise","d81865a4bf952cbc091171fb52913d34156f4e9c (GitHub transport comparison anchor; not asserted byte-identical to local ZIP baseline)","25b98ec8b59eaff717d1dc3261ff21156ccce7ed","fc06ff2900701e28ebc8a3978b6a6083e7e2f170","NLS v3 offline/disconnected evidence or implementation path; does not claim Cycle 001 acceptance, production connection, E4, or Cycle 002."
"MassyuRed/mashos-api","ai/tests/test_emlis_nls_v3_s11_rc0019_grouped_surface_red.py","NLS_V3_STEP11_CYCLE001_CORE","added","new_or_modified_since_20260714_premise","d81865a4bf952cbc091171fb52913d34156f4e9c (GitHub transport comparison anchor; not asserted byte-identical to local ZIP baseline)","25b98ec8b59eaff717d1dc3261ff21156ccce7ed","9b1259515ca62d77d2626df218b0c0e2b565c6c7","NLS v3 offline/disconnected evidence or implementation path; does not claim Cycle 001 acceptance, production connection, E4, or Cycle 002."
"MassyuRed/mashos-api","ai/tests/test_emlis_nls_v3_s11_rc0019_matcher.py","NLS_V3_STEP11_CYCLE001_CORE","added","new_or_modified_since_20260714_premise","d81865a4bf952cbc091171fb52913d34156f4e9c (GitHub transport comparison anchor; not asserted byte-identical to local ZIP baseline)","25b98ec8b59eaff717d1dc3261ff21156ccce7ed","04c0870044f7c944d9ee651ba8154b02182feb98","NLS v3 offline/disconnected evidence or implementation path; does not claim Cycle 001 acceptance, production connection, E4, or Cycle 002."
"MassyuRed/mashos-api","ai/tests/test_emlis_nls_v3_s11_rc0019_overlay.py","NLS_V3_STEP11_CYCLE001_CORE","added","new_or_modified_since_20260714_premise","d81865a4bf952cbc091171fb52913d34156f4e9c (GitHub transport comparison anchor; not asserted byte-identical to local ZIP baseline)","25b98ec8b59eaff717d1dc3261ff21156ccce7ed","8566cceb380cf802bd05303100570fdd88ea8aef","NLS v3 offline/disconnected evidence or implementation path; does not claim Cycle 001 acceptance, production connection, E4, or Cycle 002."
"MassyuRed/mashos-api","ai/tests/test_emlis_nls_v3_s11_rc0020_append_only_lineage.py","NLS_V3_STEP11_CYCLE001_CORE","added","new_or_modified_since_20260714_premise","d81865a4bf952cbc091171fb52913d34156f4e9c (GitHub transport comparison anchor; not asserted byte-identical to local ZIP baseline)","25b98ec8b59eaff717d1dc3261ff21156ccce7ed","b2e7fef68c9a6647f6a1272090f940f59899bb50","NLS v3 offline/disconnected evidence or implementation path; does not claim Cycle 001 acceptance, production connection, E4, or Cycle 002."
"MassyuRed/mashos-api","ai/tests/test_emlis_nls_v3_s11_rc0020_matcher.py","NLS_V3_STEP11_CYCLE001_CORE","added","new_or_modified_since_20260714_premise","d81865a4bf952cbc091171fb52913d34156f4e9c (GitHub transport comparison anchor; not asserted byte-identical to local ZIP baseline)","25b98ec8b59eaff717d1dc3261ff21156ccce7ed","d7e1efc49f5db28d4dd5db77413fac747ddee716","NLS v3 offline/disconnected evidence or implementation path; does not claim Cycle 001 acceptance, production connection, E4, or Cycle 002."
"MassyuRed/mashos-api","ai/tests/test_emlis_nls_v3_s11_rc0020_required_unknown.py","NLS_V3_STEP11_CYCLE001_CORE","added","new_or_modified_since_20260714_premise","d81865a4bf952cbc091171fb52913d34156f4e9c (GitHub transport comparison anchor; not asserted byte-identical to local ZIP baseline)","25b98ec8b59eaff717d1dc3261ff21156ccce7ed","8d626efdf30dd37a69a68f16c9459e5cf3d86a71","NLS v3 offline/disconnected evidence or implementation path; does not claim Cycle 001 acceptance, production connection, E4, or Cycle 002."
"MassyuRed/mashos-api","ai/tests/test_emlis_nls_v3_s11_rc0021_append_only_lineage.py","NLS_V3_STEP11_CYCLE001_CORE","added","new_or_modified_since_20260714_premise","d81865a4bf952cbc091171fb52913d34156f4e9c (GitHub transport comparison anchor; not asserted byte-identical to local ZIP baseline)","25b98ec8b59eaff717d1dc3261ff21156ccce7ed","f100b18d3318b7e364665670d64ae77722127359","NLS v3 offline/disconnected evidence or implementation path; does not claim Cycle 001 acceptance, production connection, E4, or Cycle 002."
"MassyuRed/mashos-api","ai/tests/test_emlis_nls_v3_s11_rc0021_compound_balanced_surface.py","NLS_V3_STEP11_CYCLE001_CORE","added","new_or_modified_since_20260714_premise","d81865a4bf952cbc091171fb52913d34156f4e9c (GitHub transport comparison anchor; not asserted byte-identical to local ZIP baseline)","25b98ec8b59eaff717d1dc3261ff21156ccce7ed","2df2cfb81a224b4b72be1ab25a649462d29d6e86","NLS v3 offline/disconnected evidence or implementation path; does not claim Cycle 001 acceptance, production connection, E4, or Cycle 002."
"MassyuRed/mashos-api","ai/tests/test_emlis_nls_v3_s11_rc0022_append_only_lineage.py","NLS_V3_STEP11_CYCLE001_CORE","added","new_or_modified_since_20260714_premise","d81865a4bf952cbc091171fb52913d34156f4e9c (GitHub transport comparison anchor; not asserted byte-identical to local ZIP baseline)","25b98ec8b59eaff717d1dc3261ff21156ccce7ed","8a0aca3c5c90363b619da854783156326607ab70","NLS v3 offline/disconnected evidence or implementation path; does not claim Cycle 001 acceptance, production connection, E4, or Cycle 002."
"MassyuRed/mashos-api","ai/tests/test_emlis_nls_v3_s11_rc0022_cycle_finalize.py","NLS_V3_STEP11_CYCLE001_CORE","added","new_or_modified_since_20260714_premise","d81865a4bf952cbc091171fb52913d34156f4e9c (GitHub transport comparison anchor; not asserted byte-identical to local ZIP baseline)","25b98ec8b59eaff717d1dc3261ff21156ccce7ed","9042311baf0b174f2cbb56747a746c6065bcc0ba","NLS v3 offline/disconnected evidence or implementation path; does not claim Cycle 001 acceptance, production connection, E4, or Cycle 002."
"MassyuRed/mashos-api","ai/tests/test_emlis_nls_v3_s11_rc0022_grammatical_chunk_surface.py","NLS_V3_STEP11_CYCLE001_CORE","added","new_or_modified_since_20260714_premise","d81865a4bf952cbc091171fb52913d34156f4e9c (GitHub transport comparison anchor; not asserted byte-identical to local ZIP baseline)","25b98ec8b59eaff717d1dc3261ff21156ccce7ed","12f267aaa2429326ddfcb36df039c4e59dcae432","NLS v3 offline/disconnected evidence or implementation path; does not claim Cycle 001 acceptance, production connection, E4, or Cycle 002."
"MassyuRed/mashos-api","ai/tests/test_emlis_nls_v3_s11_rc0023_append_only_lineage.py","NLS_V3_STEP11_CYCLE001_CORE","added","new_or_modified_since_20260714_premise","d81865a4bf952cbc091171fb52913d34156f4e9c (GitHub transport comparison anchor; not asserted byte-identical to local ZIP baseline)","25b98ec8b59eaff717d1dc3261ff21156ccce7ed","22106be233d593dd888628eb67ba3bb469f5c9b9","NLS v3 offline/disconnected evidence or implementation path; does not claim Cycle 001 acceptance, production connection, E4, or Cycle 002."
"MassyuRed/mashos-api","ai/tests/test_emlis_nls_v3_s11_rc0023_batch_evidence.py","NLS_V3_STEP11_CYCLE001_CORE","added","new_or_modified_since_20260714_premise","d81865a4bf952cbc091171fb52913d34156f4e9c (GitHub transport comparison anchor; not asserted byte-identical to local ZIP baseline)","25b98ec8b59eaff717d1dc3261ff21156ccce7ed","c69c9e60b79eb463d405a96185006622cfb8396a","NLS v3 offline/disconnected evidence or implementation path; does not claim Cycle 001 acceptance, production connection, E4, or Cycle 002."
"MassyuRed/mashos-api","ai/tests/test_emlis_nls_v3_s11_rc0023_cycle_finalize.py","NLS_V3_STEP11_CYCLE001_CORE","added","new_or_modified_since_20260714_premise","d81865a4bf952cbc091171fb52913d34156f4e9c (GitHub transport comparison anchor; not asserted byte-identical to local ZIP baseline)","25b98ec8b59eaff717d1dc3261ff21156ccce7ed","ab7afcdef25adf59e01ba792f7e294324df03531","NLS v3 offline/disconnected evidence or implementation path; does not claim Cycle 001 acceptance, production connection, E4, or Cycle 002."
"MassyuRed/mashos-api","ai/tests/test_emlis_nls_v3_s11_rc0023_matcher.py","NLS_V3_STEP11_CYCLE001_CORE","added","new_or_modified_since_20260714_premise","d81865a4bf952cbc091171fb52913d34156f4e9c (GitHub transport comparison anchor; not asserted byte-identical to local ZIP baseline)","25b98ec8b59eaff717d1dc3261ff21156ccce7ed","dce5b8c08bdef6cb1568afa08a1129cecd335c0c","NLS v3 offline/disconnected evidence or implementation path; does not claim Cycle 001 acceptance, production connection, E4, or Cycle 002."
"MassyuRed/mashos-api","ai/tests/test_emlis_nls_v3_s11_rc0024_append_only_lineage.py","NLS_V3_STEP11_CYCLE001_CORE","added","new_or_modified_since_20260714_premise","d81865a4bf952cbc091171fb52913d34156f4e9c (GitHub transport comparison anchor; not asserted byte-identical to local ZIP baseline)","25b98ec8b59eaff717d1dc3261ff21156ccce7ed","9946689abfd5b27f63e2139b3a37ff1f0bd389f0","NLS v3 offline/disconnected evidence or implementation path; does not claim Cycle 001 acceptance, production connection, E4, or Cycle 002."
"MassyuRed/mashos-api","ai/tests/test_emlis_nls_v3_s11_rc0024_cycle_finalize.py","NLS_V3_STEP11_CYCLE001_CORE","added","new_or_modified_since_20260714_premise","d81865a4bf952cbc091171fb52913d34156f4e9c (GitHub transport comparison anchor; not asserted byte-identical to local ZIP baseline)","25b98ec8b59eaff717d1dc3261ff21156ccce7ed","f8cc4053591eb79655739e336ee696d8372cfda2","NLS v3 offline/disconnected evidence or implementation path; does not claim Cycle 001 acceptance, production connection, E4, or Cycle 002."
"MassyuRed/mashos-api","ai/tests/test_emlis_nls_v3_s11_rc0024_source_slot_ownership.py","NLS_V3_STEP11_CYCLE001_CORE","added","new_or_modified_since_20260714_premise","d81865a4bf952cbc091171fb52913d34156f4e9c (GitHub transport comparison anchor; not asserted byte-identical to local ZIP baseline)","25b98ec8b59eaff717d1dc3261ff21156ccce7ed","cb7bfcca2ed467fca73b0f1fc9ecd8320a0acfa4","NLS v3 offline/disconnected evidence or implementation path; does not claim Cycle 001 acceptance, production connection, E4, or Cycle 002."
"MassyuRed/mashos-api","ai/tests/test_emlis_nls_v3_s11_rc0025_append_only_lineage.py","NLS_V3_STEP11_CYCLE001_CORE","added","new_or_modified_since_20260714_premise","d81865a4bf952cbc091171fb52913d34156f4e9c (GitHub transport comparison anchor; not asserted byte-identical to local ZIP baseline)","25b98ec8b59eaff717d1dc3261ff21156ccce7ed","7e9b5ad6c39f90ab04095fa88f884e599766e3dc","NLS v3 offline/disconnected evidence or implementation path; does not claim Cycle 001 acceptance, production connection, E4, or Cycle 002."
"MassyuRed/mashos-api","ai/tests/test_emlis_nls_v3_s11_rc0025_cycle_finalize.py","NLS_V3_STEP11_CYCLE001_CORE","added","new_or_modified_since_20260714_premise","d81865a4bf952cbc091171fb52913d34156f4e9c (GitHub transport comparison anchor; not asserted byte-identical to local ZIP baseline)","25b98ec8b59eaff717d1dc3261ff21156ccce7ed","c303f3146203eca93f1a629bec47b26ec872400a","NLS v3 offline/disconnected evidence or implementation path; does not claim Cycle 001 acceptance, production connection, E4, or Cycle 002."
"MassyuRed/mashos-api","ai/tests/test_emlis_nls_v3_s11_rc0026_append_only_lineage.py","NLS_V3_STEP11_CYCLE001_CORE","added","new_or_modified_since_20260714_premise","d81865a4bf952cbc091171fb52913d34156f4e9c (GitHub transport comparison anchor; not asserted byte-identical to local ZIP baseline)","25b98ec8b59eaff717d1dc3261ff21156ccce7ed","e98f561ea345eb393048f6c1d21486e584399f47","NLS v3 offline/disconnected evidence or implementation path; does not claim Cycle 001 acceptance, production connection, E4, or Cycle 002."
"MassyuRed/mashos-api","ai/tests/test_emlis_nls_v3_s11_rc0026_cycle_finalize.py","NLS_V3_STEP11_CYCLE001_CORE","added","new_or_modified_since_20260714_premise","d81865a4bf952cbc091171fb52913d34156f4e9c (GitHub transport comparison anchor; not asserted byte-identical to local ZIP baseline)","25b98ec8b59eaff717d1dc3261ff21156ccce7ed","2d50e3137a0cd91e5edd39d5a96a4d98e381ef37","NLS v3 offline/disconnected evidence or implementation path; does not claim Cycle 001 acceptance, production connection, E4, or Cycle 002."
"MassyuRed/mashos-api","ai/tests/test_emlis_nls_v3_s11_rc0026_product_read_surface_red.py","NLS_V3_STEP11_CYCLE001_CORE","added","new_or_modified_since_20260714_premise","d81865a4bf952cbc091171fb52913d34156f4e9c (GitHub transport comparison anchor; not asserted byte-identical to local ZIP baseline)","25b98ec8b59eaff717d1dc3261ff21156ccce7ed","b5feca29fb79e46c0df0bcce1e18a6c5c95b0392","NLS v3 offline/disconnected evidence or implementation path; does not claim Cycle 001 acceptance, production connection, E4, or Cycle 002."
"MassyuRed/mashos-api","ai/tests/test_emlis_nls_v3_s11_rc0026_semantic_matcher_contract.py","NLS_V3_STEP11_CYCLE001_CORE","added","new_or_modified_since_20260714_premise","d81865a4bf952cbc091171fb52913d34156f4e9c (GitHub transport comparison anchor; not asserted byte-identical to local ZIP baseline)","25b98ec8b59eaff717d1dc3261ff21156ccce7ed","e21389212fc250ce209ddec7cffb6e21535a7111","NLS v3 offline/disconnected evidence or implementation path; does not claim Cycle 001 acceptance, production connection, E4, or Cycle 002."
"MassyuRed/mashos-api","ai/tests/test_emlis_nls_v3_s11_rc0026_semantic_source_contract_red.py","NLS_V3_STEP11_CYCLE001_CORE","added","new_or_modified_since_20260714_premise","d81865a4bf952cbc091171fb52913d34156f4e9c (GitHub transport comparison anchor; not asserted byte-identical to local ZIP baseline)","25b98ec8b59eaff717d1dc3261ff21156ccce7ed","0cdb93e60252ce8963207aac319935f5a1bf768c","NLS v3 offline/disconnected evidence or implementation path; does not claim Cycle 001 acceptance, production connection, E4, or Cycle 002."
"MassyuRed/mashos-api","ai/tests/test_emlis_nls_v3_s11_rc0027_append_only_lineage.py","NLS_V3_STEP11_CYCLE001_CORE","added","new_or_modified_since_20260714_premise","d81865a4bf952cbc091171fb52913d34156f4e9c (GitHub transport comparison anchor; not asserted byte-identical to local ZIP baseline)","25b98ec8b59eaff717d1dc3261ff21156ccce7ed","b943a2008b9d921f796adb25100884f6165a1a8c","NLS v3 offline/disconnected evidence or implementation path; does not claim Cycle 001 acceptance, production connection, E4, or Cycle 002."
"MassyuRed/mashos-api","ai/tests/test_emlis_nls_v3_s11_rc0027_cycle_finalize.py","NLS_V3_STEP11_CYCLE001_CORE","added","new_or_modified_since_20260714_premise","d81865a4bf952cbc091171fb52913d34156f4e9c (GitHub transport comparison anchor; not asserted byte-identical to local ZIP baseline)","25b98ec8b59eaff717d1dc3261ff21156ccce7ed","215df2cb9da3786db7d9535cdf48823284703fe6","NLS v3 offline/disconnected evidence or implementation path; does not claim Cycle 001 acceptance, production connection, E4, or Cycle 002."
"MassyuRed/mashos-api","ai/tests/test_emlis_nls_v3_s11_rc0027_grounded_lexicalization_red.py","NLS_V3_STEP11_CYCLE001_CORE","added","new_or_modified_since_20260714_premise","d81865a4bf952cbc091171fb52913d34156f4e9c (GitHub transport comparison anchor; not asserted byte-identical to local ZIP baseline)","25b98ec8b59eaff717d1dc3261ff21156ccce7ed","86c9017931a3c43653af497b3f67b28dbbcc9b85","NLS v3 offline/disconnected evidence or implementation path; does not claim Cycle 001 acceptance, production connection, E4, or Cycle 002."
"MassyuRed/mashos-api","ai/tests/test_emlis_nls_v3_s11_rc0027_product_surface_contract_red.py","NLS_V3_STEP11_CYCLE001_CORE","added","new_or_modified_since_20260714_premise","d81865a4bf952cbc091171fb52913d34156f4e9c (GitHub transport comparison anchor; not asserted byte-identical to local ZIP baseline)","25b98ec8b59eaff717d1dc3261ff21156ccce7ed","e3878fa1b3052c7e374a1fabdf98275db45eb128","NLS v3 offline/disconnected evidence or implementation path; does not claim Cycle 001 acceptance, production connection, E4, or Cycle 002."
"MassyuRed/mashos-api","ai/tests/test_emlis_nls_v3_s11_rc0028_downstream_dependency_closure.py","NLS_V3_STEP11_RC0028","added","new_or_modified_since_20260714_premise","d81865a4bf952cbc091171fb52913d34156f4e9c (GitHub transport comparison anchor; not asserted byte-identical to local ZIP baseline)","25b98ec8b59eaff717d1dc3261ff21156ccce7ed","3c8de132607299f6a52872b178bc911e9fc6f9c7","NLS v3 offline/disconnected evidence or implementation path; does not claim Cycle 001 acceptance, production connection, E4, or Cycle 002."
"MassyuRed/mashos-api","ai/tests/test_emlis_nls_v3_s11_rc0028_e0b_downstream_mutation.py","NLS_V3_STEP11_RC0028","added","new_or_modified_since_20260714_premise","d81865a4bf952cbc091171fb52913d34156f4e9c (GitHub transport comparison anchor; not asserted byte-identical to local ZIP baseline)","25b98ec8b59eaff717d1dc3261ff21156ccce7ed","c34ec172d8db953a3b307f5cafeb017bbcfd2243","NLS v3 offline/disconnected evidence or implementation path; does not claim Cycle 001 acceptance, production connection, E4, or Cycle 002."
"MassyuRed/mashos-api","ai/tests/test_emlis_nls_v3_s11_rc0028_e0b_downstream_red.py","NLS_V3_STEP11_RC0028","added","new_or_modified_since_20260714_premise","d81865a4bf952cbc091171fb52913d34156f4e9c (GitHub transport comparison anchor; not asserted byte-identical to local ZIP baseline)","25b98ec8b59eaff717d1dc3261ff21156ccce7ed","c15343124b722bb2b8aae575c1ef4b98dcc700bf","NLS v3 offline/disconnected evidence or implementation path; does not claim Cycle 001 acceptance, production connection, E4, or Cycle 002."
"MassyuRed/mashos-api","ai/tests/test_emlis_nls_v3_s11_rc0028_e1b_information_sufficiency_red.py","NLS_V3_STEP11_RC0028","added","new_or_modified_since_20260714_premise","d81865a4bf952cbc091171fb52913d34156f4e9c (GitHub transport comparison anchor; not asserted byte-identical to local ZIP baseline)","25b98ec8b59eaff717d1dc3261ff21156ccce7ed","237a341f8c1e9404eaf76ceaf111baff7a35dfcb","NLS v3 offline/disconnected evidence or implementation path; does not claim Cycle 001 acceptance, production connection, E4, or Cycle 002."
"MassyuRed/mashos-api","ai/tests/test_emlis_nls_v3_s11_rc0028_e2_downstream_integration.py","NLS_V3_STEP11_RC0028","added","new_or_modified_since_20260714_premise","d81865a4bf952cbc091171fb52913d34156f4e9c (GitHub transport comparison anchor; not asserted byte-identical to local ZIP baseline)","25b98ec8b59eaff717d1dc3261ff21156ccce7ed","09d3ce88b93c0058b5e5241c809ed030c93ab515","NLS v3 offline/disconnected evidence or implementation path; does not claim Cycle 001 acceptance, production connection, E4, or Cycle 002."
"MassyuRed/mashos-api","ai/tests/test_emlis_nls_v3_s11_rc0028_e2_forward_inverse_independence.py","NLS_V3_STEP11_RC0028","added","new_or_modified_since_20260714_premise","d81865a4bf952cbc091171fb52913d34156f4e9c (GitHub transport comparison anchor; not asserted byte-identical to local ZIP baseline)","25b98ec8b59eaff717d1dc3261ff21156ccce7ed","aaf8fd890de735750e8f72a26e76e35706c1c042","NLS v3 offline/disconnected evidence or implementation path; does not claim Cycle 001 acceptance, production connection, E4, or Cycle 002."
"MassyuRed/mashos-api","ai/tests/test_emlis_nls_v3_s11_rc0028_e2_runtime_disconnect.py","NLS_V3_STEP11_RC0028","added","new_or_modified_since_20260714_premise","d81865a4bf952cbc091171fb52913d34156f4e9c (GitHub transport comparison anchor; not asserted byte-identical to local ZIP baseline)","25b98ec8b59eaff717d1dc3261ff21156ccce7ed","f6fb8e6a9884c892d3ebc23deefbf3181fc98052","NLS v3 offline/disconnected evidence or implementation path; does not claim Cycle 001 acceptance, production connection, E4, or Cycle 002."
"MassyuRed/mashos-api","ai/tests/test_emlis_nls_v3_s11_rc0028_e3_representative8.py","NLS_V3_STEP11_RC0028","added","new_or_modified_since_20260714_premise","d81865a4bf952cbc091171fb52913d34156f4e9c (GitHub transport comparison anchor; not asserted byte-identical to local ZIP baseline)","25b98ec8b59eaff717d1dc3261ff21156ccce7ed","b17e57814572ee7acc88dbfeea9183e4817133c0","NLS v3 offline/disconnected evidence or implementation path; does not claim Cycle 001 acceptance, production connection, E4, or Cycle 002."
"MassyuRed/mashos-api","ai/tests/test_emlis_nls_v3_s11_rc0028_e4_frozen100_read_only.py","NLS_V3_STEP11_RC0028","added","new_or_modified_since_20260714_premise","d81865a4bf952cbc091171fb52913d34156f4e9c (GitHub transport comparison anchor; not asserted byte-identical to local ZIP baseline)","25b98ec8b59eaff717d1dc3261ff21156ccce7ed","219153c69dff3e63f22249fb896b03bbfd1d3a1d","NLS v3 offline/disconnected evidence or implementation path; does not claim Cycle 001 acceptance, production connection, E4, or Cycle 002."
"MassyuRed/mashos-api","ai/tests/test_emlis_nls_v3_s11_rc0028_lexical_role_snapshot_red.py","NLS_V3_STEP11_RC0028","added","new_or_modified_since_20260714_premise","d81865a4bf952cbc091171fb52913d34156f4e9c (GitHub transport comparison anchor; not asserted byte-identical to local ZIP baseline)","25b98ec8b59eaff717d1dc3261ff21156ccce7ed","17c2fad2d4d2045d19b70300af90872d8f27e0dc","NLS v3 offline/disconnected evidence or implementation path; does not claim Cycle 001 acceptance, production connection, E4, or Cycle 002."
"MassyuRed/mashos-api","ai/tests/test_emlis_nls_v3_s11_rc0028_rc0027_default_behavior_regression.py","NLS_V3_STEP11_RC0028","added","new_or_modified_since_20260714_premise","d81865a4bf952cbc091171fb52913d34156f4e9c (GitHub transport comparison anchor; not asserted byte-identical to local ZIP baseline)","25b98ec8b59eaff717d1dc3261ff21156ccce7ed","fa9ff602223def0405771a38b138203d674d3085","NLS v3 offline/disconnected evidence or implementation path; does not claim Cycle 001 acceptance, production connection, E4, or Cycle 002."
"MassyuRed/mashos-api","ai/tests/test_emlis_nls_v3_s11_rc0028_successor_authority.py","NLS_V3_STEP11_RC0028","added","new_or_modified_since_20260714_premise","d81865a4bf952cbc091171fb52913d34156f4e9c (GitHub transport comparison anchor; not asserted byte-identical to local ZIP baseline)","25b98ec8b59eaff717d1dc3261ff21156ccce7ed","019e065d27d2e4773a2fc1f3852c517cd09c8c88","NLS v3 offline/disconnected evidence or implementation path; does not claim Cycle 001 acceptance, production connection, E4, or Cycle 002."
"MassyuRed/mashos-api","ai/tests/test_emlis_nls_v3_s11_rc0028_successor_dependency_closure.py","NLS_V3_STEP11_RC0028","added","new_or_modified_since_20260714_premise","d81865a4bf952cbc091171fb52913d34156f4e9c (GitHub transport comparison anchor; not asserted byte-identical to local ZIP baseline)","25b98ec8b59eaff717d1dc3261ff21156ccce7ed","58cbdfbeb31414c8ce19ede2d6e50ad86d43d510","NLS v3 offline/disconnected evidence or implementation path; does not claim Cycle 001 acceptance, production connection, E4, or Cycle 002."
"MassyuRed/mashos-api","ai/tests/test_emlis_nls_v3_s11_rc0028_successor_lexical_role.py","NLS_V3_STEP11_RC0028","added","new_or_modified_since_20260714_premise","d81865a4bf952cbc091171fb52913d34156f4e9c (GitHub transport comparison anchor; not asserted byte-identical to local ZIP baseline)","25b98ec8b59eaff717d1dc3261ff21156ccce7ed","1eb6876aa698fb9a2ecd428391b3d92e63255e7d","NLS v3 offline/disconnected evidence or implementation path; does not claim Cycle 001 acceptance, production connection, E4, or Cycle 002."
"MassyuRed/mashos-api","ai/tests/test_emlis_nls_v3_s11_rc0028_successor_runtime_disconnect.py","NLS_V3_STEP11_RC0028","added","new_or_modified_since_20260714_premise","d81865a4bf952cbc091171fb52913d34156f4e9c (GitHub transport comparison anchor; not asserted byte-identical to local ZIP baseline)","25b98ec8b59eaff717d1dc3261ff21156ccce7ed","bc2c9ea649bd88beecfdc5eff5526d98dac42893","NLS v3 offline/disconnected evidence or implementation path; does not claim Cycle 001 acceptance, production connection, E4, or Cycle 002."
"MassyuRed/mashos-api","ai/tests/test_emlis_nls_v3_s11_rc0028_successor_snapshot.py","NLS_V3_STEP11_RC0028","added","new_or_modified_since_20260714_premise","d81865a4bf952cbc091171fb52913d34156f4e9c (GitHub transport comparison anchor; not asserted byte-identical to local ZIP baseline)","25b98ec8b59eaff717d1dc3261ff21156ccce7ed","8a16cf7cc85c411a4375036b9ea7bed54d4a7a8a","NLS v3 offline/disconnected evidence or implementation path; does not claim Cycle 001 acceptance, production connection, E4, or Cycle 002."
"MassyuRed/mashos-api","ai/tests/test_emlis_nls_v3_s11_rc0028_upstream_lexical_role_red.py","NLS_V3_STEP11_RC0028","added","new_or_modified_since_20260714_premise","d81865a4bf952cbc091171fb52913d34156f4e9c (GitHub transport comparison anchor; not asserted byte-identical to local ZIP baseline)","25b98ec8b59eaff717d1dc3261ff21156ccce7ed","1bf8cab80e9f40ce393d35bb1f7716560294edc0","NLS v3 offline/disconnected evidence or implementation path; does not claim Cycle 001 acceptance, production connection, E4, or Cycle 002."
"MassyuRed/mashos-api","ai/tests/test_emlis_nls_v3_s11_rc0029_dependency_closure.py","NLS_V3_STEP11_RC0029","added","new_or_modified_since_20260714_premise","d81865a4bf952cbc091171fb52913d34156f4e9c (GitHub transport comparison anchor; not asserted byte-identical to local ZIP baseline)","25b98ec8b59eaff717d1dc3261ff21156ccce7ed","b162db8c1269b67f684b3426f25c4273f463bd6d","NLS v3 offline/disconnected evidence or implementation path; does not claim Cycle 001 acceptance, production connection, E4, or Cycle 002."
"MassyuRed/mashos-api","ai/tests/test_emlis_nls_v3_s11_rc0029_e2_integration.py","NLS_V3_STEP11_RC0029","added","new_or_modified_since_20260714_premise","d81865a4bf952cbc091171fb52913d34156f4e9c (GitHub transport comparison anchor; not asserted byte-identical to local ZIP baseline)","25b98ec8b59eaff717d1dc3261ff21156ccce7ed","85d32be830caca2b57672e26c52716ee1558f76d","NLS v3 offline/disconnected evidence or implementation path; does not claim Cycle 001 acceptance, production connection, E4, or Cycle 002."
"MassyuRed/mashos-api","ai/tests/test_emlis_nls_v3_s11_rc0029_e3_representative8.py","NLS_V3_STEP11_RC0029","added","new_or_modified_since_20260714_premise","d81865a4bf952cbc091171fb52913d34156f4e9c (GitHub transport comparison anchor; not asserted byte-identical to local ZIP baseline)","25b98ec8b59eaff717d1dc3261ff21156ccce7ed","1aa68efb2329a85b190bc6393d16d4729405ff2d","NLS v3 offline/disconnected evidence or implementation path; does not claim Cycle 001 acceptance, production connection, E4, or Cycle 002."
"MassyuRed/mashos-api","ai/tests/test_emlis_nls_v3_s11_rc0029_e4_frozen100_read_only.py","NLS_V3_STEP11_RC0029","added","new_or_modified_since_20260714_premise","d81865a4bf952cbc091171fb52913d34156f4e9c (GitHub transport comparison anchor; not asserted byte-identical to local ZIP baseline)","25b98ec8b59eaff717d1dc3261ff21156ccce7ed","517f699d6d97eacaced829106702023c1b3c946e","NLS v3 offline/disconnected evidence or implementation path; does not claim Cycle 001 acceptance, production connection, E4, or Cycle 002."
"MassyuRed/mashos-api","ai/tests/test_emlis_nls_v3_s11_rc0029_forward_inverse_independence.py","NLS_V3_STEP11_RC0029","added","new_or_modified_since_20260714_premise","d81865a4bf952cbc091171fb52913d34156f4e9c (GitHub transport comparison anchor; not asserted byte-identical to local ZIP baseline)","25b98ec8b59eaff717d1dc3261ff21156ccce7ed","170f32803a6a9b5a5fc574b872894f8160716ce1","NLS v3 offline/disconnected evidence or implementation path; does not claim Cycle 001 acceptance, production connection, E4, or Cycle 002."
"MassyuRed/mashos-api","ai/tests/test_emlis_nls_v3_s11_rc0029_predecessor_immutability.py","NLS_V3_STEP11_RC0029","added","new_or_modified_since_20260714_premise","d81865a4bf952cbc091171fb52913d34156f4e9c (GitHub transport comparison anchor; not asserted byte-identical to local ZIP baseline)","25b98ec8b59eaff717d1dc3261ff21156ccce7ed","1866540836b90efb28334d28e94f818fd83006c8","NLS v3 offline/disconnected evidence or implementation path; does not claim Cycle 001 acceptance, production connection, E4, or Cycle 002."
"MassyuRed/mashos-api","ai/tests/test_emlis_nls_v3_s11_rc0029_rc0027_default_behavior_regression.py","NLS_V3_STEP11_RC0029","added","new_or_modified_since_20260714_premise","d81865a4bf952cbc091171fb52913d34156f4e9c (GitHub transport comparison anchor; not asserted byte-identical to local ZIP baseline)","25b98ec8b59eaff717d1dc3261ff21156ccce7ed","21f6e25f7f625de1bbe650d0f3c2aa57e424da4a","NLS v3 offline/disconnected evidence or implementation path; does not claim Cycle 001 acceptance, production connection, E4, or Cycle 002."
"MassyuRed/mashos-api","ai/tests/test_emlis_nls_v3_s11_rc0029_rc0028_experiment_regression.py","NLS_V3_STEP11_RC0029","added","new_or_modified_since_20260714_premise","d81865a4bf952cbc091171fb52913d34156f4e9c (GitHub transport comparison anchor; not asserted byte-identical to local ZIP baseline)","25b98ec8b59eaff717d1dc3261ff21156ccce7ed","8fdb38d0cdfffb5d5d044559a9f7cb9a129675ba","NLS v3 offline/disconnected evidence or implementation path; does not claim Cycle 001 acceptance, production connection, E4, or Cycle 002."
"MassyuRed/mashos-api","ai/tests/test_emlis_nls_v3_s11_rc0029_runtime_disconnect.py","NLS_V3_STEP11_RC0029","added","new_or_modified_since_20260714_premise","d81865a4bf952cbc091171fb52913d34156f4e9c (GitHub transport comparison anchor; not asserted byte-identical to local ZIP baseline)","25b98ec8b59eaff717d1dc3261ff21156ccce7ed","e864754052ed89f0aa91b046a243465956e0ff0e","NLS v3 offline/disconnected evidence or implementation path; does not claim Cycle 001 acceptance, production connection, E4, or Cycle 002."
"MassyuRed/mashos-api","ai/tests/test_emlis_nls_v3_s11_rc0029_surface_repair_mutation.py","NLS_V3_STEP11_RC0029","added","new_or_modified_since_20260714_premise","d81865a4bf952cbc091171fb52913d34156f4e9c (GitHub transport comparison anchor; not asserted byte-identical to local ZIP baseline)","25b98ec8b59eaff717d1dc3261ff21156ccce7ed","7c60ed453b919ce6bd927b6fc6a8048f2dde6a1c","NLS v3 offline/disconnected evidence or implementation path; does not claim Cycle 001 acceptance, production connection, E4, or Cycle 002."
"MassyuRed/mashos-api","ai/tests/test_emlis_nls_v3_s11_rc0029_surface_repair_red.py","NLS_V3_STEP11_RC0029","added","new_or_modified_since_20260714_premise","d81865a4bf952cbc091171fb52913d34156f4e9c (GitHub transport comparison anchor; not asserted byte-identical to local ZIP baseline)","25b98ec8b59eaff717d1dc3261ff21156ccce7ed","9cb0a8f41b2fa1d20a032f6975d07d43d04f8872","NLS v3 offline/disconnected evidence or implementation path; does not claim Cycle 001 acceptance, production connection, E4, or Cycle 002."
"MassyuRed/mashos-api","ai/tests/test_emlis_nls_v3_s11_rc0030_control_non_regression.py","NLS_V3_STEP11_RC0030","added","new_or_modified_since_20260714_premise","d81865a4bf952cbc091171fb52913d34156f4e9c (GitHub transport comparison anchor; not asserted byte-identical to local ZIP baseline)","25b98ec8b59eaff717d1dc3261ff21156ccce7ed","0929ef950e8ae9b81e801ff74a7c55202c08143d","NLS v3 offline/disconnected evidence or implementation path; does not claim Cycle 001 acceptance, production connection, E4, or Cycle 002."
"MassyuRed/mashos-api","ai/tests/test_emlis_nls_v3_s11_rc0030_dependency_closure.py","NLS_V3_STEP11_RC0030","added","new_or_modified_since_20260714_premise","d81865a4bf952cbc091171fb52913d34156f4e9c (GitHub transport comparison anchor; not asserted byte-identical to local ZIP baseline)","25b98ec8b59eaff717d1dc3261ff21156ccce7ed","2689f45aa7f4ac3f57ea735f89c936187113e2b8","NLS v3 offline/disconnected evidence or implementation path; does not claim Cycle 001 acceptance, production connection, E4, or Cycle 002."
"MassyuRed/mashos-api","ai/tests/test_emlis_nls_v3_s11_rc0030_e2_integration.py","NLS_V3_STEP11_RC0030","added","new_or_modified_since_20260714_premise","d81865a4bf952cbc091171fb52913d34156f4e9c (GitHub transport comparison anchor; not asserted byte-identical to local ZIP baseline)","25b98ec8b59eaff717d1dc3261ff21156ccce7ed","27584bcf313055b9899918f0bb58c3302d693f4e","NLS v3 offline/disconnected evidence or implementation path; does not claim Cycle 001 acceptance, production connection, E4, or Cycle 002."
"MassyuRed/mashos-api","ai/tests/test_emlis_nls_v3_s11_rc0030_e3_representative8.py","NLS_V3_STEP11_RC0030","added","new_or_modified_since_20260714_premise","d81865a4bf952cbc091171fb52913d34156f4e9c (GitHub transport comparison anchor; not asserted byte-identical to local ZIP baseline)","25b98ec8b59eaff717d1dc3261ff21156ccce7ed","2207ced862093d9d91d33485fd9976e93d363d8e","NLS v3 offline/disconnected evidence or implementation path; does not claim Cycle 001 acceptance, production connection, E4, or Cycle 002."
"MassyuRed/mashos-api","ai/tests/test_emlis_nls_v3_s11_rc0030_forward_inverse_independence.py","NLS_V3_STEP11_RC0030","added","new_or_modified_since_20260714_premise","d81865a4bf952cbc091171fb52913d34156f4e9c (GitHub transport comparison anchor; not asserted byte-identical to local ZIP baseline)","25b98ec8b59eaff717d1dc3261ff21156ccce7ed","af2be0aa92c6f8fda9cb3da78b9e07f8b96da0fc","NLS v3 offline/disconnected evidence or implementation path; does not claim Cycle 001 acceptance, production connection, E4, or Cycle 002."
"MassyuRed/mashos-api","ai/tests/test_emlis_nls_v3_s11_rc0030_predecessor_behavior_regression.py","NLS_V3_STEP11_RC0030","added","new_or_modified_since_20260714_premise","d81865a4bf952cbc091171fb52913d34156f4e9c (GitHub transport comparison anchor; not asserted byte-identical to local ZIP baseline)","25b98ec8b59eaff717d1dc3261ff21156ccce7ed","4e299a16138138c5d7a48bf89fc13fb75b76c1fb","NLS v3 offline/disconnected evidence or implementation path; does not claim Cycle 001 acceptance, production connection, E4, or Cycle 002."
"MassyuRed/mashos-api","ai/tests/test_emlis_nls_v3_s11_rc0030_predecessor_immutability.py","NLS_V3_STEP11_RC0030","added","new_or_modified_since_20260714_premise","d81865a4bf952cbc091171fb52913d34156f4e9c (GitHub transport comparison anchor; not asserted byte-identical to local ZIP baseline)","25b98ec8b59eaff717d1dc3261ff21156ccce7ed","d58b53f8ae41a73dd0fbfdc94024e8e06a3115cd","NLS v3 offline/disconnected evidence or implementation path; does not claim Cycle 001 acceptance, production connection, E4, or Cycle 002."
"MassyuRed/mashos-api","ai/tests/test_emlis_nls_v3_s11_rc0030_runtime_disconnect.py","NLS_V3_STEP11_RC0030","added","new_or_modified_since_20260714_premise","d81865a4bf952cbc091171fb52913d34156f4e9c (GitHub transport comparison anchor; not asserted byte-identical to local ZIP baseline)","25b98ec8b59eaff717d1dc3261ff21156ccce7ed","d3546126d3bd0683494420c1d3b0a960cc116db8","NLS v3 offline/disconnected evidence or implementation path; does not claim Cycle 001 acceptance, production connection, E4, or Cycle 002."
"MassyuRed/mashos-api","ai/tests/test_emlis_nls_v3_s11_rc0030_surface_planning_mutation.py","NLS_V3_STEP11_RC0030","added","new_or_modified_since_20260714_premise","d81865a4bf952cbc091171fb52913d34156f4e9c (GitHub transport comparison anchor; not asserted byte-identical to local ZIP baseline)","25b98ec8b59eaff717d1dc3261ff21156ccce7ed","fd3c61e931ad358b122cd59f8d9d0c56de68661d","NLS v3 offline/disconnected evidence or implementation path; does not claim Cycle 001 acceptance, production connection, E4, or Cycle 002."
"MassyuRed/mashos-api","ai/tests/test_emlis_nls_v3_s11_rc0030_surface_planning_red.py","NLS_V3_STEP11_RC0030","added","new_or_modified_since_20260714_premise","d81865a4bf952cbc091171fb52913d34156f4e9c (GitHub transport comparison anchor; not asserted byte-identical to local ZIP baseline)","25b98ec8b59eaff717d1dc3261ff21156ccce7ed","daa238136307c23e2096e0cb71f0d367b7fa0792","NLS v3 offline/disconnected evidence or implementation path; does not claim Cycle 001 acceptance, production connection, E4, or Cycle 002."
"MassyuRed/mashos-api","ai/tests/test_emlis_nls_v3_s11_rc_correction_rerun_lineage.py","NLS_V3_STEP11_CYCLE001_CORE","added","new_or_modified_since_20260714_premise","d81865a4bf952cbc091171fb52913d34156f4e9c (GitHub transport comparison anchor; not asserted byte-identical to local ZIP baseline)","25b98ec8b59eaff717d1dc3261ff21156ccce7ed","8a20f18c03bb412b94774546879970ac15f3622a","NLS v3 offline/disconnected evidence or implementation path; does not claim Cycle 001 acceptance, production connection, E4, or Cycle 002."
"MassyuRed/mashos-api","ai/tests/test_emlis_nls_v3_s2_sample_registry.py","NLS_V3_STEP0_10_CORE","added","new_or_modified_since_20260714_premise","d81865a4bf952cbc091171fb52913d34156f4e9c (GitHub transport comparison anchor; not asserted byte-identical to local ZIP baseline)","25b98ec8b59eaff717d1dc3261ff21156ccce7ed","e00db56c4e3890be85fddb390c13557bd2dce19a","NLS v3 offline/disconnected evidence or implementation path; does not claim Cycle 001 acceptance, production connection, E4, or Cycle 002."
"MassyuRed/mashos-api","ai/tests/test_emlis_nls_v3_s3_strict_artifact_contract.py","NLS_V3_STEP0_10_CORE","added","new_or_modified_since_20260714_premise","d81865a4bf952cbc091171fb52913d34156f4e9c (GitHub transport comparison anchor; not asserted byte-identical to local ZIP baseline)","25b98ec8b59eaff717d1dc3261ff21156ccce7ed","2b099ead55f84a26e757519556cd2c4767ee5c49","NLS v3 offline/disconnected evidence or implementation path; does not claim Cycle 001 acceptance, production connection, E4, or Cycle 002."
"MassyuRed/mashos-api","ai/tests/test_emlis_nls_v3_s4_semantic_obligation_inventory.py","NLS_V3_STEP0_10_CORE","added","new_or_modified_since_20260714_premise","d81865a4bf952cbc091171fb52913d34156f4e9c (GitHub transport comparison anchor; not asserted byte-identical to local ZIP baseline)","25b98ec8b59eaff717d1dc3261ff21156ccce7ed","40fd0e0d811b78626f875a69c8bad89b9bf0bdba","NLS v3 offline/disconnected evidence or implementation path; does not claim Cycle 001 acceptance, production connection, E4, or Cycle 002."
"MassyuRed/mashos-api","ai/tests/test_emlis_nls_v3_s5_content_selection_stage_context.py","NLS_V3_STEP0_10_CORE","added","new_or_modified_since_20260714_premise","d81865a4bf952cbc091171fb52913d34156f4e9c (GitHub transport comparison anchor; not asserted byte-identical to local ZIP baseline)","25b98ec8b59eaff717d1dc3261ff21156ccce7ed","fb91c1f6067f75e5aa36d28338711f1c70434e62","NLS v3 offline/disconnected evidence or implementation path; does not claim Cycle 001 acceptance, production connection, E4, or Cycle 002."
"MassyuRed/mashos-api","ai/tests/test_emlis_nls_v3_s6_discourse_graph_planner.py","NLS_V3_STEP0_10_CORE","added","new_or_modified_since_20260714_premise","d81865a4bf952cbc091171fb52913d34156f4e9c (GitHub transport comparison anchor; not asserted byte-identical to local ZIP baseline)","25b98ec8b59eaff717d1dc3261ff21156ccce7ed","0dbf03f6637fd549e0316a858aa752c9285c9471","NLS v3 offline/disconnected evidence or implementation path; does not claim Cycle 001 acceptance, production connection, E4, or Cycle 002."
"MassyuRed/mashos-api","ai/tests/test_emlis_nls_v3_s7_typed_ast_canonical_renderer.py","NLS_V3_STEP0_10_CORE","added","new_or_modified_since_20260714_premise","d81865a4bf952cbc091171fb52913d34156f4e9c (GitHub transport comparison anchor; not asserted byte-identical to local ZIP baseline)","25b98ec8b59eaff717d1dc3261ff21156ccce7ed","4e032cffa5637d58c3894e99ba9f28cbc59b4cc5","NLS v3 offline/disconnected evidence or implementation path; does not claim Cycle 001 acceptance, production connection, E4, or Cycle 002."
"MassyuRed/mashos-api","ai/tests/test_emlis_nls_v3_s8_body_parser_independent_matcher.py","NLS_V3_STEP0_10_CORE","added","new_or_modified_since_20260714_premise","d81865a4bf952cbc091171fb52913d34156f4e9c (GitHub transport comparison anchor; not asserted byte-identical to local ZIP baseline)","25b98ec8b59eaff717d1dc3261ff21156ccce7ed","0adcaad57da080802a96ec53086e050daff808d2","NLS v3 offline/disconnected evidence or implementation path; does not claim Cycle 001 acceptance, production connection, E4, or Cycle 002."
"MassyuRed/mashos-api","ai/tests/test_emlis_nls_v3_s9_hard_gate_selector_recovery.py","NLS_V3_STEP0_10_CORE","added","new_or_modified_since_20260714_premise","d81865a4bf952cbc091171fb52913d34156f4e9c (GitHub transport comparison anchor; not asserted byte-identical to local ZIP baseline)","25b98ec8b59eaff717d1dc3261ff21156ccce7ed","4a3109320b871659f49b4f7bdc58514be5166c50","NLS v3 offline/disconnected evidence or implementation path; does not claim Cycle 001 acceptance, production connection, E4, or Cycle 002."
"MassyuRed/mashos-api","ai/tools/emlis_nls_v3_batch_run.py","NLS_V3_STEP0_10_CORE","added","new_or_modified_since_20260714_premise","d81865a4bf952cbc091171fb52913d34156f4e9c (GitHub transport comparison anchor; not asserted byte-identical to local ZIP baseline)","25b98ec8b59eaff717d1dc3261ff21156ccce7ed","c92b165d3ec277b601641f9028d05ac949221eee","NLS v3 offline/disconnected evidence or implementation path; does not claim Cycle 001 acceptance, production connection, E4, or Cycle 002."
"MassyuRed/mashos-api","ai/tools/emlis_nls_v3_cumulative_regression.py","NLS_V3_STEP0_10_CORE","added","new_or_modified_since_20260714_premise","d81865a4bf952cbc091171fb52913d34156f4e9c (GitHub transport comparison anchor; not asserted byte-identical to local ZIP baseline)","25b98ec8b59eaff717d1dc3261ff21156ccce7ed","2e654b03a193fc8993a5b2597ff3444be445dc82","NLS v3 offline/disconnected evidence or implementation path; does not claim Cycle 001 acceptance, production connection, E4, or Cycle 002."
"MassyuRed/mashos-api","ai/tools/emlis_nls_v3_output_diff.py","NLS_V3_STEP0_10_CORE","added","new_or_modified_since_20260714_premise","d81865a4bf952cbc091171fb52913d34156f4e9c (GitHub transport comparison anchor; not asserted byte-identical to local ZIP baseline)","25b98ec8b59eaff717d1dc3261ff21156ccce7ed","603442fac5dabfe9819e995e14af5d989f70e8c7","NLS v3 offline/disconnected evidence or implementation path; does not claim Cycle 001 acceptance, production connection, E4, or Cycle 002."
"MassyuRed/mashos-api","ai/tools/emlis_nls_v3_rc0028_bounded_experiment.py","NLS_V3_STEP11_RC0028","added","new_or_modified_since_20260714_premise","d81865a4bf952cbc091171fb52913d34156f4e9c (GitHub transport comparison anchor; not asserted byte-identical to local ZIP baseline)","25b98ec8b59eaff717d1dc3261ff21156ccce7ed","db68342ee8427e91747bf69ce2bbf3cdfe3eabd7","NLS v3 offline/disconnected evidence or implementation path; does not claim Cycle 001 acceptance, production connection, E4, or Cycle 002."
"MassyuRed/mashos-api","ai/tools/emlis_nls_v3_rc0028_downstream_experiment_dependency_manifest.py","NLS_V3_STEP11_RC0028","added","new_or_modified_since_20260714_premise","d81865a4bf952cbc091171fb52913d34156f4e9c (GitHub transport comparison anchor; not asserted byte-identical to local ZIP baseline)","25b98ec8b59eaff717d1dc3261ff21156ccce7ed","9aa8ac6eab11a71138fad307d047e77bdab7d429","NLS v3 offline/disconnected evidence or implementation path; does not claim Cycle 001 acceptance, production connection, E4, or Cycle 002."
"MassyuRed/mashos-api","ai/tools/emlis_nls_v3_rc0028_experiment_dependency_manifest.py","NLS_V3_STEP11_RC0028","added","new_or_modified_since_20260714_premise","d81865a4bf952cbc091171fb52913d34156f4e9c (GitHub transport comparison anchor; not asserted byte-identical to local ZIP baseline)","25b98ec8b59eaff717d1dc3261ff21156ccce7ed","4861f88bfe53610ddd8c53d417479be2f906f4a8","NLS v3 offline/disconnected evidence or implementation path; does not claim Cycle 001 acceptance, production connection, E4, or Cycle 002."
"MassyuRed/mashos-api","ai/tools/emlis_nls_v3_rc0029_surface_repair_bounded_experiment.py","NLS_V3_STEP11_RC0029","added","new_or_modified_since_20260714_premise","d81865a4bf952cbc091171fb52913d34156f4e9c (GitHub transport comparison anchor; not asserted byte-identical to local ZIP baseline)","25b98ec8b59eaff717d1dc3261ff21156ccce7ed","13cf46fff94e49afccec61ef8e191b5389baa721","NLS v3 offline/disconnected evidence or implementation path; does not claim Cycle 001 acceptance, production connection, E4, or Cycle 002."
"MassyuRed/mashos-api","ai/tools/emlis_nls_v3_rc0029_surface_repair_dependency_manifest.py","NLS_V3_STEP11_RC0029","added","new_or_modified_since_20260714_premise","d81865a4bf952cbc091171fb52913d34156f4e9c (GitHub transport comparison anchor; not asserted byte-identical to local ZIP baseline)","25b98ec8b59eaff717d1dc3261ff21156ccce7ed","06ccb931e6a4069935f98602f53fa3a703823ee2","NLS v3 offline/disconnected evidence or implementation path; does not claim Cycle 001 acceptance, production connection, E4, or Cycle 002."
"MassyuRed/mashos-api","ai/tools/emlis_nls_v3_rc0030_surface_planning_bounded_experiment.py","NLS_V3_STEP11_RC0030","added","new_or_modified_since_20260714_premise","d81865a4bf952cbc091171fb52913d34156f4e9c (GitHub transport comparison anchor; not asserted byte-identical to local ZIP baseline)","25b98ec8b59eaff717d1dc3261ff21156ccce7ed","9f04713eaca9172850533c75c5623212c5044b13","NLS v3 offline/disconnected evidence or implementation path; does not claim Cycle 001 acceptance, production connection, E4, or Cycle 002."
"MassyuRed/mashos-api","ai/tools/emlis_nls_v3_rc0030_surface_planning_dependency_manifest.py","NLS_V3_STEP11_RC0030","added","new_or_modified_since_20260714_premise","d81865a4bf952cbc091171fb52913d34156f4e9c (GitHub transport comparison anchor; not asserted byte-identical to local ZIP baseline)","25b98ec8b59eaff717d1dc3261ff21156ccce7ed","d4529da058abdfc7ab22d72ea5184dbe8b902736","NLS v3 offline/disconnected evidence or implementation path; does not claim Cycle 001 acceptance, production connection, E4, or Cycle 002."
"MassyuRed/mashos-api","ai/tools/emlis_nls_v3_receipt_verify.py","NLS_V3_STEP0_10_CORE","added","new_or_modified_since_20260714_premise","d81865a4bf952cbc091171fb52913d34156f4e9c (GitHub transport comparison anchor; not asserted byte-identical to local ZIP baseline)","25b98ec8b59eaff717d1dc3261ff21156ccce7ed","ae88e87086bc7d188ed91a3e56f0c2fc3bd03f68","NLS v3 offline/disconnected evidence or implementation path; does not claim Cycle 001 acceptance, production connection, E4, or Cycle 002."
"MassyuRed/mashos-api","ai/tools/emlis_nls_v3_step11_batch_run.py","NLS_V3_STEP11_CYCLE001_CORE","added","new_or_modified_since_20260714_premise","d81865a4bf952cbc091171fb52913d34156f4e9c (GitHub transport comparison anchor; not asserted byte-identical to local ZIP baseline)","25b98ec8b59eaff717d1dc3261ff21156ccce7ed","e84b73946bbd007581352e934674bf2f5c84dc05","NLS v3 offline/disconnected evidence or implementation path; does not claim Cycle 001 acceptance, production connection, E4, or Cycle 002."
"MassyuRed/mashos-api","ai/tools/emlis_nls_v3_step11_cycle_finalize.py","NLS_V3_STEP11_CYCLE001_CORE","added","new_or_modified_since_20260714_premise","d81865a4bf952cbc091171fb52913d34156f4e9c (GitHub transport comparison anchor; not asserted byte-identical to local ZIP baseline)","25b98ec8b59eaff717d1dc3261ff21156ccce7ed","f5e628f2063d7623c3172da7323c367bacd88e05","NLS v3 offline/disconnected evidence or implementation path; does not claim Cycle 001 acceptance, production connection, E4, or Cycle 002."
"MassyuRed/mashos-api","ai/tools/emlis_nls_v3_step11_dependency_manifest.py","NLS_V3_STEP11_CYCLE001_CORE","added","new_or_modified_since_20260714_premise","d81865a4bf952cbc091171fb52913d34156f4e9c (GitHub transport comparison anchor; not asserted byte-identical to local ZIP baseline)","25b98ec8b59eaff717d1dc3261ff21156ccce7ed","3231ef10ea872c0aeddc81f88b5bb8d60972f4a4","NLS v3 offline/disconnected evidence or implementation path; does not claim Cycle 001 acceptance, production connection, E4, or Cycle 002."
"MassyuRed/mashos-api","ai/tools/emlis_nls_v3_step11_regression.py","NLS_V3_STEP11_CYCLE001_CORE","added","new_or_modified_since_20260714_premise","d81865a4bf952cbc091171fb52913d34156f4e9c (GitHub transport comparison anchor; not asserted byte-identical to local ZIP baseline)","25b98ec8b59eaff717d1dc3261ff21156ccce7ed","54ab3fbbfd9b459e1936b0637a0c51a8c482fe53","NLS v3 offline/disconnected evidence or implementation path; does not claim Cycle 001 acceptance, production connection, E4, or Cycle 002."

